#VRML V2.0 utf8
# 3D model generated by kicad-lcsc-manager
# Based on easyeda2kicad.py v1.0.1

Shape{
    appearance Appearance {
        material  Material {
            diffuseColor 0.6666666666666666 0.6980392156862745 0.7686274509803922
            specularColor 0.3333333333333333 0.34901960784313724 0.3843137254901961
            ambientIntensity 0.6967
            transparency 0.0
            shininess 0.5
        }
    }
    geometry IndexedFaceSet {
        ccw TRUE
        solid FALSE
        coord DEF co Coordinate {
            point [
                0.502 4.4705 -0.0079, 0.502 4.1876 -0.0079, 0.2658 4.4705 -0.0079, 0.2658 4.1876 -0.0079, 0.502 4.4705 0.0315, 0.2658 4.4705 0.0315, 0.502 4.1876 0.0315, 0.2658 4.1876 0.0315, 0.502 4.1218 0.3514, 0.2658 4.1218 0.3514, 0.2658 4.1162 0.3685, 0.502 4.1162 0.3685, 0.2658 4.107 0.3838, 0.502 4.107 0.3838, 0.2658 4.0945 0.3966, 0.502 4.0945 0.3966, 0.2658 4.0794 0.4063, 0.502 4.0794 0.4063, 0.2658 4.0625 0.4123, 0.502 4.0625 0.4123, 0.2658 4.0447 0.4143, 0.502 4.0447 0.4143, 0.502 2.275 0.4143, 0.2658 2.275 0.4143, 0.502 2.2694 0.4147, 0.2658 2.2694 0.4147, 0.502 1.5107 0.5239, 0.2658 1.5107 0.5239, 0.2658 1.486 0.5249, 0.502 1.486 0.5249, 0.2658 1.4617 0.5207, 0.502 1.4617 0.5207, 0.2658 1.4387 0.5115, 0.502 1.4387 0.5115, 0.502 1.031 0.2963, 0.2658 1.031 0.2963, 0.502 1.0494 0.2615, 0.2658 1.0494 0.2615, 0.502 1.4571 0.4767, 0.2658 1.4571 0.4767, 0.502 1.4724 0.4828, 0.2658 1.4724 0.4828, 0.502 1.4886 0.4856, 0.2658 1.4886 0.4856, 0.502 1.5051 0.485, 0.2658 1.5051 0.485, 0.502 2.2638 0.3758, 0.2658 2.2638 0.3758, 0.2658 2.275 0.375, 0.502 2.275 0.375, 0.502 4.0447 0.375, 0.2658 4.0447 0.375, 0.502 4.0536 0.3739, 0.2658 4.0536 0.3739, 0.502 4.062 0.3709, 0.2658 4.062 0.3709, 0.502 4.0696 0.3661, 0.2658 4.0696 0.3661, 0.502 4.0758 0.3597, 0.2658 4.0758 0.3597, 0.502 4.0805 0.352, 0.2658 4.0805 0.352, 0.502 4.0833 0.3435, 0.2658 4.0833 0.3435, 0.502 4.1491 0.0236, 0.2658 4.1491 0.0236, 0.2658 4.1519 0.0151, 0.502 4.1519 0.0151, 0.2658 4.1565 0.0074, 0.502 4.1565 0.0074, 0.2658 4.1628 0.001, 0.502 4.1628 0.001, 0.2658 4.1703 -0.0039, 0.502 4.1703 -0.0039, 0.2658 4.1787 -0.0069, 0.502 4.1787 -0.0069, 3.7655 4.4705 -0.0079, 3.7655 4.1876 -0.0079, 3.5293 4.4705 -0.0079, 3.5293 4.1876 -0.0079, 3.7655 4.4705 0.0315, 3.5293 4.4705 0.0315, 3.7655 4.1876 0.0315, 3.5293 4.1876 0.0315, 3.7655 4.1218 0.3512, 3.5293 4.1218 0.3512, 3.5293 4.1162 0.3682, 3.7655 4.1162 0.3682, 3.5293 4.107 0.3835, 3.7655 4.107 0.3835, 3.5293 4.0945 0.3963, 3.7655 4.0945 0.3963, 3.5293 4.0794 0.406, 3.7655 4.0794 0.406, 3.5293 4.0626 0.412, 3.7655 4.0626 0.412, 3.5293 4.0448 0.414, 3.7655 4.0448 0.414, 3.7655 2.2614 0.4156, 3.5293 2.2614 0.4156, 3.7655 0.5807 0.5881, 3.5293 0.5807 0.5881, 3.5293 0.5595 0.5884, 3.7655 0.5595 0.5884, 3.5293 0.5387 0.5849, 3.7655 0.5387 0.5849, 3.5293 0.5188 0.5777, 3.7655 0.5188 0.5777, 3.7655 -0.0877 0.2959, 3.5293 -0.0877 0.2959, 3.7655 -0.0711 0.2602, 3.5293 -0.0711 0.2602, 3.7655 0.5354 0.542, 3.5293 0.5354 0.542, 3.7655 0.5487 0.5468, 3.5293 0.5487 0.5468, 3.7655 0.5626 0.5491, 3.5293 0.5626 0.5491, 3.7655 0.5766 0.5489, 3.5293 0.5766 0.5489, 3.7655 2.2574 0.3764, 3.5293 2.2574 0.3764, 3.5293 2.2614 0.3762, 3.7655 2.2614 0.3762, 3.7655 4.0447 0.3747, 3.5293 4.0447 0.3747, 3.7655 4.0536 0.3737, 3.5293 4.0536 0.3737, 3.7655 4.0621 0.3706, 3.5293 4.0621 0.3706, 3.7655 4.0696 0.3658, 3.5293 4.0696 0.3658, 3.7655 4.0758 0.3594, 3.5293 4.0758 0.3594, 3.7655 4.0805 0.3517, 3.5293 4.0805 0.3517, 3.7655 4.0833 0.3432, 3.5293 4.0833 0.3432, 3.7655 4.1491 0.0236, 3.5293 4.1491 0.0236, 3.5293 4.1519 0.015, 3.7655 4.1519 0.015, 3.5293 4.1565 0.0074, 3.7655 4.1565 0.0074, 3.5293 4.1628 0.001, 3.7655 4.1628 0.001, 3.5293 4.1703 -0.0039, 3.7655 4.1703 -0.0039, 3.5293 4.1787 -0.0069, 3.7655 4.1787 -0.0069, 1.1516 4.4705 -0.0079, 1.1516 4.1876 -0.0079, 0.9154 4.4705 -0.0079, 0.9154 4.1876 -0.0079, 1.1516 4.4705 0.0315, 0.9154 4.4705 0.0315, 1.1516 4.1876 0.0315, 0.9154 4.1876 0.0315, 1.1516 4.1218 0.3514, 0.9154 4.1218 0.3514, 0.9154 4.1162 0.3685, 1.1516 4.1162 0.3685, 0.9154 4.107 0.3838, 1.1516 4.107 0.3838, 0.9154 4.0945 0.3966, 1.1516 4.0945 0.3966, 0.9154 4.0794 0.4063, 1.1516 4.0794 0.4063, 0.9154 4.0625 0.4123, 1.1516 4.0625 0.4123, 0.9154 4.0447 0.4143, 1.1516 4.0447 0.4143, 1.1516 2.275 0.4143, 0.9154 2.275 0.4143, 1.1516 2.2694 0.4147, 0.9154 2.2694 0.4147, 1.1516 1.5107 0.5239, 0.9154 1.5107 0.5239, 0.9154 1.486 0.5249, 1.1516 1.486 0.5249, 0.9154 1.4617 0.5207, 1.1516 1.4617 0.5207, 0.9154 1.4387 0.5115, 1.1516 1.4387 0.5115, 1.1516 1.031 0.2963, 0.9154 1.031 0.2963, 1.1516 1.0494 0.2615, 0.9154 1.0494 0.2615, 1.1516 1.4571 0.4767, 0.9154 1.4571 0.4767, 1.1516 1.4724 0.4828, 0.9154 1.4724 0.4828, 1.1516 1.4886 0.4856, 0.9154 1.4886 0.4856, 1.1516 1.5051 0.485, 0.9154 1.5051 0.485, 1.1516 2.2638 0.3758, 0.9154 2.2638 0.3758, 0.9154 2.275 0.375, 1.1516 2.275 0.375, 1.1516 4.0447 0.375, 0.9154 4.0447 0.375, 1.1516 4.0536 0.3739, 0.9154 4.0536 0.3739, 1.1516 4.062 0.3709, 0.9154 4.062 0.3709, 1.1516 4.0696 0.3661, 0.9154 4.0696 0.3661, 1.1516 4.0758 0.3597, 0.9154 4.0758 0.3597, 1.1516 4.0805 0.352, 0.9154 4.0805 0.352, 1.1516 4.0833 0.3435, 0.9154 4.0833 0.3435, 1.1516 4.1491 0.0236, 0.9154 4.1491 0.0236, 0.9154 4.1519 0.0151, 1.1516 4.1519 0.0151, 0.9154 4.1565 0.0074, 1.1516 4.1565 0.0074, 0.9154 4.1628 0.001, 1.1516 4.1628 0.001, 0.9154 4.1703 -0.0039, 1.1516 4.1703 -0.0039, 0.9154 4.1787 -0.0069, 1.1516 4.1787 -0.0069, 1.8012 4.4705 -0.0079, 1.8012 4.1876 -0.0079, 1.565 4.4705 -0.0079, 1.565 4.1876 -0.0079, 1.8012 4.4705 0.0315, 1.565 4.4705 0.0315, 1.8012 4.1876 0.0315, 1.565 4.1876 0.0315, 1.8012 4.1218 0.3514, 1.565 4.1218 0.3514, 1.565 4.1162 0.3685, 1.8012 4.1162 0.3685, 1.565 4.107 0.3838, 1.8012 4.107 0.3838, 1.565 4.0945 0.3966, 1.8012 4.0945 0.3966, 1.565 4.0794 0.4063, 1.8012 4.0794 0.4063, 1.565 4.0625 0.4123, 1.8012 4.0625 0.4123, 1.565 4.0447 0.4143, 1.8012 4.0447 0.4143, 1.8012 2.275 0.4143, 1.565 2.275 0.4143, 1.8012 2.2694 0.4147, 1.565 2.2694 0.4147, 1.8012 1.5107 0.5239, 1.565 1.5107 0.5239, 1.565 1.486 0.5249, 1.8012 1.486 0.5249, 1.565 1.4617 0.5207, 1.8012 1.4617 0.5207, 1.565 1.4387 0.5115, 1.8012 1.4387 0.5115, 1.8012 1.031 0.2963, 1.565 1.031 0.2963, 1.8012 1.0494 0.2615, 1.565 1.0494 0.2615, 1.8012 1.4571 0.4767, 1.565 1.4571 0.4767, 1.8012 1.4724 0.4828, 1.565 1.4724 0.4828, 1.8012 1.4886 0.4856, 1.565 1.4886 0.4856, 1.8012 1.5051 0.485, 1.565 1.5051 0.485, 1.8012 2.2638 0.3758, 1.565 2.2638 0.3758, 1.565 2.275 0.375, 1.8012 2.275 0.375, 1.8012 4.0447 0.375, 1.565 4.0447 0.375, 1.8012 4.0536 0.3739, 1.565 4.0536 0.3739, 1.8012 4.062 0.3709, 1.565 4.062 0.3709, 1.8012 4.0696 0.3661, 1.565 4.0696 0.3661, 1.8012 4.0758 0.3597, 1.565 4.0758 0.3597, 1.8012 4.0805 0.352, 1.565 4.0805 0.352, 1.8012 4.0833 0.3435, 1.565 4.0833 0.3435, 1.8012 4.1491 0.0236, 1.565 4.1491 0.0236, 1.565 4.1519 0.0151, 1.8012 4.1519 0.0151, 1.565 4.1565 0.0074, 1.8012 4.1565 0.0074, 1.565 4.1628 0.001, 1.8012 4.1628 0.001, 1.565 4.1703 -0.0039, 1.8012 4.1703 -0.0039, 1.565 4.1787 -0.0069, 1.8012 4.1787 -0.0069, 5.7323 4.0768 -0.0276, 5.7323 1.7933 -0.0276, 5.7087 4.0768 -0.0276, 5.7323 -0.4901 -0.0276, 5.7087 -3.6018 -0.0276, 5.7323 -2.7736 -0.0276, 5.7323 -3.6018 -0.0276, -5.4567 -4.6469 -0.0276, -5.4331 -4.6469 -0.0276, -5.4567 -5.0571 -0.0276, -5.4331 -7.3405 -0.0276, -5.4567 -7.3405 -0.0276, 5.6179 -3.4637 0.8253, 5.6179 -3.9193 0.8253, 5.6179 -3.4637 0.7859, 5.6179 -3.9193 0.7859, 4.7004 -0.3797 1.1417, 4.7004 -0.3797 1.1024, 4.7518 -0.3797 1.1417, 4.7518 -0.3797 1.1024, -5.4567 4.0768 -0.0276, -5.4609 4.0768 -0.0239, -5.4331 4.0768 -0.0276, -5.4672 4.0768 -0.0157, -3.665 4.0768 1.1417, -3.665 4.0768 1.1024, -5.3937 4.0768 1.1417, -5.3937 4.0768 1.1024, -5.4141 4.0768 1.139, -5.4039 4.0768 1.101, -5.4331 4.0768 1.1312, -5.4134 4.0768 1.0971, -5.4494 4.0768 1.1187, -5.4215 4.0768 1.0908, -5.4619 4.0768 1.1024, -5.4278 4.0768 1.0827, -5.4698 4.0768 1.0834, -5.4317 4.0768 1.0732, -5.4724 4.0768 1.063, -5.4331 4.0768 1.063, -5.4724 4.0768 0.0039, -5.4711 4.0768 -0.0063, 5.1575 -5.746 1.1024, 5.1575 -5.746 1.1417, 5.1575 -5.8883 1.1024, 5.1575 -5.8883 1.1417, -4.8819 -7.124 1.1024, -4.8819 -7.124 1.1417, -4.8819 -6.9306 1.1024, -4.8819 -6.9306 1.1417, 5.6693 -5.746 1.1024, 5.6693 -4.2143 1.1024, 5.6795 -5.746 1.101, 5.6795 -4.2143 1.101, 5.689 -5.746 1.0971, 5.689 -4.2143 1.0971, 5.6971 -5.746 1.0908, 5.6971 -4.2143 1.0908, 5.7034 -5.746 1.0827, 5.7034 -4.2143 1.0827, 5.7073 -5.746 1.0732, 5.7073 -4.2143 1.0732, 5.7087 -5.746 1.063, 5.7087 -4.2143 1.063, 5.748 -5.746 1.063, 5.748 -4.2143 1.063, 5.7454 -4.2143 1.0834, 5.7454 -5.746 1.0834, 5.7375 -4.2143 1.1024, 5.7375 -5.746 1.1024, 5.725 -4.2143 1.1187, 5.725 -5.746 1.1187, 5.7087 -4.2143 1.1312, 5.7087 -5.746 1.1312, 5.6897 -4.2143 1.139, 5.6897 -5.746 1.139, 5.6693 -4.2143 1.1417, 5.6693 -5.746 1.1417, -5.4711 -7.3405 -0.0063, -5.4672 -7.3405 -0.0157, -5.4609 -7.3405 -0.0239, -4.9975 -7.3405 1.1024, -4.9975 -7.3405 1.1417, -5.3937 -7.3405 1.1024, -5.3937 -7.3405 1.1417, -5.4039 -7.3405 1.101, -5.4141 -7.3405 1.139, -5.4134 -7.3405 1.0971, -5.4331 -7.3405 1.1312, -5.4215 -7.3405 1.0908, -5.4494 -7.3405 1.1187, -5.4278 -7.3405 1.0827, -5.4619 -7.3405 1.1024, -5.4317 -7.3405 1.0732, -5.4698 -7.3405 1.0834, -5.4331 -7.3405 1.063, -5.4724 -7.3405 1.063, -5.4724 -7.3405 0.0039, 5.7087 -1.738 0.3508, 5.7087 -2.6372 0.3508, 5.7087 -7.3405 1.063, 5.7087 -7.124 1.063, 5.7087 -7.3405 -0.0276, 5.7087 -7.124 0.3508, 5.7087 -5.746 0.3508, 5.7087 -4.2143 1.0236, 5.7087 4.0768 1.063, 5.7087 3.3802 0.78, 5.7087 2.4809 0.78, 5.7087 -0.3797 1.0236, 5.7087 -2.6372 0.78, 5.7087 -1.738 0.78, 5.7087 3.3802 0.3508, 5.7087 2.4809 0.3508, 5.7087 -0.3797 1.063, 5.7087 -3.6018 0.0039, 5.7087 -4.1924 0.0039, 5.7087 -4.1924 -0.0276, 5.6693 -7.3405 1.1024, 5.6693 -7.124 1.1024, 5.6795 -7.3405 1.101, 5.6795 -7.124 1.101, 5.689 -7.3405 1.0971, 5.689 -7.124 1.0971, 5.6971 -7.3405 1.0908, 5.6971 -7.124 1.0908, 5.7034 -7.3405 1.0827, 5.7034 -7.124 1.0827, 5.7073 -7.3405 1.0732, 5.7073 -7.124 1.0732, 5.6693 -0.3797 1.1024, 5.6693 4.0768 1.1024, 5.6795 -0.3797 1.101, 5.6795 4.0768 1.101, 5.689 -0.3797 1.0971, 5.689 4.0768 1.0971, 5.6971 -0.3797 1.0908, 5.6971 4.0768 1.0908, 5.7034 -0.3797 1.0827, 5.7034 4.0768 1.0827, 5.7073 -0.3797 1.0732, 5.7073 4.0768 1.0732, -5.3937 -5.746 1.1024, -5.3937 -1.5189 1.1024, -4.8819 -5.746 1.1024, -5.2756 -1.5189 1.1024, -4.7553 0.9681 1.1024, -4.7719 0.9622 1.1024, -4.7868 0.9529 1.1024, -4.7993 0.9404 1.1024, 4.6663 -4.2065 1.1024, 4.6829 -4.2123 1.1024, 4.7004 -4.2143 1.1024, -5.3937 -7.124 1.1024, -4.8552 -7.3231 1.1024, -4.8087 0.9255 1.1024, -4.8145 0.9088 1.1024, -4.8165 0.8913 1.1024, 4.6237 -4.1531 1.1024, 4.6295 -4.1697 1.1024, 4.6389 -4.1847 1.1024, 4.6514 -4.1971 1.1024, -4.7719 -1.4865 1.1024, -4.7553 -1.4923 1.1024, -4.7377 -1.4943 1.1024, -4.8145 -1.4331 1.1024, -4.8087 -1.4497 1.1024, -4.7993 -1.4647 1.1024, -4.7868 -1.4771 1.1024, -4.4862 -1.4943 1.1024, -4.4687 -1.4923 1.1024, -4.452 -1.4865 1.1024, -4.4371 -1.4771 1.1024, -4.4246 -1.4647 1.1024, 5.6179 -0.3797 1.1024, 4.6829 -0.3817 1.1024, 4.6663 -0.3875 1.1024, 4.6514 -0.3969 1.1024, 4.6389 -0.4094 1.1024, 4.6295 -0.4243 1.1024, 4.6237 -0.441 1.1024, -0.1572 -4.7809 1.1024, -0.796 -4.8198 1.1024, 5.6179 -0.9596 1.1024, 4.7518 -0.9596 1.1024, 2.8509 -5.7247 1.1024, 2.3044 -5.3917 1.1024, 4.1516 4.0768 1.1024, -4.4246 0.9404 1.1024, -4.4371 0.9529 1.1024, -4.452 0.9622 1.1024, -4.4687 0.9681 1.1024, -4.4862 0.97 1.1024, -4.7377 0.97 1.1024, -5.3937 0.9745 1.1024, -5.2756 0.9745 1.1024, -4.8165 -1.4156 1.1024, -4.4153 -1.4497 1.1024, -4.4094 -1.4331 1.1024, -4.4075 -1.4156 1.1024, -4.4075 0.8913 1.1024, -4.4094 0.9088 1.1024, -4.4153 0.9255 1.1024, 4.6217 -0.4585 1.1024, 1.1109 -4.9359 1.1024, 0.4816 -4.8198 1.1024, 1.7215 -5.1275 1.1024, 4.6217 -4.1356 1.1024, 4.407 -7.272 1.1024, 4.2894 -7.1902 1.1024, 5.1575 -6.9306 1.1024, 4.195 -7.0824 1.1024, 3.8032 -6.5763 1.1024, 3.353 -6.1215 1.1024, -2.6188 -5.3917 1.1024, -2.036 -5.1275 1.1024, -1.4253 -4.9359 1.1024, -4.6038 -7.1902 1.1024, -4.7214 -7.272 1.1024, -3.1653 -5.7247 1.1024, -3.6674 -6.1215 1.1024, -4.8819 -5.8883 1.1024, -4.1176 -6.5763 1.1024, -4.5094 -7.0824 1.1024, 5.1575 -7.124 1.1024, 4.6831 -7.3405 1.1024, 4.5408 -7.3231 1.1024, -5.3937 0.9745 1.1417, -5.2756 0.9745 1.1417, -5.3937 -1.5189 1.1417, -5.3937 -5.746 1.1417, -5.2756 -1.5189 1.1417, -4.8819 -5.746 1.1417, -5.1637 -5.8883 1.1417, -5.1637 -6.9306 1.1417, -4.5094 -7.0824 1.1417, -4.1176 -6.5763 1.1417, 4.7004 -4.2143 1.1417, 4.6829 -4.2123 1.1417, 4.6663 -4.2065 1.1417, 4.6514 -4.1971 1.1417, 4.6389 -4.1847 1.1417, 4.6295 -4.1697 1.1417, -4.4075 0.8913 1.1417, 4.6237 -4.1531 1.1417, 4.6217 -4.1356 1.1417, 4.6217 -0.4585 1.1417, 4.6237 -0.441 1.1417, 4.6295 -0.4243 1.1417, 4.6389 -0.4094 1.1417, 4.6514 -0.3969 1.1417, 4.6663 -0.3875 1.1417, 4.6829 -0.3817 1.1417, -4.4687 -1.4923 1.1417, -4.452 -1.4865 1.1417, -4.4371 -1.4771 1.1417, 5.1575 -6.9306 1.1417, 5.4393 -5.8883 1.1417, 5.4393 -6.9306 1.1417, -5.3937 -7.124 1.1417, -4.4094 -1.4331 1.1417, -4.4153 -1.4497 1.1417, -4.4246 -1.4647 1.1417, -4.4862 -1.4943 1.1417, -4.7377 -1.4943 1.1417, -4.7553 -1.4923 1.1417, -4.7553 0.9681 1.1417, -4.7377 0.97 1.1417, -4.4862 0.97 1.1417, -4.4687 0.9681 1.1417, -4.452 0.9622 1.1417, -4.4371 0.9529 1.1417, 4.1516 4.0768 1.1417, -4.4246 0.9404 1.1417, 5.6693 4.0768 1.1417, -0.796 -4.8198 1.1417, -0.1572 -4.7809 1.1417, -4.8552 -7.3231 1.1417, -4.7214 -7.272 1.1417, -4.6038 -7.1902 1.1417, 4.7518 -0.9596 1.1417, 5.6179 -0.9596 1.1417, 5.6179 -0.3797 1.1417, 5.6693 -0.3797 1.1417, -4.4094 0.9088 1.1417, -4.4153 0.9255 1.1417, -4.7719 -1.4865 1.1417, -4.7868 -1.4771 1.1417, -4.7993 -1.4647 1.1417, -4.8087 -1.4497 1.1417, -4.7868 0.9529 1.1417, -4.7719 0.9622 1.1417, -2.6188 -5.3917 1.1417, -4.4075 -1.4156 1.1417, -2.036 -5.1275 1.1417, -1.4253 -4.9359 1.1417, 0.4816 -4.8198 1.1417, 1.1109 -4.9359 1.1417, 1.7215 -5.1275 1.1417, 3.8032 -6.5763 1.1417, 4.195 -7.0824 1.1417, 4.2894 -7.1902 1.1417, -4.8819 -5.8883 1.1417, -3.6674 -6.1215 1.1417, -3.1653 -5.7247 1.1417, -4.8145 0.9088 1.1417, -4.8087 0.9255 1.1417, -4.7993 0.9404 1.1417, 2.3044 -5.3917 1.1417, 2.8509 -5.7247 1.1417, 3.353 -6.1215 1.1417, 5.6693 -7.3405 1.1417, 5.6693 -7.124 1.1417, 4.6831 -7.3405 1.1417, 5.1575 -7.124 1.1417, 4.5408 -7.3231 1.1417, 4.407 -7.272 1.1417, -4.8145 -1.4331 1.1417, -4.8165 -1.4156 1.1417, -4.8165 0.8913 1.1417, 5.748 -7.3405 1.063, 5.748 -7.124 1.063, 5.7454 -7.124 1.0834, 5.7454 -7.3405 1.0834, 5.7375 -7.124 1.1024, 5.7375 -7.3405 1.1024, 5.725 -7.124 1.1187, 5.725 -7.3405 1.1187, 5.7087 -7.124 1.1312, 5.7087 -7.3405 1.1312, 5.6897 -7.124 1.139, 5.6897 -7.3405 1.139, 5.748 -0.3797 1.063, 5.748 4.0768 1.063, 5.7454 4.0768 1.0834, 5.7454 -0.3797 1.0834, 5.7375 4.0768 1.1024, 5.7375 -0.3797 1.1024, 5.725 4.0768 1.1187, 5.725 -0.3797 1.1187, 5.7087 4.0768 1.1312, 5.7087 -0.3797 1.1312, 5.6897 4.0768 1.139, 5.6897 -0.3797 1.139, 5.748 1.7933 0.0039, 5.748 2.4809 0.3508, 5.748 2.4809 0.78, 5.748 -2.6372 0.3508, 5.748 -2.6372 0.78, 5.748 -7.124 0.3508, 5.748 -7.3405 0.0039, 5.748 -5.746 0.3508, 5.748 -5.0571 0.0039, 5.748 3.3802 0.3508, 5.748 4.0768 0.0039, 5.748 3.3802 0.78, 5.748 -0.3797 1.0236, 5.748 -0.4901 0.0039, 5.748 -4.2143 1.0236, 5.748 -1.738 0.78, 5.748 -1.738 0.3508, 5.748 -2.7736 0.0039, -5.4331 -5.746 1.063, -5.4331 -1.5189 1.063, -5.4317 -5.746 1.0732, -5.4317 -1.5189 1.0732, -5.4278 -5.746 1.0827, -5.4278 -1.5189 1.0827, -5.4215 -5.746 1.0908, -5.4215 -1.5189 1.0908, -5.4134 -5.746 1.0971, -5.4134 -1.5189 1.0971, -5.4039 -5.746 1.101, -5.4039 -1.5189 1.101, -5.4141 -1.5189 1.139, -5.4141 -5.746 1.139, -5.4331 -1.5189 1.1312, -5.4331 -5.746 1.1312, -5.4494 -1.5189 1.1187, -5.4494 -5.746 1.1187, -5.4619 -1.5189 1.1024, -5.4619 -5.746 1.1024, -5.4698 -1.5189 1.0834, -5.4698 -5.746 1.0834, -5.4724 -1.5189 1.063, -5.4724 -5.746 1.063, -5.4218 0.9745 1.0906, -5.4218 -1.427 1.0906, -5.4278 -1.427 1.0827, -5.4039 0.9745 1.101, -5.4134 0.9745 1.0971, -5.4215 0.9745 1.0908, -5.4331 -1.427 1.063, -5.4317 -1.427 1.0732, -5.4141 0.9745 1.139, -5.4331 0.9745 1.1312, -5.4494 0.9745 1.1187, -5.4619 0.9745 1.1024, -5.4698 -1.427 1.0834, -5.4675 -1.427 1.0906, -5.4675 0.9745 1.0906, -5.4724 -1.427 1.063, 5.7467 4.0768 -0.0063, 5.7428 4.0768 -0.0157, 5.7365 4.0768 -0.0239, 5.7323 -7.3405 -0.0276, 5.7323 -5.0571 -0.0276, 5.7323 -4.1924 -0.0276, -5.4331 -7.124 1.063, -5.4317 -7.124 1.0732, -5.4278 -7.124 1.0827, -5.4215 -7.124 1.0908, -5.4134 -7.124 1.0971, -5.4039 -7.124 1.101, -5.4331 -2.6372 0.78, -5.4331 -4.0564 0.0039, -5.4331 -2.6372 0.3508, -5.4331 -4.0564 -0.0276, -5.4331 -1.738 0.3508, -5.4331 2.4809 0.3508, -5.4331 3.3802 0.3508, -5.4331 -7.124 0.3508, -5.4331 -5.746 0.3508, -5.4331 -4.6469 0.0039, -5.4331 -1.427 0.6471, -5.4331 0.9745 0.6471, -5.4331 3.3802 0.78, -5.4331 2.4809 0.78, -5.4331 -1.738 0.78, -5.4331 -1.5189 0.4836, -5.4331 0.9745 0.4836, -5.4567 -4.0564 -0.0276, -5.4567 -2.7736 -0.0276, -5.4567 -0.4901 -0.0276, -5.4567 1.7933 -0.0276, -5.4724 0.9745 0.6471, -5.4724 -1.427 0.6471, -5.4724 -7.124 1.063, -5.4724 -7.124 0.3508, -5.4724 -5.0571 0.0039, -5.4724 -1.5189 0.4836, -5.4724 -1.738 0.78, -5.4724 -2.6372 0.78, -5.4724 -2.6372 0.3508, -5.4724 -1.738 0.3508, -5.4724 -0.4901 0.0039, -5.4724 -2.7736 0.0039, -5.4724 -5.746 0.3508, -5.4724 1.7933 0.0039, -5.4724 0.9745 0.4836, -5.4724 2.4809 0.78, -5.4724 2.4809 0.3508, -5.4724 3.3802 0.3508, -5.4724 3.3802 0.78, -5.4141 -7.124 1.139, -5.4331 -7.124 1.1312, -5.4494 -7.124 1.1187, -5.4619 -7.124 1.1024, -5.4698 -7.124 1.0834, 5.7365 -7.3405 -0.0239, 5.7428 -7.3405 -0.0157, 5.7467 -7.3405 -0.0063, -4.8819 -6.9306 0.9449, -4.8819 -5.8883 0.9449, -5.2424 -6.9306 0.9449, -5.2424 -6.9306 1.063, -5.2397 -6.9306 1.0834, -5.2319 -6.9306 1.1024, -5.1841 -6.9306 1.139, -5.203 -6.9306 1.1312, -5.2194 -6.9306 1.1187, -5.2424 -5.8883 1.063, -5.2424 -5.8883 0.9449, -5.2397 -5.8883 1.0834, -5.2319 -5.8883 1.1024, -5.2194 -5.8883 1.1187, -5.203 -5.8883 1.1312, -5.1841 -5.8883 1.139, 5.1575 -5.8883 0.9449, 5.1575 -6.9306 0.9449, 5.518 -5.8883 0.9449, 5.518 -5.8883 1.063, 5.5153 -5.8883 1.0834, 5.5075 -5.8883 1.1024, 5.4597 -5.8883 1.139, 5.4786 -5.8883 1.1312, 5.495 -5.8883 1.1187, 5.518 -6.9306 1.063, 5.518 -6.9306 0.9449, 5.5153 -6.9306 1.0834, 5.5075 -6.9306 1.1024, 5.495 -6.9306 1.1187, 5.4786 -6.9306 1.1312, 5.4597 -6.9306 1.139, -3.665 4.0768 0.6972, 4.1516 4.0768 0.6972, -3.665 4.1162 0.6972, -3.665 4.1162 1.1024, -3.665 4.1148 1.1126, -3.665 4.087 1.1404, -3.665 4.0965 1.1365, -3.665 4.1046 1.1302, -3.665 4.1109 1.122, 4.1516 4.1162 0.6972, 4.1516 4.087 1.1404, 4.1516 4.1162 1.1024, 4.1516 4.1148 1.1126, 4.1516 4.1109 1.122, 4.1516 4.1046 1.1302, 4.1516 4.0965 1.1365, 5.6108 -3.431 0.8253, 5.5933 -3.3926 0.8253, 4.7518 -3.3926 0.8253, 5.6161 -3.447 0.8253, 4.8305 -3.998 0.8253, 5.5392 -3.998 0.8253, 4.7912 -3.9875 0.8253, 4.7545 -3.9397 0.8253, 4.7749 -3.975 0.8253, 4.7624 -3.9587 0.8253, 4.7518 -3.9193 0.8253, 4.8102 -3.9954 0.8253, 5.5596 -3.9954 0.8253, 5.6153 -3.9397 0.8253, 5.5786 -3.9875 0.8253, 5.5949 -3.975 0.8253, 5.6074 -3.9587 0.8253, 4.8305 -3.998 0.7859, 5.5392 -3.998 0.7859, 5.5933 -3.3926 0.7859, 5.6108 -3.431 0.7859, 4.7518 -3.3926 0.7859, 5.6161 -3.447 0.7859, 5.5786 -3.9875 0.7859, 5.6153 -3.9397 0.7859, 5.5949 -3.975 0.7859, 5.6074 -3.9587 0.7859, 5.5596 -3.9954 0.7859, 4.8102 -3.9954 0.7859, 4.7545 -3.9397 0.7859, 4.7518 -3.9193 0.7859, 4.7912 -3.9875 0.7859, 4.7749 -3.975 0.7859, 4.7624 -3.9587 0.7859, 4.7518 -3.2241 0.7976, 5.5163 -3.2241 0.7976, 5.362 -2.728 0.8668, 5.3574 -2.8047 0.8561, 5.3677 -2.8809 0.8455, 5.3927 -2.9536 0.8353, 5.6179 -1.1227 1.0907, 4.7518 -1.1173 1.0914, 5.6179 -1.1173 1.0914, 4.7518 -1.1227 1.1304, 5.6179 -1.1227 1.1304, 5.3677 -2.8809 0.8852, 4.7518 -3.2295 0.8366, 5.3927 -2.9536 0.8751, 5.5188 -3.2295 0.8366, 5.362 -2.728 0.9065, 5.3574 -2.8047 0.8958
            ]
        }
        coordIndex [
            0,1,2,-1,2,1,3,-1,4,0,5,-1,5,0,2,-1,6,4,7,-1,7,4,5,-1,8,6,9,-1,9,6,7,-1,8,9,10,-1,8,10,11,-1,11,10,12,-1,11,12,13,-1,13,12,14,-1,13,14,15,-1,15,14,16,-1,15,16,17,-1,17,16,18,-1,17,18,19,-1,19,18,20,-1,19,20,21,-1,22,21,23,-1,23,21,20,-1,22,23,24,-1,24,23,25,-1,26,24,27,-1,27,24,25,-1,26,27,28,-1,26,28,29,-1,29,28,30,-1,29,30,31,-1,31,30,32,-1,31,32,33,-1,34,33,35,-1,35,33,32,-1,36,34,37,-1,37,34,35,-1,38,36,39,-1,39,36,37,-1,38,39,40,-1,40,39,41,-1,40,41,42,-1,42,41,43,-1,42,43,44,-1,44,43,45,-1,46,44,47,-1,47,44,45,-1,47,48,46,-1,46,48,49,-1,50,49,51,-1,51,49,48,-1,50,51,52,-1,52,51,53,-1,52,53,54,-1,54,53,55,-1,54,55,56,-1,56,55,57,-1,56,57,58,-1,58,57,59,-1,58,59,60,-1,60,59,61,-1,60,61,62,-1,62,61,63,-1,64,62,65,-1,65,62,63,-1,64,65,66,-1,64,66,67,-1,67,66,68,-1,67,68,69,-1,69,68,70,-1,69,70,71,-1,71,70,72,-1,71,72,73,-1,73,72,74,-1,73,74,75,-1,75,74,3,-1,75,3,1,-1,0,4,1,-1,1,4,6,-1,1,6,75,-1,75,6,73,-1,67,69,6,-1,6,69,71,-1,6,71,73,-1,34,36,33,-1,33,36,38,-1,33,38,31,-1,31,38,40,-1,31,40,29,-1,29,40,42,-1,29,42,26,-1,26,42,44,-1,26,44,24,-1,24,44,46,-1,24,46,22,-1,22,46,49,-1,22,49,21,-1,21,49,50,-1,21,50,19,-1,19,50,52,-1,19,52,17,-1,17,52,54,-1,17,54,15,-1,15,54,56,-1,15,56,13,-1,13,56,58,-1,13,58,11,-1,11,58,60,-1,11,60,8,-1,8,60,62,-1,8,62,6,-1,6,62,64,-1,6,64,67,-1,5,2,7,-1,7,2,3,-1,7,3,74,-1,74,72,7,-1,7,72,70,-1,7,70,68,-1,68,66,7,-1,7,66,65,-1,7,65,9,-1,9,65,63,-1,9,63,10,-1,10,63,61,-1,10,61,12,-1,12,61,59,-1,12,59,14,-1,14,59,57,-1,14,57,16,-1,16,57,55,-1,16,55,18,-1,18,55,53,-1,18,53,20,-1,20,53,51,-1,20,51,23,-1,23,51,48,-1,23,48,25,-1,25,48,47,-1,25,47,27,-1,27,47,45,-1,27,45,28,-1,28,45,43,-1,28,43,30,-1,30,43,41,-1,30,41,32,-1,32,41,39,-1,32,39,35,-1,35,39,37,-1,76,77,78,-1,78,77,79,-1,80,76,81,-1,81,76,78,-1,82,80,83,-1,83,80,81,-1,84,82,85,-1,85,82,83,-1,84,85,86,-1,84,86,87,-1,87,86,88,-1,87,88,89,-1,89,88,90,-1,89,90,91,-1,91,90,92,-1,91,92,93,-1,93,92,94,-1,93,94,95,-1,95,94,96,-1,95,96,97,-1,98,97,99,-1,99,97,96,-1,100,98,101,-1,101,98,99,-1,100,101,102,-1,100,102,103,-1,103,102,104,-1,103,104,105,-1,105,104,106,-1,105,106,107,-1,108,107,109,-1,109,107,106,-1,110,108,111,-1,111,108,109,-1,112,110,113,-1,113,110,111,-1,112,113,114,-1,114,113,115,-1,114,115,116,-1,116,115,117,-1,116,117,118,-1,118,117,119,-1,120,118,121,-1,121,118,119,-1,121,122,120,-1,120,122,123,-1,124,123,125,-1,125,123,122,-1,124,125,126,-1,126,125,127,-1,126,127,128,-1,128,127,129,-1,128,129,130,-1,130,129,131,-1,130,131,132,-1,132,131,133,-1,132,133,134,-1,134,133,135,-1,134,135,136,-1,136,135,137,-1,138,136,139,-1,139,136,137,-1,138,139,140,-1,138,140,141,-1,141,140,142,-1,141,142,143,-1,143,142,144,-1,143,144,145,-1,145,144,146,-1,145,146,147,-1,147,146,148,-1,147,148,149,-1,149,148,79,-1,149,79,77,-1,76,80,77,-1,77,80,82,-1,77,82,149,-1,149,82,147,-1,141,143,82,-1,82,143,145,-1,82,145,147,-1,108,110,107,-1,107,110,112,-1,107,112,105,-1,105,112,114,-1,105,114,103,-1,103,114,116,-1,103,116,100,-1,116,118,100,-1,100,118,120,-1,100,120,98,-1,98,120,123,-1,98,123,97,-1,97,123,124,-1,97,124,95,-1,95,124,126,-1,95,126,93,-1,93,126,128,-1,93,128,91,-1,91,128,130,-1,91,130,89,-1,89,130,132,-1,89,132,87,-1,87,132,134,-1,87,134,84,-1,84,134,136,-1,84,136,82,-1,82,136,138,-1,82,138,141,-1,81,78,83,-1,83,78,79,-1,83,79,148,-1,148,146,83,-1,83,146,144,-1,83,144,142,-1,142,140,83,-1,83,140,139,-1,83,139,85,-1,85,139,137,-1,85,137,86,-1,86,137,135,-1,86,135,88,-1,88,135,133,-1,88,133,90,-1,90,133,131,-1,90,131,92,-1,92,131,129,-1,92,129,94,-1,94,129,127,-1,94,127,96,-1,96,127,125,-1,96,125,99,-1,111,109,113,-1,113,109,106,-1,113,106,115,-1,115,106,104,-1,115,104,117,-1,117,104,102,-1,117,102,119,-1,119,102,101,-1,119,101,121,-1,121,101,99,-1,121,99,122,-1,122,99,125,-1,150,151,152,-1,152,151,153,-1,154,150,155,-1,155,150,152,-1,156,154,157,-1,157,154,155,-1,158,156,159,-1,159,156,157,-1,158,159,160,-1,158,160,161,-1,161,160,162,-1,161,162,163,-1,163,162,164,-1,163,164,165,-1,165,164,166,-1,165,166,167,-1,167,166,168,-1,167,168,169,-1,169,168,170,-1,169,170,171,-1,172,171,173,-1,173,171,170,-1,172,173,174,-1,174,173,175,-1,176,174,177,-1,177,174,175,-1,176,177,178,-1,176,178,179,-1,179,178,180,-1,179,180,181,-1,181,180,182,-1,181,182,183,-1,184,183,185,-1,185,183,182,-1,186,184,187,-1,187,184,185,-1,188,186,189,-1,189,186,187,-1,188,189,190,-1,190,189,191,-1,190,191,192,-1,192,191,193,-1,192,193,194,-1,194,193,195,-1,196,194,197,-1,197,194,195,-1,197,198,196,-1,196,198,199,-1,200,199,201,-1,201,199,198,-1,200,201,202,-1,202,201,203,-1,202,203,204,-1,204,203,205,-1,204,205,206,-1,206,205,207,-1,206,207,208,-1,208,207,209,-1,208,209,210,-1,210,209,211,-1,210,211,212,-1,212,211,213,-1,214,212,215,-1,215,212,213,-1,214,215,216,-1,214,216,217,-1,217,216,218,-1,217,218,219,-1,219,218,220,-1,219,220,221,-1,221,220,222,-1,221,222,223,-1,223,222,224,-1,223,224,225,-1,225,224,153,-1,225,153,151,-1,150,154,151,-1,151,154,156,-1,151,156,225,-1,225,156,223,-1,217,219,156,-1,156,219,221,-1,156,221,223,-1,184,186,183,-1,183,186,188,-1,183,188,181,-1,181,188,190,-1,181,190,179,-1,179,190,192,-1,179,192,176,-1,176,192,194,-1,176,194,174,-1,174,194,196,-1,174,196,172,-1,172,196,199,-1,172,199,171,-1,171,199,200,-1,171,200,169,-1,169,200,202,-1,169,202,167,-1,167,202,204,-1,167,204,165,-1,165,204,206,-1,165,206,163,-1,163,206,208,-1,163,208,161,-1,161,208,210,-1,161,210,158,-1,158,210,212,-1,158,212,156,-1,156,212,214,-1,156,214,217,-1,155,152,157,-1,157,152,153,-1,157,153,224,-1,224,222,157,-1,157,222,220,-1,157,220,218,-1,218,216,157,-1,157,216,215,-1,157,215,159,-1,159,215,213,-1,159,213,160,-1,160,213,211,-1,160,211,162,-1,162,211,209,-1,162,209,164,-1,164,209,207,-1,164,207,166,-1,166,207,205,-1,166,205,168,-1,168,205,203,-1,168,203,170,-1,170,203,201,-1,170,201,173,-1,173,201,198,-1,173,198,175,-1,175,198,197,-1,175,197,177,-1,177,197,195,-1,177,195,178,-1,178,195,193,-1,178,193,180,-1,180,193,191,-1,180,191,182,-1,182,191,189,-1,182,189,185,-1,185,189,187,-1,226,227,228,-1,228,227,229,-1,230,226,231,-1,231,226,228,-1,232,230,233,-1,233,230,231,-1,234,232,235,-1,235,232,233,-1,234,235,236,-1,234,236,237,-1,237,236,238,-1,237,238,239,-1,239,238,240,-1,239,240,241,-1,241,240,242,-1,241,242,243,-1,243,242,244,-1,243,244,245,-1,245,244,246,-1,245,246,247,-1,248,247,249,-1,249,247,246,-1,248,249,250,-1,250,249,251,-1,252,250,253,-1,253,250,251,-1,252,253,254,-1,252,254,255,-1,255,254,256,-1,255,256,257,-1,257,256,258,-1,257,258,259,-1,260,259,261,-1,261,259,258,-1,262,260,263,-1,263,260,261,-1,264,262,265,-1,265,262,263,-1,264,265,266,-1,266,265,267,-1,266,267,268,-1,268,267,269,-1,268,269,270,-1,270,269,271,-1,272,270,273,-1,273,270,271,-1,273,274,272,-1,272,274,275,-1,276,275,277,-1,277,275,274,-1,276,277,278,-1,278,277,279,-1,278,279,280,-1,280,279,281,-1,280,281,282,-1,282,281,283,-1,282,283,284,-1,284,283,285,-1,284,285,286,-1,286,285,287,-1,286,287,288,-1,288,287,289,-1,290,288,291,-1,291,288,289,-1,290,291,292,-1,290,292,293,-1,293,292,294,-1,293,294,295,-1,295,294,296,-1,295,296,297,-1,297,296,298,-1,297,298,299,-1,299,298,300,-1,299,300,301,-1,301,300,229,-1,301,229,227,-1,226,230,227,-1,227,230,232,-1,227,232,301,-1,301,232,299,-1,293,295,232,-1,232,295,297,-1,232,297,299,-1,260,262,259,-1,259,262,264,-1,259,264,257,-1,257,264,266,-1,257,266,255,-1,255,266,268,-1,255,268,252,-1,252,268,270,-1,252,270,250,-1,250,270,272,-1,250,272,248,-1,248,272,275,-1,248,275,247,-1,247,275,276,-1,247,276,245,-1,245,276,278,-1,245,278,243,-1,243,278,280,-1,243,280,241,-1,241,280,282,-1,241,282,239,-1,239,282,284,-1,239,284,237,-1,237,284,286,-1,237,286,234,-1,234,286,288,-1,234,288,232,-1,232,288,290,-1,232,290,293,-1,231,228,233,-1,233,228,229,-1,233,229,300,-1,300,298,233,-1,233,298,296,-1,233,296,294,-1,294,292,233,-1,233,292,291,-1,233,291,235,-1,235,291,289,-1,235,289,236,-1,236,289,287,-1,236,287,238,-1,238,287,285,-1,238,285,240,-1,240,285,283,-1,240,283,242,-1,242,283,281,-1,242,281,244,-1,244,281,279,-1,244,279,246,-1,246,279,277,-1,246,277,249,-1,249,277,274,-1,249,274,251,-1,251,274,273,-1,251,273,253,-1,253,273,271,-1,253,271,254,-1,254,271,269,-1,254,269,256,-1,256,269,267,-1,256,267,258,-1,258,267,265,-1,258,265,261,-1,261,265,263,-1,302,303,304,-1,304,303,305,-1,304,305,306,-1,306,305,307,-1,306,307,308,-1,309,310,311,-1,311,310,312,-1,311,312,313,-1,314,315,316,-1,316,315,317,-1,318,319,320,-1,320,319,321,-1,322,323,324,-1,324,323,325,-1,326,327,328,-1,328,327,329,-1,328,329,330,-1,330,329,331,-1,330,331,332,-1,332,331,333,-1,332,333,334,-1,334,333,335,-1,334,335,336,-1,336,335,337,-1,336,337,338,-1,338,337,339,-1,338,339,340,-1,340,339,341,-1,340,341,342,-1,342,341,324,-1,342,324,343,-1,343,324,325,-1,344,345,346,-1,346,345,347,-1,348,349,350,-1,350,349,351,-1,352,353,354,-1,354,353,355,-1,354,355,356,-1,356,355,357,-1,356,357,358,-1,358,357,359,-1,358,359,360,-1,360,359,361,-1,360,361,362,-1,362,361,363,-1,362,363,364,-1,364,363,365,-1,366,367,368,-1,366,368,369,-1,369,368,370,-1,369,370,371,-1,371,370,372,-1,371,372,373,-1,373,372,374,-1,373,374,375,-1,375,374,376,-1,375,376,377,-1,377,376,378,-1,377,378,379,-1,380,381,312,-1,312,381,382,-1,312,382,313,-1,383,384,385,-1,385,384,386,-1,385,386,387,-1,387,386,388,-1,387,388,389,-1,389,388,390,-1,389,390,391,-1,391,390,392,-1,391,392,393,-1,393,392,394,-1,393,394,395,-1,395,394,396,-1,395,396,397,-1,397,396,398,-1,397,398,312,-1,312,398,399,-1,312,399,380,-1,304,306,400,-1,400,306,401,-1,402,403,404,-1,404,403,405,-1,404,405,406,-1,364,365,406,-1,406,365,407,-1,408,409,410,-1,407,411,412,-1,412,411,413,-1,409,408,414,-1,414,408,304,-1,414,304,415,-1,415,304,400,-1,415,400,410,-1,410,400,413,-1,410,413,408,-1,408,413,411,-1,408,411,416,-1,401,306,412,-1,412,306,417,-1,412,417,407,-1,407,417,418,-1,407,418,406,-1,406,418,419,-1,406,419,404,-1,420,421,422,-1,422,421,423,-1,422,423,424,-1,424,423,425,-1,424,425,426,-1,426,425,427,-1,426,427,428,-1,428,427,429,-1,428,429,430,-1,430,429,431,-1,430,431,402,-1,402,431,403,-1,432,433,434,-1,434,433,435,-1,434,435,436,-1,436,435,437,-1,436,437,438,-1,438,437,439,-1,438,439,440,-1,440,439,441,-1,440,441,442,-1,442,441,443,-1,442,443,416,-1,416,443,408,-1,444,445,446,-1,446,445,447,-1,448,449,329,-1,329,449,450,-1,329,450,451,-1,452,453,352,-1,352,453,454,-1,352,454,353,-1,385,455,383,-1,383,455,348,-1,383,348,456,-1,451,457,329,-1,329,457,458,-1,329,458,459,-1,460,461,344,-1,344,461,462,-1,344,462,352,-1,352,462,463,-1,352,463,452,-1,464,465,446,-1,446,465,466,-1,467,468,447,-1,447,468,469,-1,447,469,446,-1,446,469,470,-1,446,470,464,-1,466,471,446,-1,446,471,472,-1,446,472,473,-1,473,474,446,-1,446,474,475,-1,446,475,433,-1,433,432,476,-1,433,477,478,-1,478,479,433,-1,433,479,480,-1,433,480,446,-1,446,480,481,-1,446,481,482,-1,483,484,482,-1,485,486,476,-1,476,486,321,-1,476,321,433,-1,433,321,319,-1,433,319,477,-1,487,488,460,-1,489,490,327,-1,327,490,491,-1,327,491,492,-1,492,493,327,-1,327,493,494,-1,327,494,329,-1,329,494,495,-1,329,495,448,-1,496,329,497,-1,497,329,459,-1,497,459,447,-1,447,459,498,-1,447,498,467,-1,475,499,433,-1,433,499,500,-1,433,500,501,-1,501,502,433,-1,433,502,503,-1,433,503,489,-1,489,503,504,-1,489,504,490,-1,505,506,482,-1,482,506,507,-1,482,507,483,-1,488,508,460,-1,460,508,506,-1,460,506,509,-1,509,506,505,-1,510,511,512,-1,512,511,513,-1,512,513,346,-1,346,513,514,-1,346,514,344,-1,344,514,460,-1,460,514,515,-1,460,515,487,-1,516,446,517,-1,517,446,482,-1,517,482,518,-1,518,482,484,-1,350,519,348,-1,348,519,520,-1,348,520,456,-1,516,521,446,-1,446,521,522,-1,446,522,523,-1,523,522,524,-1,523,524,350,-1,350,524,525,-1,350,525,519,-1,421,420,526,-1,526,420,527,-1,526,527,512,-1,512,527,528,-1,512,528,510,-1,328,529,326,-1,326,529,530,-1,531,532,533,-1,533,532,534,-1,535,536,351,-1,537,538,351,-1,379,378,345,-1,345,378,539,-1,539,540,345,-1,345,540,541,-1,345,541,542,-1,543,544,545,-1,545,544,546,-1,545,546,547,-1,547,548,545,-1,545,548,549,-1,545,549,550,-1,550,551,545,-1,545,551,552,-1,545,552,553,-1,553,554,545,-1,545,554,318,-1,545,318,320,-1,555,534,556,-1,556,534,557,-1,542,543,345,-1,345,543,545,-1,345,545,347,-1,347,545,558,-1,347,558,559,-1,559,558,560,-1,561,386,349,-1,349,386,384,-1,562,563,534,-1,534,563,564,-1,534,564,557,-1,555,565,534,-1,534,565,566,-1,534,566,567,-1,568,569,326,-1,326,569,570,-1,326,570,571,-1,571,572,326,-1,326,572,573,-1,326,573,574,-1,574,573,575,-1,574,575,576,-1,545,577,578,-1,384,579,349,-1,349,579,580,-1,349,580,351,-1,351,580,581,-1,351,581,537,-1,582,583,320,-1,320,583,584,-1,320,584,545,-1,545,584,585,-1,545,585,586,-1,586,585,576,-1,586,576,587,-1,587,576,575,-1,567,588,534,-1,534,588,589,-1,534,589,533,-1,533,589,590,-1,533,590,591,-1,530,592,326,-1,326,592,593,-1,326,593,568,-1,562,594,595,-1,595,594,596,-1,595,596,545,-1,545,596,597,-1,545,597,577,-1,578,598,545,-1,545,598,599,-1,545,599,600,-1,601,602,558,-1,558,602,603,-1,535,351,604,-1,604,351,538,-1,604,538,534,-1,534,538,605,-1,534,605,562,-1,562,605,606,-1,562,606,594,-1,607,608,530,-1,530,608,609,-1,530,609,592,-1,600,610,545,-1,545,610,611,-1,545,611,558,-1,558,611,612,-1,558,612,601,-1,613,614,615,-1,615,614,616,-1,615,616,617,-1,617,616,558,-1,617,558,618,-1,618,558,603,-1,591,619,533,-1,533,619,620,-1,533,620,530,-1,530,620,621,-1,530,621,607,-1,622,623,624,-1,622,624,625,-1,625,624,626,-1,625,626,627,-1,627,626,628,-1,627,628,629,-1,629,628,630,-1,629,630,631,-1,631,630,632,-1,631,632,633,-1,633,632,614,-1,633,614,613,-1,634,635,636,-1,634,636,637,-1,637,636,638,-1,637,638,639,-1,639,638,640,-1,639,640,641,-1,641,640,642,-1,641,642,643,-1,643,642,644,-1,643,644,645,-1,645,644,576,-1,645,576,585,-1,646,647,648,-1,649,650,366,-1,623,622,651,-1,651,622,652,-1,651,652,653,-1,653,652,654,-1,647,646,655,-1,655,646,656,-1,655,656,657,-1,657,656,635,-1,657,635,648,-1,648,635,634,-1,648,634,646,-1,646,634,658,-1,646,658,659,-1,367,366,660,-1,660,366,650,-1,660,650,658,-1,658,650,661,-1,658,661,659,-1,659,661,662,-1,659,662,663,-1,663,662,649,-1,663,649,654,-1,654,649,366,-1,654,366,653,-1,664,665,666,-1,666,665,667,-1,666,667,668,-1,668,667,669,-1,668,669,670,-1,670,669,671,-1,670,671,672,-1,672,671,673,-1,672,673,674,-1,674,673,675,-1,674,675,444,-1,444,675,445,-1,532,531,676,-1,532,676,677,-1,677,676,678,-1,677,678,679,-1,679,678,680,-1,679,680,681,-1,681,680,682,-1,681,682,683,-1,683,682,684,-1,683,684,685,-1,685,684,686,-1,685,686,687,-1,688,689,690,-1,329,496,331,-1,331,496,691,-1,331,691,333,-1,333,691,692,-1,333,692,335,-1,335,692,693,-1,335,693,337,-1,694,341,695,-1,695,341,339,-1,695,339,690,-1,690,339,337,-1,690,337,688,-1,688,337,693,-1,529,328,330,-1,529,330,696,-1,696,330,332,-1,696,332,697,-1,697,332,334,-1,697,334,698,-1,698,334,336,-1,698,336,699,-1,700,701,702,-1,699,336,702,-1,702,336,338,-1,702,338,700,-1,700,338,340,-1,700,340,703,-1,704,705,304,-1,304,705,706,-1,304,706,302,-1,489,574,433,-1,433,574,576,-1,433,576,435,-1,435,576,644,-1,435,644,437,-1,437,644,642,-1,437,642,439,-1,439,642,640,-1,439,640,441,-1,441,640,638,-1,441,638,443,-1,443,638,636,-1,443,636,408,-1,408,636,635,-1,408,635,304,-1,304,635,656,-1,304,656,704,-1,707,404,708,-1,708,404,419,-1,708,419,709,-1,397,710,395,-1,395,710,711,-1,395,711,393,-1,393,711,712,-1,393,712,391,-1,391,712,713,-1,391,713,389,-1,389,713,714,-1,389,714,387,-1,387,714,715,-1,387,715,385,-1,385,715,455,-1,716,717,718,-1,718,717,719,-1,718,719,720,-1,720,719,324,-1,720,324,721,-1,721,324,722,-1,710,397,723,-1,723,397,312,-1,723,312,724,-1,724,312,310,-1,724,310,664,-1,664,310,725,-1,694,726,727,-1,722,324,728,-1,728,324,341,-1,728,341,729,-1,725,717,664,-1,664,717,716,-1,664,716,665,-1,665,716,730,-1,665,730,731,-1,731,730,720,-1,731,720,732,-1,732,720,721,-1,732,721,727,-1,727,721,729,-1,727,729,694,-1,694,729,341,-1,733,734,719,-1,719,734,735,-1,719,735,324,-1,324,735,736,-1,324,736,322,-1,737,738,703,-1,398,739,399,-1,399,739,740,-1,399,740,741,-1,742,743,686,-1,686,743,744,-1,686,744,687,-1,687,744,745,-1,746,747,748,-1,740,749,741,-1,741,749,687,-1,741,687,748,-1,748,687,745,-1,748,745,746,-1,737,750,751,-1,751,750,747,-1,751,747,742,-1,742,747,746,-1,742,746,743,-1,703,340,737,-1,737,340,752,-1,737,752,750,-1,750,752,753,-1,750,753,342,-1,342,753,754,-1,342,754,340,-1,340,754,755,-1,340,755,752,-1,386,561,756,-1,386,756,388,-1,388,756,757,-1,388,757,390,-1,390,757,758,-1,390,758,392,-1,392,758,759,-1,392,759,394,-1,394,759,760,-1,394,760,396,-1,396,760,739,-1,396,739,398,-1,707,761,404,-1,404,761,762,-1,615,527,613,-1,613,527,420,-1,613,420,633,-1,633,420,422,-1,633,422,631,-1,631,422,424,-1,631,424,629,-1,629,424,426,-1,629,426,627,-1,627,426,428,-1,627,428,625,-1,625,428,430,-1,625,430,622,-1,622,430,402,-1,622,402,652,-1,652,402,404,-1,652,404,763,-1,763,404,762,-1,740,723,749,-1,749,723,724,-1,446,534,444,-1,444,534,532,-1,444,532,674,-1,674,532,677,-1,674,677,672,-1,672,677,679,-1,672,679,670,-1,670,679,681,-1,670,681,668,-1,668,681,683,-1,668,683,666,-1,666,683,685,-1,666,685,664,-1,664,685,687,-1,664,687,724,-1,724,687,749,-1,723,740,710,-1,710,740,739,-1,710,739,711,-1,711,739,760,-1,711,760,712,-1,712,760,759,-1,712,759,713,-1,713,759,758,-1,713,758,714,-1,714,758,757,-1,714,757,715,-1,715,757,756,-1,715,756,455,-1,455,756,561,-1,455,561,348,-1,348,561,349,-1,534,446,604,-1,604,446,523,-1,746,720,743,-1,743,720,730,-1,743,730,744,-1,744,730,716,-1,744,716,745,-1,745,716,718,-1,745,718,746,-1,746,718,720,-1,753,721,754,-1,754,721,722,-1,754,722,755,-1,755,722,728,-1,755,728,752,-1,752,728,729,-1,752,729,753,-1,753,729,721,-1,701,689,702,-1,702,689,688,-1,742,731,751,-1,751,731,732,-1,751,732,737,-1,737,732,727,-1,737,727,738,-1,738,727,726,-1,738,726,703,-1,703,726,694,-1,703,694,700,-1,700,694,695,-1,700,695,701,-1,701,695,690,-1,701,690,689,-1,731,742,665,-1,665,742,686,-1,665,686,667,-1,667,686,684,-1,667,684,669,-1,669,684,682,-1,669,682,671,-1,671,682,680,-1,671,680,673,-1,673,680,678,-1,673,678,675,-1,675,678,676,-1,675,676,445,-1,445,676,531,-1,445,531,447,-1,447,531,533,-1,702,688,699,-1,699,688,693,-1,497,530,496,-1,496,530,529,-1,496,529,691,-1,691,529,696,-1,691,696,692,-1,692,696,697,-1,692,697,693,-1,693,697,698,-1,693,698,699,-1,530,497,533,-1,533,497,447,-1,616,526,558,-1,558,526,512,-1,651,653,405,-1,405,653,406,-1,526,616,421,-1,421,616,614,-1,421,614,423,-1,423,614,632,-1,423,632,425,-1,425,632,630,-1,425,630,427,-1,427,630,628,-1,427,628,429,-1,429,628,626,-1,429,626,431,-1,431,626,624,-1,431,624,403,-1,403,624,623,-1,403,623,405,-1,405,623,651,-1,406,653,364,-1,364,653,366,-1,364,366,362,-1,362,366,369,-1,362,369,360,-1,360,369,371,-1,360,371,358,-1,358,371,373,-1,358,373,356,-1,356,373,375,-1,356,375,354,-1,354,375,377,-1,354,377,352,-1,352,377,379,-1,352,379,344,-1,344,379,345,-1,662,661,400,-1,400,661,413,-1,649,662,401,-1,401,662,400,-1,650,649,412,-1,412,649,401,-1,661,650,413,-1,413,650,412,-1,647,655,415,-1,415,655,414,-1,648,647,410,-1,410,647,415,-1,657,648,409,-1,409,648,410,-1,655,657,414,-1,414,657,409,-1,513,602,514,-1,514,602,601,-1,514,601,515,-1,515,601,612,-1,515,612,487,-1,487,612,611,-1,487,611,488,-1,488,611,610,-1,488,610,508,-1,508,610,600,-1,508,600,506,-1,506,600,599,-1,506,599,507,-1,507,599,598,-1,507,598,483,-1,483,598,578,-1,483,578,484,-1,484,578,577,-1,484,577,518,-1,518,577,597,-1,518,597,517,-1,517,597,596,-1,517,596,516,-1,516,596,594,-1,516,594,521,-1,521,594,606,-1,521,606,522,-1,522,606,605,-1,522,605,524,-1,524,605,538,-1,524,538,525,-1,525,538,537,-1,509,547,460,-1,460,547,546,-1,460,546,461,-1,461,546,544,-1,461,544,462,-1,462,544,543,-1,462,543,463,-1,463,543,542,-1,463,542,452,-1,452,542,541,-1,452,541,453,-1,453,541,540,-1,453,540,454,-1,454,540,539,-1,547,509,548,-1,548,509,505,-1,319,318,477,-1,477,318,554,-1,477,554,478,-1,478,554,553,-1,478,553,479,-1,479,553,552,-1,479,552,480,-1,480,552,551,-1,480,551,481,-1,481,551,550,-1,481,550,482,-1,482,550,549,-1,482,549,505,-1,505,549,548,-1,454,539,353,-1,353,539,378,-1,353,378,355,-1,355,378,376,-1,355,376,357,-1,357,376,374,-1,357,374,359,-1,359,374,372,-1,359,372,361,-1,361,372,370,-1,361,370,363,-1,363,370,368,-1,363,368,365,-1,365,368,367,-1,365,367,407,-1,407,367,660,-1,411,658,416,-1,416,658,634,-1,416,634,442,-1,442,634,637,-1,442,637,440,-1,440,637,639,-1,440,639,438,-1,438,639,641,-1,438,641,436,-1,436,641,643,-1,436,643,434,-1,434,643,645,-1,434,645,432,-1,432,645,585,-1,432,585,476,-1,476,585,584,-1,660,658,407,-1,407,658,411,-1,502,545,503,-1,503,545,586,-1,503,586,504,-1,504,586,587,-1,504,587,490,-1,490,587,575,-1,490,575,491,-1,491,575,573,-1,491,573,492,-1,492,573,572,-1,492,572,493,-1,493,572,571,-1,493,571,494,-1,494,571,570,-1,545,502,595,-1,595,502,501,-1,471,565,472,-1,472,565,555,-1,472,555,473,-1,473,555,556,-1,473,556,474,-1,474,556,557,-1,474,557,475,-1,475,557,564,-1,475,564,499,-1,499,564,563,-1,499,563,500,-1,500,563,562,-1,500,562,501,-1,501,562,595,-1,565,471,566,-1,566,471,466,-1,498,620,467,-1,467,620,619,-1,467,619,468,-1,468,619,591,-1,468,591,469,-1,469,591,590,-1,469,590,470,-1,470,590,589,-1,470,589,464,-1,464,589,588,-1,464,588,465,-1,465,588,567,-1,465,567,466,-1,466,567,566,-1,620,498,621,-1,621,498,459,-1,495,569,448,-1,448,569,568,-1,448,568,449,-1,449,568,593,-1,449,593,450,-1,450,593,592,-1,450,592,451,-1,451,592,609,-1,451,609,457,-1,457,609,608,-1,457,608,458,-1,458,608,607,-1,458,607,459,-1,459,607,621,-1,569,495,570,-1,570,495,494,-1,764,765,350,-1,350,765,523,-1,766,764,767,-1,767,764,350,-1,767,350,768,-1,768,350,769,-1,769,350,351,-1,769,351,536,-1,536,770,769,-1,769,770,771,-1,769,771,772,-1,773,774,767,-1,767,774,766,-1,535,604,523,-1,765,774,523,-1,523,774,773,-1,773,775,523,-1,523,775,776,-1,523,776,535,-1,777,778,776,-1,776,778,779,-1,776,779,535,-1,766,774,764,-1,764,774,765,-1,780,781,346,-1,346,781,512,-1,782,780,783,-1,783,780,346,-1,783,346,784,-1,784,346,785,-1,785,346,347,-1,785,347,559,-1,559,786,785,-1,785,786,787,-1,785,787,788,-1,789,790,783,-1,783,790,782,-1,560,558,512,-1,781,790,512,-1,512,790,789,-1,789,791,512,-1,512,791,792,-1,512,792,560,-1,793,794,792,-1,792,794,795,-1,792,795,560,-1,782,790,780,-1,780,790,781,-1,789,783,784,-1,789,784,791,-1,791,784,785,-1,791,785,792,-1,792,785,788,-1,792,788,793,-1,793,788,787,-1,793,787,794,-1,794,787,786,-1,794,786,795,-1,795,786,559,-1,795,559,560,-1,773,767,768,-1,773,768,775,-1,775,768,769,-1,775,769,776,-1,776,769,772,-1,776,772,777,-1,777,772,771,-1,777,771,778,-1,778,771,770,-1,778,770,779,-1,779,770,536,-1,779,536,535,-1,796,797,327,-1,327,797,489,-1,798,796,799,-1,799,796,327,-1,799,327,800,-1,326,801,327,-1,327,801,802,-1,802,803,327,-1,327,803,804,-1,327,804,800,-1,489,797,805,-1,806,574,489,-1,805,807,489,-1,489,807,808,-1,489,808,809,-1,809,810,489,-1,489,810,811,-1,489,811,806,-1,798,805,796,-1,796,805,797,-1,807,805,799,-1,799,805,798,-1,807,799,800,-1,807,800,808,-1,808,800,804,-1,808,804,809,-1,809,804,803,-1,809,803,810,-1,810,803,802,-1,810,802,811,-1,811,802,801,-1,811,801,806,-1,806,801,326,-1,806,326,574,-1,812,813,814,-1,812,814,815,-1,815,814,314,-1,314,814,816,-1,314,816,817,-1,818,819,820,-1,820,819,821,-1,814,822,816,-1,816,822,819,-1,816,819,823,-1,823,819,818,-1,824,825,817,-1,817,825,315,-1,817,315,314,-1,824,826,825,-1,825,826,827,-1,825,827,828,-1,829,830,816,-1,816,830,817,-1,831,832,833,-1,833,832,834,-1,834,316,833,-1,833,316,830,-1,833,830,829,-1,835,836,837,-1,837,836,838,-1,316,317,830,-1,830,317,836,-1,830,836,839,-1,839,836,835,-1,840,841,829,-1,829,841,842,-1,829,842,833,-1,840,843,841,-1,841,843,844,-1,841,844,845,-1,833,846,831,-1,831,846,847,-1,848,849,846,-1,849,850,846,-1,846,850,851,-1,846,851,847,-1,848,846,852,-1,852,846,853,-1,852,853,854,-1,854,853,485,-1,485,853,486,-1,582,855,583,-1,583,855,856,-1,857,858,859,-1,859,858,860,-1,856,855,861,-1,861,855,858,-1,861,858,862,-1,862,858,857,-1,858,814,860,-1,860,814,813,-1,476,584,485,-1,485,584,583,-1,485,583,854,-1,854,583,856,-1,854,856,852,-1,842,822,833,-1,833,822,814,-1,833,814,846,-1,846,814,858,-1,846,858,853,-1,853,858,855,-1,853,855,486,-1,486,855,582,-1,486,582,321,-1,321,582,320,-1,
        ]
    }
}
Shape{
    appearance Appearance {
        material  Material {
            diffuseColor 1.0 1.0 1.0
            specularColor 0.8784313725490196 0.8784313725490196 0.8784313725490196
            ambientIntensity 1.0
            transparency 0.0
            shininess 0.5
        }
    }
    geometry IndexedFaceSet {
        ccw TRUE
        solid FALSE
        coord DEF co Coordinate {
            point [
                5.3927 -2.9536 0.8751, 5.3927 -2.9536 0.8353, 5.3677 -2.8809 0.8455, 5.3677 -2.8809 0.8852, 5.3574 -2.8047 0.8561, 5.3574 -2.8047 0.8958, 5.362 -2.728 0.8668, 5.362 -2.728 0.9065, 5.6108 -3.431 0.8253, 5.6108 -3.431 0.7859, 5.5933 -3.3926 0.8253, 5.5933 -3.3926 0.7859, 5.5188 -3.2295 0.8366, 5.5163 -3.2241 0.7976, 5.6179 -1.1227 1.1304, 5.6179 -1.1227 1.0907
            ]
        }
        coordIndex [
            0,1,2,-1,0,2,3,-1,3,2,4,-1,3,4,5,-1,5,4,6,-1,5,6,7,-1,8,9,10,-1,10,9,11,-1,10,11,12,-1,12,11,13,-1,12,13,0,-1,0,13,1,-1,14,7,15,-1,15,7,6,-1,
        ]
    }
}
Shape{
    appearance Appearance {
        material  Material {
            diffuseColor 0.6666666666666666 0.6980392156862745 0.7686274509803922
            specularColor 0.3333333333333333 0.34901960784313724 0.3843137254901961
            ambientIntensity 0.6967
            transparency 0.0
            shininess 0.5
        }
    }
    geometry IndexedFaceSet {
        ccw TRUE
        solid FALSE
        coord DEF co Coordinate {
            point [
                -5.0787 -4.6469 0.0039, -5.4331 -4.6469 0.0039, -5.0787 -4.6469 -0.0354, -5.4331 -4.6469 -0.0276, -5.4567 -4.6469 -0.0276, -5.4528 -4.6469 -0.0302, -5.4433 -4.6469 -0.0341, -5.4331 -4.6469 -0.0354, -5.4331 -4.0564 0.0039, -5.0787 -4.0564 0.0039, -5.4331 -4.0564 -0.0276, -5.0787 -4.0564 -0.0354, -5.4331 -4.0564 -0.0354, -5.4433 -4.0564 -0.0341, -5.4528 -4.0564 -0.0302, -5.4567 -4.0564 -0.0276, 5.3543 -3.6018 0.0039, 5.3543 -4.1924 0.0039, 5.7087 -3.6018 0.0039, 5.7087 -4.1924 0.0039, 5.3543 -3.6018 -0.0354, 5.7087 -3.6018 -0.0276, 5.7323 -3.6018 -0.0276, 5.7284 -3.6018 -0.0302, 5.7189 -3.6018 -0.0341, 5.7087 -3.6018 -0.0354, 5.7087 -4.1924 -0.0276, 5.3543 -4.1924 -0.0354, 5.7087 -4.1924 -0.0354, 5.7189 -4.1924 -0.0341, 5.7284 -4.1924 -0.0302, 5.7323 -4.1924 -0.0276, 5.7323 4.0768 -0.0276, 5.7365 4.0768 -0.0239, 5.7323 1.7933 -0.0276, 5.7365 1.7933 -0.0239, 5.7323 -0.4901 -0.0276, 5.7365 -0.4901 -0.0239, 5.7323 -2.7736 -0.0276, 5.7365 -2.7736 -0.0239, 5.7365 -5.0571 -0.0239, 5.7365 -7.3405 -0.0239, 5.7323 -7.3405 -0.0276, 5.7323 -5.0571 -0.0276, 5.7428 4.0768 -0.0157, 5.7428 1.7933 -0.0157, 5.7428 -0.4901 -0.0157, 5.7428 -2.7736 -0.0157, 5.7428 -5.0571 -0.0157, 5.7428 -7.3405 -0.0157, 5.7467 4.0768 -0.0063, 5.7467 1.7933 -0.0063, 5.7467 -0.4901 -0.0063, 5.7467 -2.7736 -0.0063, 5.7467 -5.0571 -0.0063, 5.7467 -7.3405 -0.0063, 5.748 4.0768 0.0039, 5.748 1.7933 0.0039, 5.748 -0.4901 0.0039, 5.748 -2.7736 0.0039, 5.748 -5.0571 0.0039, 5.748 -7.3405 0.0039, -5.4609 -5.0571 -0.0239, -5.4609 -2.7736 -0.0239, -5.4567 -7.3405 -0.0276, -5.4609 -7.3405 -0.0239, -5.4567 -5.0571 -0.0276, -5.4609 4.0768 -0.0239, -5.4567 4.0768 -0.0276, -5.4609 1.7933 -0.0239, -5.4567 1.7933 -0.0276, -5.4609 -0.4901 -0.0239, -5.4567 -0.4901 -0.0276, -5.4567 -2.7736 -0.0276, -5.4672 -7.3405 -0.0157, -5.4672 -5.0571 -0.0157, -5.4672 -2.7736 -0.0157, -5.4672 -0.4901 -0.0157, -5.4672 1.7933 -0.0157, -5.4672 4.0768 -0.0157, -5.4711 -7.3405 -0.0063, -5.4711 -5.0571 -0.0063, -5.4711 -2.7736 -0.0063, -5.4711 -0.4901 -0.0063, -5.4711 1.7933 -0.0063, -5.4711 4.0768 -0.0063, -5.4724 -7.3405 0.0039, -5.4724 -5.0571 0.0039, -5.4724 -2.7736 0.0039, -5.4724 -0.4901 0.0039, -5.4724 1.7933 0.0039, -5.4724 4.0768 0.0039, 4.6831 -7.3405 1.1024, 4.6831 -7.3405 1.1417, 4.5408 -7.3231 1.1417, 4.5408 -7.3231 1.1024, 4.407 -7.272 1.1417, 4.407 -7.272 1.1024, 4.2894 -7.1902 1.1417, 4.2894 -7.1902 1.1024, 4.195 -7.0824 1.1417, 4.195 -7.0824 1.1024, -4.5094 -7.0824 1.1024, -4.5094 -7.0824 1.1417, -4.6038 -7.1902 1.1417, -4.6038 -7.1902 1.1024, -4.7214 -7.272 1.1417, -4.7214 -7.272 1.1024, -4.8552 -7.3231 1.1417, -4.8552 -7.3231 1.1024, -4.9975 -7.3405 1.1417, -4.9975 -7.3405 1.1024, 5.6108 -3.431 0.7859, 5.6108 -3.431 0.8253, 5.6161 -3.447 0.8253, 5.6161 -3.447 0.7859, 5.6179 -3.4637 0.8253, 5.6179 -3.4637 0.7859, 4.7518 -3.9193 0.8253, 4.7518 -3.9193 0.7859, 4.7545 -3.9397 0.7859, 4.7545 -3.9397 0.8253, 4.7624 -3.9587 0.7859, 4.7624 -3.9587 0.8253, 4.7749 -3.975 0.7859, 4.7749 -3.975 0.8253, 4.7912 -3.9875 0.7859, 4.7912 -3.9875 0.8253, 4.8102 -3.9954 0.7859, 4.8102 -3.9954 0.8253, 4.8305 -3.998 0.7859, 4.8305 -3.998 0.8253, 5.6179 -3.9193 0.7859, 5.6179 -3.9193 0.8253, 5.6153 -3.9397 0.8253, 5.6153 -3.9397 0.7859, 5.6074 -3.9587 0.8253, 5.6074 -3.9587 0.7859, 5.5949 -3.975 0.8253, 5.5949 -3.975 0.7859, 5.5786 -3.9875 0.8253, 5.5786 -3.9875 0.7859, 5.5596 -3.9954 0.8253, 5.5596 -3.9954 0.7859, 5.5392 -3.998 0.8253, 5.5392 -3.998 0.7859, -5.3189 4.1162 0.0394, -5.3189 4.4311 0.0394, -5.3189 4.1162 -0.0, -5.3189 4.4311 -0.0, -5.122 4.4311 0.8954, -5.122 4.0768 0.8954, -5.0827 4.4311 0.8954, -5.0827 4.0768 0.8954, -5.0827 4.0768 0.0394, -5.0827 4.4705 0.0394, -5.0827 4.4705 0.856, -5.0827 4.4692 0.8662, -5.0827 4.4652 0.8757, -5.0827 4.459 0.8838, -5.0827 4.4508 0.8901, -5.0827 4.4413 0.894, -5.2795 4.4705 -0.0, -5.122 4.4705 -0.0, -5.122 4.0768 -0.0, -5.2992 4.0821 -0.0, -5.3074 4.0883 -0.0, -5.3136 4.0965 -0.0, -5.2795 4.0768 -0.0, -5.2897 4.0781 -0.0, -5.3176 4.106 -0.0, -5.3136 4.4508 -0.0, -5.3074 4.459 -0.0, -5.2992 4.4652 -0.0, -5.3176 4.4413 -0.0, -5.2897 4.4692 -0.0, -5.1119 4.0768 0.0013, -5.1417 4.0768 0.0446, -5.1024 4.0768 0.0053, -5.1336 4.0768 0.0509, -5.122 4.0768 0.0787, -5.1234 4.0768 0.0686, -5.084 4.0768 0.0292, -5.1273 4.0768 0.0591, -5.0879 4.0768 0.0197, -5.0942 4.0768 0.0115, -5.2795 4.0768 0.0394, -5.1614 4.0768 0.0394, -5.1512 4.0768 0.0407, -5.084 4.4705 0.0292, -5.1273 4.4705 0.0591, -5.0879 4.4705 0.0197, -5.1336 4.4705 0.0509, -5.122 4.4705 0.856, -5.122 4.4705 0.0787, -5.1234 4.4705 0.0686, -5.2795 4.4705 0.0394, -5.0942 4.4705 0.0115, -5.1024 4.4705 0.0053, -5.1417 4.4705 0.0446, -5.1119 4.4705 0.0013, -5.1512 4.4705 0.0407, -5.1614 4.4705 0.0394, -5.122 4.4692 0.8662, -5.122 4.4508 0.8901, -5.122 4.459 0.8838, -5.122 4.4652 0.8757, -5.122 4.4413 0.894
            ]
        }
        coordIndex [
            0,1,2,-1,2,1,3,-1,3,4,5,-1,5,6,3,-1,3,6,7,-1,3,7,2,-1,8,9,10,-1,10,9,11,-1,10,11,12,-1,12,13,10,-1,10,13,14,-1,10,14,15,-1,0,9,1,-1,1,9,8,-1,11,9,2,-1,2,9,0,-1,12,11,7,-1,7,11,2,-1,16,17,18,-1,18,17,19,-1,16,18,20,-1,20,18,21,-1,21,22,23,-1,23,24,21,-1,21,24,25,-1,21,25,20,-1,19,17,26,-1,26,17,27,-1,26,27,28,-1,28,29,26,-1,26,29,30,-1,26,30,31,-1,27,17,20,-1,20,17,16,-1,28,27,25,-1,25,27,20,-1,32,33,34,-1,34,33,35,-1,34,35,36,-1,36,35,37,-1,36,37,38,-1,38,37,39,-1,23,22,31,-1,40,31,39,-1,39,31,22,-1,39,22,38,-1,31,30,23,-1,23,30,29,-1,23,29,24,-1,24,29,28,-1,24,28,25,-1,41,42,40,-1,40,42,43,-1,40,43,31,-1,33,44,35,-1,35,44,45,-1,35,45,37,-1,37,45,46,-1,37,46,39,-1,39,46,47,-1,39,47,40,-1,40,47,48,-1,40,48,41,-1,41,48,49,-1,44,50,45,-1,45,50,51,-1,45,51,46,-1,46,51,52,-1,46,52,47,-1,47,52,53,-1,47,53,48,-1,48,53,54,-1,48,54,49,-1,49,54,55,-1,50,56,51,-1,51,56,57,-1,51,57,52,-1,52,57,58,-1,52,58,53,-1,53,58,59,-1,53,59,54,-1,54,59,60,-1,54,60,55,-1,55,60,61,-1,15,62,63,-1,64,65,66,-1,66,65,62,-1,66,62,4,-1,4,62,15,-1,4,15,5,-1,15,14,5,-1,5,14,13,-1,5,13,6,-1,6,13,12,-1,6,12,7,-1,67,68,69,-1,69,68,70,-1,69,70,71,-1,71,70,72,-1,71,72,63,-1,63,72,73,-1,63,73,15,-1,65,74,62,-1,62,74,75,-1,62,75,63,-1,63,75,76,-1,63,76,71,-1,71,76,77,-1,71,77,69,-1,69,77,78,-1,69,78,67,-1,67,78,79,-1,74,80,75,-1,75,80,81,-1,75,81,76,-1,76,81,82,-1,76,82,77,-1,77,82,83,-1,77,83,78,-1,78,83,84,-1,78,84,79,-1,79,84,85,-1,80,86,81,-1,81,86,87,-1,81,87,82,-1,82,87,88,-1,82,88,83,-1,83,88,89,-1,83,89,84,-1,84,89,90,-1,84,90,85,-1,85,90,91,-1,92,93,94,-1,92,94,95,-1,95,94,96,-1,95,96,97,-1,97,96,98,-1,97,98,99,-1,99,98,100,-1,99,100,101,-1,102,103,104,-1,102,104,105,-1,105,104,106,-1,105,106,107,-1,107,106,108,-1,107,108,109,-1,109,108,110,-1,109,110,111,-1,112,113,114,-1,112,114,115,-1,115,114,116,-1,115,116,117,-1,118,119,120,-1,118,120,121,-1,121,120,122,-1,121,122,123,-1,123,122,124,-1,123,124,125,-1,125,124,126,-1,125,126,127,-1,127,126,128,-1,127,128,129,-1,129,128,130,-1,129,130,131,-1,132,133,134,-1,132,134,135,-1,135,134,136,-1,135,136,137,-1,137,136,138,-1,137,138,139,-1,139,138,140,-1,139,140,141,-1,141,140,142,-1,141,142,143,-1,143,142,144,-1,143,144,145,-1,146,147,148,-1,148,147,149,-1,150,151,152,-1,152,151,153,-1,154,155,153,-1,153,155,156,-1,153,156,152,-1,152,156,157,-1,152,157,158,-1,159,160,158,-1,158,160,161,-1,158,161,152,-1,162,163,164,-1,165,166,167,-1,164,168,162,-1,162,168,148,-1,162,148,149,-1,168,169,148,-1,148,169,165,-1,148,165,170,-1,170,165,167,-1,171,172,173,-1,149,174,162,-1,162,174,171,-1,162,171,175,-1,175,171,173,-1,154,153,151,-1,164,176,177,-1,177,176,178,-1,177,178,179,-1,151,180,154,-1,154,180,181,-1,154,181,182,-1,182,181,183,-1,182,183,184,-1,184,183,179,-1,184,179,185,-1,185,179,178,-1,186,168,187,-1,187,168,164,-1,187,164,188,-1,188,164,177,-1,155,189,190,-1,190,189,191,-1,190,191,192,-1,193,156,194,-1,194,156,155,-1,194,155,195,-1,195,155,190,-1,163,162,196,-1,191,197,192,-1,192,197,198,-1,192,198,199,-1,199,198,200,-1,199,200,201,-1,201,200,163,-1,201,163,202,-1,202,163,196,-1,203,193,150,-1,194,180,193,-1,193,180,151,-1,193,151,150,-1,204,205,206,-1,203,150,206,-1,206,150,207,-1,206,207,204,-1,
        ]
    }
}
Shape{
    appearance Appearance {
        material  Material {
            diffuseColor 1.0 1.0 1.0
            specularColor 0.8784313725490196 0.8784313725490196 0.8784313725490196
            ambientIntensity 1.0
            transparency 0.0
            shininess 0.5
        }
    }
    geometry IndexedFaceSet {
        ccw TRUE
        solid FALSE
        coord DEF co Coordinate {
            point [
                -5.2795 4.0768 0.0394, -5.1614 4.0768 0.0394, -5.3189 4.1162 0.0394, -5.1614 4.4705 0.0394, -5.2795 4.4705 0.0394, -5.3189 4.4311 0.0394, -5.3136 4.0965 0.0394, -5.3074 4.0883 0.0394, -5.2992 4.0821 0.0394, -5.2992 4.4652 0.0394, -5.3074 4.459 0.0394, -5.3136 4.4508 0.0394, -5.3176 4.106 0.0394, -5.2897 4.0781 0.0394, -5.2897 4.4692 0.0394, -5.3176 4.4413 0.0394
            ]
        }
        coordIndex [
            0,1,2,-1,1,3,2,-1,2,3,4,-1,2,4,5,-1,6,7,8,-1,9,10,11,-1,2,12,0,-1,0,12,6,-1,0,6,13,-1,13,6,8,-1,4,14,5,-1,5,14,9,-1,5,9,15,-1,15,9,11,-1,
        ]
    }
}
Shape{
    appearance Appearance {
        material  Material {
            diffuseColor 0.6666666666666666 0.6980392156862745 0.7686274509803922
            specularColor 0.3333333333333333 0.34901960784313724 0.3843137254901961
            ambientIntensity 0.6967
            transparency 0.0
            shininess 0.5
        }
    }
    geometry IndexedFaceSet {
        ccw TRUE
        solid FALSE
        coord DEF co Coordinate {
            point [
                -5.2795 4.0768 -0.0, -5.2795 4.0768 0.0394, -5.2897 4.0781 0.0394, -5.2897 4.0781 -0.0, -5.2992 4.0821 0.0394, -5.2992 4.0821 -0.0, -5.3074 4.0883 0.0394, -5.3074 4.0883 -0.0, -5.3136 4.0965 0.0394, -5.3136 4.0965 -0.0, -5.3176 4.106 0.0394, -5.3176 4.106 -0.0, -5.3189 4.1162 0.0394, -5.3189 4.1162 -0.0, -5.2795 4.4705 0.0394, -5.2795 4.4705 -0.0, -5.2897 4.4692 -0.0, -5.2897 4.4692 0.0394, -5.2992 4.4652 -0.0, -5.2992 4.4652 0.0394, -5.3074 4.459 -0.0, -5.3074 4.459 0.0394, -5.3136 4.4508 -0.0, -5.3136 4.4508 0.0394, -5.3176 4.4413 -0.0, -5.3176 4.4413 0.0394, -5.3189 4.4311 -0.0, -5.3189 4.4311 0.0394, -5.1614 4.4705 0.0394, -5.1614 4.0768 0.0394, -5.1512 4.4705 0.0407, -5.1512 4.0768 0.0407, -5.1417 4.4705 0.0446, -5.1417 4.0768 0.0446, -5.1336 4.4705 0.0509, -5.1336 4.0768 0.0509, -5.1273 4.4705 0.0591, -5.1273 4.0768 0.0591, -5.1234 4.4705 0.0686, -5.1234 4.0768 0.0686, -5.122 4.4705 0.0787, -5.122 4.0768 0.0787, -5.0827 4.4705 0.0394, -5.0827 4.0768 0.0394, -5.084 4.0768 0.0292, -5.084 4.4705 0.0292, -5.0879 4.0768 0.0197, -5.0879 4.4705 0.0197, -5.0942 4.0768 0.0115, -5.0942 4.4705 0.0115, -5.1024 4.0768 0.0053, -5.1024 4.4705 0.0053, -5.1119 4.0768 0.0013, -5.1119 4.4705 0.0013, -5.122 4.0768 -0.0, -5.122 4.4705 -0.0, -5.0827 4.4705 0.856, -5.122 4.4705 0.856, -5.122 4.4692 0.8662, -5.0827 4.4692 0.8662, -5.122 4.4652 0.8757, -5.0827 4.4652 0.8757, -5.122 4.459 0.8838, -5.0827 4.459 0.8838, -5.122 4.4508 0.8901, -5.0827 4.4508 0.8901, -5.122 4.4413 0.894, -5.0827 4.4413 0.894, -5.122 4.4311 0.8954, -5.0827 4.4311 0.8954
            ]
        }
        coordIndex [
            0,1,2,-1,0,2,3,-1,3,2,4,-1,3,4,5,-1,5,4,6,-1,5,6,7,-1,7,6,8,-1,7,8,9,-1,9,8,10,-1,9,10,11,-1,11,10,12,-1,11,12,13,-1,14,15,16,-1,14,16,17,-1,17,16,18,-1,17,18,19,-1,19,18,20,-1,19,20,21,-1,21,20,22,-1,21,22,23,-1,23,22,24,-1,23,24,25,-1,25,24,26,-1,25,26,27,-1,28,29,30,-1,30,29,31,-1,30,31,32,-1,32,31,33,-1,32,33,34,-1,34,33,35,-1,34,35,36,-1,36,35,37,-1,36,37,38,-1,38,37,39,-1,38,39,40,-1,40,39,41,-1,42,43,44,-1,42,44,45,-1,45,44,46,-1,45,46,47,-1,47,46,48,-1,47,48,49,-1,49,48,50,-1,49,50,51,-1,51,50,52,-1,51,52,53,-1,53,52,54,-1,53,54,55,-1,56,57,58,-1,56,58,59,-1,59,58,60,-1,59,60,61,-1,61,60,62,-1,61,62,63,-1,63,62,64,-1,63,64,65,-1,65,64,66,-1,65,66,67,-1,67,66,68,-1,67,68,69,-1,
        ]
    }
}
Shape{
    appearance Appearance {
        material  Material {
            diffuseColor 0.2980392156862745 0.2980392156862745 0.2980392156862745
            specularColor 0.09019607843137255 0.09019607843137255 0.09019607843137255
            ambientIntensity 0.298
            transparency 0.0
            shininess 0.5
        }
    }
    geometry IndexedFaceSet {
        ccw TRUE
        solid FALSE
        coord DEF co Coordinate {
            point [
                0.1609 0.8318 -0.0, 0.0169 0.8318 -0.0, 0.0169 0.9494 -0.0, 0.8366 -0.1861 -0.0, 0.5125 -0.1861 -0.0, 0.5125 -0.1615 -0.0, 4.5866 -4.9932 -0.0, 4.5723 -5.0009 -0.0, 4.5723 -4.6604 -0.0, -4.895 -3.8139 -0.0, -5.2657 -3.8139 -0.0, -5.2657 -0.1861 -0.0, -5.4331 -3.8139 -0.0, -5.4331 -0.1861 -0.0, 5.2421 -4.4475 -0.0, 5.7087 -4.4475 -0.0, 5.7087 -4.6604 -0.0, 0.5125 -0.885 -0.0, 0.335 -0.885 -0.0, 0.335 -0.1861 -0.0, 0.1836 -0.885 -0.0, 0.1836 -0.1861 -0.0, -3.5492 -2.8149 -0.0, -4.1488 -4.6604 -0.0, -4.3533 -4.6604 -0.0, -4.1942 -4.7998 -0.0, -4.252 -7.0256 -0.0, -4.3533 -7.1269 -0.0, -4.252 -5.1648 -0.0, -4.2374 -4.9801 -0.0, -2.3578 -0.9221 -0.0, -2.633 -1.0311 -0.0, -2.7362 -0.1861 -0.0, -2.7362 -1.1061 -0.0, -3.5492 -0.1861 -0.0, -2.8725 -1.2051 -0.0, -3.0613 -1.4332 -0.0, -2.064 -0.885 -0.0, -1.7657 -0.1861 -0.0, -1.7657 -0.885 -0.0, -0.7795 -0.885 -0.0, -0.7795 -0.1861 -0.0, -0.4175 -0.885 -0.0, -0.4175 -0.1861 -0.0, -0.168 -0.885 -0.0, -0.168 -0.1861 -0.0, 0.0169 -0.885 -0.0, 0.1609 -0.1861 -0.0, 0.8366 -0.885 -0.0, 1.8856 -0.885 -0.0, 2.8829 -1.4332 -0.0, 3.1573 -0.1861 -0.0, 3.0089 -1.7011 -0.0, 3.1573 -2.1579 -0.0, 2.6942 -1.2051 -0.0, 2.4546 -1.0311 -0.0, 2.1752 -0.1861 -0.0, 2.1794 -0.9221 -0.0, 2.1752 -0.9216 -0.0, 4.1836 -0.1861 -0.0, 4.1836 -4.6604 -0.0, 3.8442 -0.2095 -0.0, 4.1587 -5.2868 -0.0, 4.1154 -5.1066 -0.0, 3.9705 -4.6604 -0.0, 3.4505 -0.2095 -0.0, 3.4505 -0.1861 -0.0, 4.1732 -5.4716 -0.0, 4.1836 -7.0359 -0.0, 4.1732 -7.0256 -0.0, 4.5394 -5.0187 -0.0, 4.5325 -5.025 -0.0, 4.5273 -5.0327 -0.0, 4.5241 -5.0415 -0.0, 4.5229 -5.0507 -0.0, 4.5229 -5.339 -0.0, 4.5241 -5.3482 -0.0, 4.5273 -5.357 -0.0, 5.7087 -0.1861 -0.0, 5.7087 -3.4154 -0.0, 5.2421 -3.4154 -0.0, 4.7904 -1.0697 -0.0, 4.7633 -1.0585 -0.0, 4.6227 -0.1861 -0.0, 4.8316 -1.1109 -0.0, 4.8137 -1.0876 -0.0, 4.6227 -4.2733 -0.0, 4.6255 -4.2946 -0.0, 4.6227 -4.6604 -0.0, 4.6368 -4.3217 -0.0, 4.6779 -1.0697 -0.0, 4.6547 -1.0876 -0.0, 4.7342 -1.0546 -0.0, 4.7051 -1.0585 -0.0, 4.6368 -1.1109 -0.0, 4.6255 -1.138 -0.0, 4.6227 -1.1592 -0.0, 4.6547 -4.345 -0.0, 4.6779 -4.3629 -0.0, 4.7051 -4.3741 -0.0, 4.7342 -4.3779 -0.0, 4.7633 -4.3741 -0.0, 4.7904 -4.3629 -0.0, 4.8137 -4.345 -0.0, 4.8316 -4.3217 -0.0, 4.8428 -4.2946 -0.0, 4.8467 -4.2654 -0.0, 4.8467 -1.1671 -0.0, 4.8428 -1.138 -0.0, -3.1873 -1.7011 -0.0, -4.3533 -0.1861 -0.0, -4.7441 -5.3837 -0.0, -4.6952 -5.3461 -0.0, -5.0292 -5.0121 -0.0, -5.0668 -5.061 -0.0, -5.2657 -4.8562 -0.0, -5.0904 -5.118 -0.0, -5.0984 -5.1791 -0.0, -5.0292 -5.3461 -0.0, -5.2657 -7.3405 -0.0, -5.0668 -5.2972 -0.0, -5.0904 -5.2402 -0.0, -4.8011 -4.9509 -0.0, -4.8622 -4.9429 -0.0, -4.895 -4.8562 -0.0, -4.9233 -4.9509 -0.0, -4.9803 -4.9745 -0.0, -4.9803 -5.3837 -0.0, -4.9233 -5.4073 -0.0, -4.5669 -7.3405 -0.0, -4.8622 -5.4153 -0.0, -4.8011 -5.4073 -0.0, -4.626 -5.1791 -0.0, -4.634 -5.2402 -0.0, -4.6576 -5.2972 -0.0, -4.634 -5.118 -0.0, -4.6576 -5.061 -0.0, -4.6952 -5.0121 -0.0, -4.895 -4.6604 -0.0, -4.7441 -4.9745 -0.0, -5.4331 -7.3405 -0.0, -5.4331 -4.8562 -0.0, -0.4823 2.1044 -0.0, -0.7795 1.9522 -0.0, -0.4823 3.2894 -0.0, -0.7795 4.0768 -0.0, -0.4175 3.2894 -0.0, -0.4175 4.0768 -0.0, -0.168 3.2894 -0.0, -0.168 4.0768 -0.0, -0.0886 3.2894 -0.0, 0.0169 4.0768 -0.0, -0.4175 1.9522 -0.0, -0.4175 2.1044 -0.0, -0.168 1.9522 -0.0, -0.168 2.1044 -0.0, 0.0169 1.9522 -0.0, -0.0886 2.1044 -0.0, 3.1573 1.9522 -0.0, 2.8642 1.8731 -0.0, 2.4705 1.8731 -0.0, 2.8642 0.9494 -0.0, 3.1573 0.9494 -0.0, 2.8642 0.9233 -0.0, 3.1573 0.8318 -0.0, 2.4705 0.9233 -0.0, 2.1752 0.8318 -0.0, 2.4705 0.9494 -0.0, 2.1752 0.9494 -0.0, 2.1752 1.9522 -0.0, 3.8442 -0.1615 -0.0, 3.8442 0.7404 -0.0, 4.1836 0.8318 -0.0, 3.4505 -0.1615 -0.0, 3.1573 -0.1615 -0.0, 3.4505 0.7404 -0.0, 4.1836 -0.1615 -0.0, 3.8442 -0.1861 -0.0, -0.0886 0.9494 -0.0, -0.0886 0.9272 -0.0, -0.168 0.9272 -0.0, -0.168 0.8318 -0.0, -0.4175 0.9272 -0.0, -0.4175 0.8318 -0.0, -0.4823 0.9272 -0.0, -0.7795 0.8318 -0.0, -0.4823 0.9494 -0.0, -0.7795 0.9494 -0.0, -0.4823 1.8731 -0.0, -0.0886 1.8731 -0.0, -0.168 1.8731 -0.0, -0.4175 1.8731 -0.0, 0.8366 0.8318 -0.0, 1.0925 0.9233 -0.0, 1.8799 0.9233 -0.0, 1.0925 0.9494 -0.0, 0.8366 0.9494 -0.0, 1.0925 1.8731 -0.0, 0.8366 1.9522 -0.0, 1.8799 1.8731 -0.0, 1.8799 0.9494 -0.0, 0.187 3.2894 -0.0, 0.187 2.1044 -0.0, 0.1836 1.9522 -0.0, 0.335 1.9522 -0.0, 0.335 2.1044 -0.0, 0.5125 1.9522 -0.0, 0.5125 2.1044 -0.0, 0.5807 2.1044 -0.0, 0.8366 4.0768 -0.0, 0.5807 3.2894 -0.0, 0.5125 4.0768 -0.0, 0.5125 3.2894 -0.0, 0.335 4.0768 -0.0, 0.335 3.2894 -0.0, 0.1836 4.0768 -0.0, -3.0177 0.9272 -0.0, -2.7362 0.8318 -0.0, -3.4114 0.9272 -0.0, -3.5492 0.8318 -0.0, -3.4114 0.9494 -0.0, -3.5492 0.9494 -0.0, -3.4114 1.8731 -0.0, -3.5492 1.9522 -0.0, -3.0177 1.8731 -0.0, -2.7362 1.9522 -0.0, -3.0177 0.9494 -0.0, -2.7362 0.9494 -0.0, -3.687 1.8731 -0.0, -4.0807 1.8731 -0.0, -3.687 0.9494 -0.0, -3.687 0.9272 -0.0, -4.0807 0.9272 -0.0, -4.3533 0.8318 -0.0, -4.0807 0.9494 -0.0, -4.3533 0.9494 -0.0, -4.3533 1.9522 -0.0, 3.4505 0.9716 -0.0, 3.8442 0.9716 -0.0, 4.1836 1.9522 -0.0, 3.8442 1.9522 -0.0, 3.8442 2.1527 -0.0, 3.4505 1.9522 -0.0, 3.4505 2.1527 -0.0, 3.1573 4.0768 -0.0, 4.1836 4.0768 -0.0, -1.7657 0.8318 -0.0, -1.4705 0.9272 -0.0, -1.0768 0.9272 -0.0, -1.4705 0.9494 -0.0, -1.7657 0.9494 -0.0, -1.4705 1.8731 -0.0, -1.7657 1.9522 -0.0, -1.0768 1.8731 -0.0, -1.0768 0.9494 -0.0, -2.4547 0.9272 -0.0, -2.061 0.9272 -0.0, -2.4547 0.9494 -0.0, -2.4547 1.8731 -0.0, -2.061 1.8731 -0.0, -2.061 0.9494 -0.0, 4.6227 -4.984 -0.0, 4.7442 -5.3965 -0.0, 5.7087 -7.3405 -0.0, 4.6922 -5.4097 -0.0, 4.6227 -7.3405 -0.0, 4.6385 -5.4097 -0.0, 4.6385 -4.98 -0.0, 4.6922 -4.98 -0.0, 4.7442 -4.9932 -0.0, 4.7913 -5.0187 -0.0, 4.7913 -5.371 -0.0, 4.7982 -5.3647 -0.0, 4.8034 -5.357 -0.0, 4.8067 -5.3482 -0.0, 4.8067 -5.0415 -0.0, 4.8034 -5.0327 -0.0, 4.7982 -5.025 -0.0, 4.8078 -5.339 -0.0, 4.8078 -5.0507 -0.0, 4.5325 -5.3647 -0.0, 4.5394 -5.371 -0.0, 4.4882 -7.3405 -0.0, 4.5723 -5.3888 -0.0, 4.5723 -7.3405 -0.0, 4.5866 -5.3965 -0.0, 4.6227 -5.4057 -0.0, 0.1836 0.0321 -0.0, 0.1801 0.0312 -0.0, 0.1801 0.0048 -0.0, 0.1801 -0.1284 -0.0, 0.1836 -0.1304 -0.0, 0.1836 0.0063 -0.0, 0.2023 0.0143 -0.0, 0.1837 -0.1304 -0.0, 0.2262 0.0174 -0.0, 0.2456 0.0152 -0.0, 0.2603 0.0099 -0.0, 0.274 0.0008 -0.0, 0.2859 -0.0123 -0.0, 0.3002 -0.0639 -0.0, 0.2982 -0.0852 -0.0, 0.2928 -0.1022 -0.0, 0.249 -0.139 -0.0, 0.2307 -0.1411 -0.0, 0.2634 -0.1337 -0.0, 0.2754 -0.1256 -0.0, 0.2847 -0.1158 -0.0, 0.2045 -0.1382 -0.0, 0.294 -0.0275 -0.0, 0.2992 -0.0486 -0.0, 0.2776 -0.1536 -0.0, 0.2935 -0.1435 -0.0, 0.335 -0.1615 -0.0, 0.3083 -0.1279 -0.0, 0.3187 -0.1092 -0.0, 0.3162 -0.0153 -0.0, 0.3046 0.0031 -0.0, 0.335 0.8318 -0.0, 0.2869 0.0202 -0.0, 0.3247 -0.0883 -0.0, 0.3266 -0.0655 -0.0, 0.3237 -0.0376 -0.0, 0.2682 0.031 -0.0, 0.2462 0.0374 -0.0, 0.1836 0.8318 -0.0, 0.2265 0.039 -0.0, 0.2029 0.0374 -0.0, 0.221 -0.1615 -0.0, 0.2289 -0.1626 -0.0, 0.2343 -0.1627 -0.0, 0.2459 -0.1615 -0.0, 0.2586 -0.1601 -0.0, 0.1609 -0.1615 -0.0, 0.1801 -0.1501 -0.0, 0.1836 -0.1615 -0.0, 0.1836 -0.1515 -0.0, 0.2011 -0.1587 -0.0, 4.6217 -4.2654 -0.0, 4.6217 -1.1671 -0.0, 4.5723 -0.1861 -0.0, 2.1752 -0.1615 -0.0, 0.8366 -0.1615 -0.0, 0.0169 -0.1615 -0.0, -4.3533 -0.1615 -0.0, -3.5492 -0.1615 -0.0, -2.7362 -0.1615 -0.0, -1.7657 -0.1615 -0.0, -0.7795 -0.1615 -0.0, -0.4175 -0.1615 -0.0, 0.5125 0.8318 -0.0, 0.3434 -0.1387 -0.0, 0.3434 -0.1603 -0.0, 0.4442 -0.1603 -0.0, 0.4442 0.0366 -0.0, 0.4178 -0.1387 -0.0, 0.4178 0.0366 -0.0, 0.0361 -0.1387 -0.0, 0.0361 -0.1603 -0.0, 0.1417 -0.1603 -0.0, 0.1417 0.0366 -0.0, 0.0409 0.015 -0.0, 0.0409 0.0366 -0.0, 0.1153 -0.0714 -0.0, 0.1153 -0.1387 -0.0, 0.0457 -0.0714 -0.0, 0.0457 -0.0498 -0.0, 0.1153 -0.0498 -0.0, 0.1153 0.015 -0.0, -0.0558 -0.1603 -0.0, -0.0023 -0.1603 -0.0, -0.0023 0.0366 -0.0, -0.168 -0.1615 -0.0, -0.1509 -0.1063 -0.0, -0.1396 -0.1239 -0.0, -0.1234 -0.1394 -0.0, -0.1029 -0.1514 -0.0, -0.0802 -0.1581 -0.0, -0.0863 0.0336 -0.0, -0.1093 0.0255 -0.0, -0.1308 0.0111 -0.0, -0.0579 0.0366 -0.0, -0.131 0.0109 -0.0, -0.1449 -0.0045 -0.0, -0.154 -0.0214 -0.0, 0.0169 -0.1861 -0.0, 0.1609 -0.885 -0.0, -0.1593 -0.0408 -0.0, -0.1608 -0.0594 -0.0, -0.158 -0.0857 -0.0, -0.204 -0.1603 -0.0, -0.1752 -0.1603 -0.0, -0.2496 0.0366 -0.0, -0.276 0.0366 -0.0, -0.3528 -0.1603 -0.0, -0.324 -0.1603 -0.0, -0.3041 -0.105 -0.0, -0.2228 -0.105 -0.0, 4.1836 0.9494 -0.0, 0.1609 0.9494 -0.0, 4.6227 -0.1615 -0.0, 5.7087 -0.1615 -0.0, 4.6227 0.8318 -0.0, 5.7087 0.8318 -0.0, 4.6227 0.9494 -0.0, 5.7087 0.9494 -0.0, 4.6227 1.9522 -0.0, 5.7087 1.9522 -0.0, 0.1609 1.9522 -0.0, 0.1836 0.9494 -0.0, 0.187 0.9272 -0.0, 0.335 0.9272 -0.0, 0.5125 0.9272 -0.0, 0.5807 0.9272 -0.0, 0.5807 0.9494 -0.0, 0.5807 1.8731 -0.0, 0.5125 1.8731 -0.0, 0.335 1.8731 -0.0, 0.187 1.8731 -0.0, 0.187 0.9494 -0.0, 5.5998 2.0313 -0.0, 5.5998 3.6356 -0.0, 4.6238 2.0313 -0.0, 4.6238 3.6356 -0.0, 4.6227 4.0768 -0.0, 5.7087 4.0768 -0.0, 4.5723 -0.1615 -0.0, 4.5723 0.8318 -0.0, 4.5723 0.9494 -0.0, 4.5723 1.9522 -0.0, 4.5723 4.0768 -0.0, 2.4705 3.2855 -0.0, 2.1752 4.0768 -0.0, 2.8642 3.2855 -0.0, 2.8642 2.1044 -0.0, 2.4705 2.1044 -0.0, 1.8799 3.2855 -0.0, 1.8799 2.1044 -0.0, 1.0925 2.1044 -0.0, 1.0925 3.2855 -0.0, 0.1609 4.0768 -0.0, -1.4705 3.2894 -0.0, -1.7657 4.0768 -0.0, -1.0768 3.2894 -0.0, -1.0768 2.1044 -0.0, -1.4705 2.1044 -0.0, -2.4547 3.2894 -0.0, -2.7362 4.0768 -0.0, -2.061 3.2894 -0.0, -2.061 2.1044 -0.0, -2.4547 2.1044 -0.0, -3.4114 2.1044 -0.0, -3.0177 2.1044 -0.0, -3.0177 3.2894 -0.0, -3.5492 4.0768 -0.0, -3.4114 3.2894 -0.0, -3.687 2.1044 -0.0, -3.687 3.2894 -0.0, -4.0807 2.1044 -0.0, -4.0807 3.2894 -0.0, -4.3533 4.0768 -0.0, -5.2657 -0.1615 -0.0, -5.2657 0.8318 -0.0, -5.2657 0.9494 -0.0, -5.2657 1.9522 -0.0, -5.2657 4.0768 -0.0, -5.4331 -0.1615 -0.0, -5.4331 0.8318 -0.0, -5.4331 0.9494 -0.0, -5.4331 1.9522 -0.0, -5.4331 4.0768 -0.0, 4.4882 -7.3405 0.1969, 4.8425 -7.3405 0.1969, 4.8425 -7.3405 1.1024, 5.7087 -7.3405 1.1024, -5.4331 2.5058 0.7597, -5.4331 -5.7815 1.1024, -5.4331 4.0768 1.1024, -5.4331 -7.3405 1.1024, -5.4331 -7.0886 1.1024, -5.4331 -7.0886 0.377, -5.4331 -5.7815 0.377, -5.4331 -4.8562 0.0394, -5.4331 -3.8139 0.0394, -5.4331 -1.7899 0.7597, -5.4331 -2.6152 0.7597, -5.4331 2.5058 0.377, -5.4331 3.346 0.377, -5.4331 3.346 0.7597, -5.4331 -1.7899 0.377, -5.4331 -2.6152 0.377, 5.7087 -4.4475 0.0394, 5.7087 -4.1913 0.7087, 5.7087 -4.1913 1.1024, 5.7087 -3.4154 0.0394, 5.7087 -0.3797 0.7087, 5.7087 -0.3797 1.1024, 5.7087 4.0768 1.1024, -5.4331 4.0768 0.7549, -4.7165 4.0768 1.1024, -4.7569 4.0768 -0.0, -4.7165 4.0768 0.7549, -4.7165 4.0768 -0.0, -4.0 4.0768 0.3584, -4.0 4.0768 0.4075, -3.7638 4.0768 0.4075, -3.5472 4.0768 0.7549, -3.7638 4.0768 0.3584, -3.5472 4.0768 -0.0, -2.7352 4.0768 0.7549, -2.7352 4.0768 -0.0, -3.0945 4.0768 0.3584, -3.3307 4.0768 0.3584, -3.3307 4.0768 0.4075, -3.0945 4.0768 0.4075, -2.1398 4.0768 0.3584, -2.376 4.0768 0.3584, -2.376 4.0768 0.4075, -2.1398 4.0768 0.4075, -1.7657 4.0768 0.7549, -1.1555 4.0768 0.3584, -1.3917 4.0768 0.3584, -1.3917 4.0768 0.4075, -1.1555 4.0768 0.4075, -0.7795 4.0768 0.7549, 1.1909 4.0768 -0.0, 1.1909 4.0768 0.7549, 0.0492 4.0768 -0.0, -0.1673 4.0768 0.3584, -0.4035 4.0768 0.3584, -0.4035 4.0768 0.4075, -0.1673 4.0768 0.4075, 2.5492 4.0768 0.3584, 2.7854 4.0768 0.3584, 2.7854 4.0768 0.4075, 5.7087 4.0768 0.7549, 2.5492 4.0768 0.4075, -3.5472 4.0768 1.1024, -2.7352 4.0768 1.1024, -1.7657 4.0768 1.1024, -0.7795 4.0768 1.1024, 1.1909 4.0768 1.1024, -5.1575 -7.3405 0.1969, -5.1575 -7.3405 1.1024, -4.5669 -7.3405 0.1969, 4.6448 -0.3797 1.1024, -4.8425 -7.0256 1.1024, -5.4724 -5.7815 1.1024, -5.4724 -7.0886 1.1024, -4.8425 3.4862 1.1024, 4.5276 -7.0256 1.1024, 4.6448 -4.1913 1.1024, 4.5276 3.4862 1.1024, -4.8425 -7.0256 0.1969, -4.8425 0.8318 0.1969, -4.8425 0.9494 0.1969, -4.8425 1.9887 0.1969, -4.8425 3.2874 0.1969, -4.8425 3.4862 0.1969, -4.8425 3.4862 0.2859, -3.5492 3.4862 0.1969, -3.5472 3.4862 0.2859, -3.5472 3.4862 0.1969, -2.7362 3.4862 0.1969, -2.7352 3.4862 0.2859, -2.7352 3.4862 0.1969, -1.7657 3.4862 0.2859, -1.7657 3.4862 0.1969, -0.7795 3.4862 0.2859, -0.7795 3.4862 0.1969, 0.0492 3.4862 0.1969, 1.1909 3.4862 0.2859, 0.8366 3.4862 0.1969, 1.1909 3.4862 0.1969, 2.1752 3.4862 0.1969, 3.1573 3.4862 0.1969, 3.6565 3.4862 0.1969, 3.6565 3.4862 0.2859, 4.1859 3.4862 0.1969, 4.5276 3.4862 0.2859, 4.5276 3.4862 0.1969, -3.7638 3.4862 0.4143, -3.7638 3.4862 0.375, -4.0 3.4862 0.375, -3.5472 3.4862 1.1024, -4.0 3.4862 0.4143, -3.3307 3.4862 0.4143, -2.7352 3.4862 1.1024, -3.0945 3.4862 0.4143, -3.0945 3.4862 0.375, -3.3307 3.4862 0.375, -2.376 3.4862 0.375, -2.1398 3.4862 0.375, -2.1398 3.4862 0.4143, -1.7657 3.4862 1.1024, -2.376 3.4862 0.4143, -1.3917 3.4862 0.375, -1.1555 3.4862 0.375, -1.1555 3.4862 0.4143, -0.7795 3.4862 1.1024, -1.3917 3.4862 0.4143, -0.4035 3.4862 0.375, -0.1673 3.4862 0.375, -0.1673 3.4862 0.4143, 1.1909 3.4862 1.1024, -0.4035 3.4862 0.4143, 3.6565 3.4862 1.1024, 2.5492 3.4862 0.4143, 2.7854 3.4862 0.4143, 2.7854 3.4862 0.375, 2.5492 3.4862 0.375, 4.5276 3.2874 0.1969, 4.5276 1.9887 0.1969, 4.5276 -7.0256 0.1969, 4.5276 0.8318 0.1969, 4.5276 0.9494 0.1969, -4.252 -7.0256 0.1969, -4.252 -5.1648 0.1969, -4.2374 -4.9801 0.1969, -4.1942 -4.7998 0.1969, -3.5492 -2.8149 0.1969, -3.5492 0.8318 0.1969, -3.687 0.9272 0.1969, -4.0807 0.9272 0.1969, -3.5492 1.9887 0.1969, -3.687 2.1044 0.1969, -4.0807 2.1044 0.1969, -3.687 3.2874 0.1969, -3.5492 3.2874 0.1969, -3.687 3.2894 0.1969, -4.0807 3.2894 0.1969, -4.0807 3.2874 0.1969, 4.3434 3.2874 0.1969, 4.3434 1.9887 0.1969, 4.3434 0.9494 0.1969, 4.3434 0.8318 0.1969, 4.3434 -7.1957 0.1969, 4.1732 -5.4716 0.1969, 4.1732 -7.0256 0.1969, 4.1154 -5.1066 0.1969, 4.1587 -5.2868 0.1969, 3.8442 -0.2095 0.1969, 3.1573 -2.1579 0.1969, 3.4505 -0.2095 0.1969, 3.4505 0.7404 0.1969, 3.1573 0.8318 0.1969, 3.8442 0.7404 0.1969, 3.0089 -1.7011 0.1969, 2.1752 -0.9216 0.1969, 2.1794 -0.9221 0.1969, 2.4546 -1.0311 0.1969, 2.6942 -1.2051 0.1969, 2.8829 -1.4332 0.1969, 0.0492 0.8318 0.1969, 0.0492 -0.885 0.1969, 0.8366 0.8318 0.1969, 0.8366 -0.885 0.1969, 2.1752 0.8318 0.1969, 1.8856 -0.885 0.1969, -0.7795 -0.885 0.1969, -0.7795 0.8318 0.1969, -1.7657 -0.885 0.1969, -1.7657 0.8318 0.1969, -2.633 -1.0311 0.1969, -2.3578 -0.9221 0.1969, -2.7362 0.8318 0.1969, -2.064 -0.885 0.1969, -3.1873 -1.7011 0.1969, -3.0613 -1.4332 0.1969, -2.8725 -1.2051 0.1969, -2.7362 -1.1061 0.1969, -3.687 0.9494 0.1969, -3.5492 0.9494 0.1969, -3.687 1.8731 0.1969, -4.0807 1.8731 0.1969, -4.0807 0.9494 0.1969, 0.5807 1.8731 0.1969, 0.8366 1.9887 0.1969, 0.187 1.8731 0.1969, 0.0492 1.9887 0.1969, 0.187 0.9494 0.1969, 0.0492 0.9494 0.1969, 0.187 0.9272 0.1969, 0.5807 0.9272 0.1969, 0.5807 0.9494 0.1969, 0.8366 0.9494 0.1969, -0.4823 2.1044 0.1969, -0.7795 1.9887 0.1969, -0.0886 2.1044 0.1969, -0.0886 3.2874 0.1969, 0.0492 3.2874 0.1969, -0.0886 3.2894 0.1969, -0.4823 3.2894 0.1969, -0.4823 3.2874 0.1969, -0.7795 3.2874 0.1969, 2.8642 0.9494 0.1969, 2.8642 0.9233 0.1969, 2.4705 0.9233 0.1969, 2.1752 0.9494 0.1969, 2.4705 0.9494 0.1969, 2.1752 1.9887 0.1969, 2.4705 1.8731 0.1969, 3.1573 1.9887 0.1969, 2.8642 1.8731 0.1969, 3.1573 0.9494 0.1969, -0.0886 0.9272 0.1969, -0.4823 0.9272 0.1969, -0.0886 0.9494 0.1969, -0.0886 1.8731 0.1969, -0.4823 1.8731 0.1969, -0.4823 0.9494 0.1969, -0.7795 0.9494 0.1969, 1.8799 1.8731 0.1969, 1.0925 1.8731 0.1969, 1.0925 0.9494 0.1969, 1.0925 0.9233 0.1969, 1.8799 0.9233 0.1969, 1.8799 0.9494 0.1969, 0.187 3.2894 0.1969, 0.187 3.2874 0.1969, 0.187 2.1044 0.1969, 0.5807 2.1044 0.1969, 0.5807 3.2874 0.1969, 0.8366 3.2874 0.1969, 0.5807 3.2894 0.1969, -2.4547 2.1044 0.1969, -2.7362 1.9887 0.1969, -2.061 2.1044 0.1969, -1.7657 1.9887 0.1969, -2.061 3.2874 0.1969, -1.7657 3.2874 0.1969, -2.061 3.2894 0.1969, -2.4547 3.2894 0.1969, -2.4547 3.2874 0.1969, -2.7362 3.2874 0.1969, -3.0177 1.8731 0.1969, -3.4114 1.8731 0.1969, -3.4114 0.9494 0.1969, -3.4114 0.9272 0.1969, -3.0177 0.9272 0.1969, -3.0177 0.9494 0.1969, -2.7362 0.9494 0.1969, -3.4114 2.1044 0.1969, -3.0177 2.1044 0.1969, -3.0177 3.2874 0.1969, -3.0177 3.2894 0.1969, -3.4114 3.2894 0.1969, -3.4114 3.2874 0.1969, 3.4505 1.9887 0.1969, 3.4505 2.1527 0.1969, 3.4505 0.9716 0.1969, 3.8442 0.9716 0.1969, 3.8442 1.9887 0.1969, 3.8442 2.1527 0.1969, 3.1573 3.2874 0.1969, -1.0768 1.8731 0.1969, -1.4705 1.8731 0.1969, -1.4705 0.9494 0.1969, -1.7657 0.9494 0.1969, -1.4705 0.9272 0.1969, -1.0768 0.9272 0.1969, -1.0768 0.9494 0.1969, -1.4705 2.1044 0.1969, -1.0768 2.1044 0.1969, -1.0768 3.2874 0.1969, -1.0768 3.2894 0.1969, -1.4705 3.2894 0.1969, -1.4705 3.2874 0.1969, -2.061 1.8731 0.1969, -2.4547 1.8731 0.1969, -2.4547 0.9494 0.1969, -2.4547 0.9272 0.1969, -2.061 0.9272 0.1969, -2.061 0.9494 0.1969, 1.0925 3.2855 0.1969, 1.8799 3.2855 0.1969, 1.0925 2.1044 0.1969, 1.8799 2.1044 0.1969, 2.1752 3.2874 0.1969, 2.4705 2.1044 0.1969, 2.8642 2.1044 0.1969, 2.8642 3.2855 0.1969, 2.4705 3.2855 0.1969, 4.3434 3.4862 0.1969, -3.687 3.2874 -0.0, -4.0807 3.2874 -0.0, -0.0886 3.2874 -0.0, -0.4823 3.2874 -0.0, 0.5807 3.2874 -0.0, 0.187 3.2874 -0.0, -2.061 3.2874 -0.0, -2.4547 3.2874 -0.0, -3.0177 3.2874 -0.0, -3.4114 3.2874 -0.0, 3.8442 1.9887 -0.0, 3.4505 1.9887 -0.0, -1.0768 3.2874 -0.0, -1.4705 3.2874 -0.0
            ]
        }
        coordIndex [
            0,1,2,-1,3,4,5,-1,6,7,8,-1,9,10,11,-1,10,12,13,-1,14,15,16,-1,17,18,19,-1,18,20,21,-1,22,23,24,-1,24,23,25,-1,26,27,28,-1,28,27,24,-1,28,24,29,-1,29,24,25,-1,30,31,32,-1,32,31,33,-1,32,33,34,-1,34,33,35,-1,34,35,36,-1,30,32,37,-1,37,32,38,-1,37,38,39,-1,39,38,40,-1,40,38,41,-1,40,41,42,-1,42,41,43,-1,42,43,44,-1,44,43,45,-1,44,45,46,-1,21,20,47,-1,17,4,48,-1,48,4,3,-1,48,3,49,-1,50,51,52,-1,52,51,53,-1,50,54,51,-1,51,54,55,-1,51,55,56,-1,56,55,57,-1,56,57,58,-1,59,60,61,-1,62,63,60,-1,60,63,64,-1,60,64,61,-1,61,64,53,-1,61,53,65,-1,65,53,51,-1,65,51,66,-1,62,60,67,-1,67,60,68,-1,67,68,69,-1,7,70,60,-1,70,71,60,-1,60,71,72,-1,60,72,73,-1,73,74,60,-1,60,74,75,-1,60,75,68,-1,68,75,76,-1,68,76,77,-1,78,79,80,-1,81,82,83,-1,84,85,78,-1,78,85,81,-1,86,87,88,-1,88,87,89,-1,83,90,91,-1,82,92,83,-1,83,92,93,-1,83,93,90,-1,91,94,83,-1,83,94,95,-1,83,95,96,-1,89,97,88,-1,88,97,98,-1,88,98,99,-1,99,100,88,-1,88,100,101,-1,88,101,14,-1,101,102,14,-1,14,102,103,-1,14,103,104,-1,104,105,14,-1,14,105,106,-1,14,106,80,-1,80,106,107,-1,80,107,78,-1,78,107,108,-1,78,108,84,-1,36,109,34,-1,34,109,22,-1,34,22,110,-1,110,22,24,-1,110,24,9,-1,111,112,27,-1,113,114,115,-1,115,114,116,-1,115,116,117,-1,118,119,120,-1,120,119,121,-1,122,123,124,-1,124,123,125,-1,124,125,115,-1,115,125,126,-1,115,126,113,-1,118,127,119,-1,119,127,128,-1,119,128,129,-1,129,128,130,-1,129,130,27,-1,27,130,131,-1,27,131,111,-1,132,24,133,-1,133,24,27,-1,133,27,134,-1,134,27,112,-1,132,135,24,-1,24,135,136,-1,24,136,137,-1,9,24,138,-1,138,24,137,-1,138,137,124,-1,124,137,139,-1,124,139,122,-1,140,141,119,-1,119,141,115,-1,119,115,121,-1,121,115,117,-1,142,143,144,-1,144,143,145,-1,144,145,146,-1,146,145,147,-1,146,147,148,-1,148,147,149,-1,148,149,150,-1,150,149,151,-1,152,153,154,-1,154,153,155,-1,154,155,156,-1,156,155,157,-1,158,159,160,-1,159,158,161,-1,161,158,162,-1,161,162,163,-1,163,162,164,-1,163,164,165,-1,165,164,166,-1,165,166,167,-1,167,166,168,-1,167,168,160,-1,160,168,169,-1,160,169,158,-1,170,171,172,-1,173,174,175,-1,175,174,164,-1,172,176,170,-1,170,176,59,-1,170,59,177,-1,177,59,61,-1,178,2,179,-1,179,2,1,-1,179,1,180,-1,180,1,181,-1,180,181,182,-1,182,181,183,-1,182,183,184,-1,184,183,185,-1,184,185,186,-1,186,185,187,-1,186,187,188,-1,188,187,143,-1,188,143,152,-1,152,143,142,-1,152,142,153,-1,156,189,154,-1,154,189,190,-1,154,190,152,-1,152,190,191,-1,152,191,188,-1,192,193,194,-1,193,192,195,-1,195,192,196,-1,195,196,197,-1,197,196,198,-1,197,198,199,-1,199,198,169,-1,199,169,200,-1,200,169,168,-1,200,168,194,-1,194,168,166,-1,194,166,192,-1,201,202,203,-1,203,202,204,-1,204,202,205,-1,204,205,206,-1,206,205,207,-1,206,207,198,-1,198,207,208,-1,198,208,209,-1,209,208,210,-1,209,210,211,-1,211,210,212,-1,211,212,213,-1,213,212,214,-1,213,214,215,-1,216,217,218,-1,218,217,219,-1,218,219,220,-1,220,219,221,-1,220,221,222,-1,222,221,223,-1,222,223,224,-1,224,223,225,-1,224,225,226,-1,226,225,227,-1,226,227,216,-1,216,227,217,-1,223,228,229,-1,228,223,230,-1,230,223,221,-1,230,221,231,-1,231,221,219,-1,231,219,232,-1,232,219,233,-1,232,233,234,-1,234,233,235,-1,234,235,229,-1,229,235,236,-1,229,236,223,-1,162,237,238,-1,239,240,241,-1,237,162,242,-1,242,162,158,-1,242,158,243,-1,243,158,244,-1,243,244,241,-1,241,244,245,-1,241,245,239,-1,246,247,248,-1,247,246,249,-1,249,246,250,-1,249,250,251,-1,251,250,252,-1,251,252,253,-1,253,252,143,-1,253,143,254,-1,254,143,187,-1,254,187,248,-1,248,187,185,-1,248,185,246,-1,217,255,256,-1,255,217,257,-1,257,217,227,-1,257,227,258,-1,258,227,225,-1,258,225,259,-1,259,225,252,-1,259,252,260,-1,260,252,250,-1,260,250,256,-1,256,250,246,-1,256,246,217,-1,6,8,261,-1,262,263,264,-1,264,263,265,-1,264,265,266,-1,267,88,268,-1,268,88,269,-1,14,16,88,-1,88,16,270,-1,88,270,269,-1,262,271,263,-1,263,271,272,-1,263,272,16,-1,16,272,273,-1,16,273,274,-1,275,276,16,-1,16,276,277,-1,16,277,270,-1,274,278,16,-1,16,278,279,-1,16,279,275,-1,77,280,68,-1,68,280,281,-1,68,281,282,-1,282,281,283,-1,282,283,284,-1,284,283,285,-1,284,285,265,-1,265,285,286,-1,265,286,266,-1,287,288,0,-1,0,288,289,-1,0,289,290,-1,290,289,291,-1,289,292,291,-1,291,292,293,-1,291,293,294,-1,294,293,295,-1,294,295,296,-1,296,297,294,-1,294,297,298,-1,294,298,299,-1,300,301,294,-1,294,301,302,-1,303,304,305,-1,305,304,306,-1,302,307,294,-1,294,307,306,-1,294,306,308,-1,308,306,304,-1,299,309,294,-1,294,309,310,-1,294,310,300,-1,311,312,313,-1,313,312,314,-1,313,314,315,-1,316,317,318,-1,318,317,319,-1,315,320,313,-1,313,320,321,-1,313,321,318,-1,318,321,322,-1,318,322,316,-1,319,323,318,-1,318,323,324,-1,318,324,325,-1,325,324,326,-1,325,326,327,-1,328,329,21,-1,21,329,330,-1,21,330,331,-1,18,21,19,-1,19,21,331,-1,19,331,313,-1,313,331,332,-1,313,332,311,-1,333,334,335,-1,335,334,336,-1,335,336,337,-1,267,261,88,-1,88,261,8,-1,88,8,86,-1,86,8,338,-1,338,8,339,-1,339,8,340,-1,339,340,96,-1,173,66,174,-1,174,66,51,-1,174,51,341,-1,341,51,56,-1,341,56,342,-1,337,328,335,-1,335,328,21,-1,335,21,333,-1,333,21,47,-1,333,47,343,-1,110,344,34,-1,34,344,345,-1,34,345,32,-1,32,345,346,-1,32,346,38,-1,38,346,347,-1,38,347,41,-1,41,347,348,-1,41,348,43,-1,43,348,349,-1,43,349,45,-1,164,174,166,-1,166,174,341,-1,166,341,192,-1,192,341,342,-1,192,342,350,-1,318,351,313,-1,313,351,352,-1,313,352,353,-1,17,19,4,-1,4,19,313,-1,4,313,5,-1,5,313,353,-1,5,353,354,-1,355,351,356,-1,356,351,318,-1,356,318,354,-1,354,318,350,-1,354,350,5,-1,5,350,342,-1,5,342,3,-1,3,342,56,-1,3,56,49,-1,49,56,58,-1,357,358,343,-1,343,358,359,-1,343,359,333,-1,333,359,360,-1,361,357,362,-1,362,357,1,-1,362,1,360,-1,360,1,0,-1,360,0,333,-1,333,0,290,-1,333,290,334,-1,363,364,365,-1,365,364,357,-1,365,357,366,-1,366,357,361,-1,366,361,367,-1,367,361,368,-1,369,370,343,-1,343,370,371,-1,372,373,374,-1,374,375,372,-1,372,375,376,-1,372,376,377,-1,378,379,181,-1,181,379,380,-1,357,343,1,-1,1,343,371,-1,1,371,181,-1,181,371,381,-1,181,381,378,-1,380,382,181,-1,181,382,383,-1,181,383,384,-1,377,369,372,-1,372,369,343,-1,372,343,385,-1,385,343,47,-1,385,47,386,-1,386,47,20,-1,384,387,181,-1,181,387,388,-1,181,388,372,-1,372,388,389,-1,372,389,373,-1,390,391,372,-1,372,391,181,-1,181,391,392,-1,181,392,183,-1,393,394,349,-1,349,394,395,-1,396,397,395,-1,395,397,390,-1,395,390,349,-1,349,390,372,-1,349,372,45,-1,45,372,385,-1,45,385,46,-1,46,385,386,-1,344,233,345,-1,345,233,219,-1,345,219,346,-1,346,219,217,-1,346,217,347,-1,347,217,246,-1,347,246,348,-1,348,246,185,-1,348,185,349,-1,349,185,183,-1,349,183,393,-1,393,183,392,-1,240,239,238,-1,238,239,398,-1,238,398,162,-1,162,398,172,-1,162,172,164,-1,164,172,171,-1,164,171,175,-1,327,287,325,-1,325,287,0,-1,325,0,399,-1,399,0,2,-1,399,2,156,-1,156,2,178,-1,156,178,189,-1,81,83,78,-1,78,83,400,-1,78,400,401,-1,401,400,402,-1,401,402,403,-1,403,402,404,-1,403,404,405,-1,405,404,406,-1,405,406,407,-1,408,203,409,-1,156,408,399,-1,399,408,409,-1,399,409,325,-1,325,409,410,-1,325,410,318,-1,318,410,411,-1,318,411,350,-1,350,411,412,-1,350,412,192,-1,192,412,413,-1,192,413,196,-1,196,413,414,-1,196,414,198,-1,198,414,415,-1,198,415,206,-1,206,415,416,-1,206,416,204,-1,204,416,417,-1,204,417,203,-1,203,417,418,-1,203,418,409,-1,409,418,419,-1,409,419,410,-1,407,420,421,-1,420,407,422,-1,422,407,406,-1,422,406,423,-1,423,406,424,-1,423,424,421,-1,421,424,425,-1,421,425,407,-1,96,340,83,-1,83,340,426,-1,83,426,400,-1,400,426,427,-1,400,427,402,-1,402,427,428,-1,402,428,404,-1,404,428,429,-1,404,429,406,-1,406,429,430,-1,406,430,424,-1,7,60,8,-1,8,60,59,-1,8,59,340,-1,340,59,176,-1,340,176,426,-1,426,176,172,-1,426,172,427,-1,427,172,398,-1,427,398,428,-1,428,398,239,-1,428,239,429,-1,429,239,245,-1,429,245,430,-1,431,432,433,-1,433,432,244,-1,433,244,434,-1,434,244,158,-1,434,158,435,-1,435,158,169,-1,435,169,431,-1,431,169,432,-1,436,432,437,-1,437,432,169,-1,437,169,438,-1,438,169,198,-1,438,198,439,-1,439,198,209,-1,439,209,436,-1,436,209,432,-1,157,150,156,-1,156,150,151,-1,156,151,408,-1,408,151,440,-1,408,440,203,-1,203,440,215,-1,203,215,201,-1,201,215,214,-1,441,442,443,-1,443,442,145,-1,443,145,444,-1,444,145,143,-1,444,143,445,-1,445,143,252,-1,445,252,441,-1,441,252,442,-1,446,447,448,-1,448,447,442,-1,448,442,449,-1,449,442,252,-1,449,252,450,-1,450,252,225,-1,450,225,446,-1,446,225,447,-1,223,451,225,-1,225,451,452,-1,225,452,447,-1,447,452,453,-1,447,453,454,-1,454,453,455,-1,223,456,457,-1,456,223,458,-1,458,223,236,-1,458,236,459,-1,459,236,460,-1,459,460,457,-1,457,460,454,-1,457,454,223,-1,223,454,455,-1,223,455,451,-1,9,11,110,-1,110,11,461,-1,110,461,344,-1,344,461,462,-1,344,462,233,-1,233,462,463,-1,233,463,235,-1,235,463,464,-1,235,464,236,-1,236,464,465,-1,236,465,460,-1,10,13,11,-1,11,13,466,-1,11,466,461,-1,461,466,467,-1,461,467,462,-1,462,467,468,-1,462,468,463,-1,463,468,469,-1,463,469,464,-1,464,469,470,-1,464,470,465,-1,282,284,471,-1,471,284,265,-1,471,265,472,-1,472,265,263,-1,472,263,473,-1,473,263,474,-1,475,476,477,-1,478,479,140,-1,140,479,480,-1,140,480,141,-1,141,480,481,-1,141,481,482,-1,482,481,476,-1,482,476,483,-1,468,467,475,-1,475,467,484,-1,475,484,476,-1,476,484,485,-1,476,485,483,-1,483,485,12,-1,468,475,469,-1,469,475,486,-1,469,486,470,-1,470,486,487,-1,470,487,477,-1,477,487,488,-1,477,488,475,-1,467,466,484,-1,484,466,13,-1,484,13,489,-1,489,13,12,-1,489,12,490,-1,490,12,485,-1,16,15,491,-1,263,16,474,-1,474,16,492,-1,474,492,493,-1,16,491,492,-1,492,491,494,-1,492,494,495,-1,495,494,79,-1,495,79,78,-1,78,401,495,-1,495,401,403,-1,495,403,496,-1,496,403,405,-1,496,405,497,-1,497,405,407,-1,497,407,425,-1,498,477,499,-1,470,498,500,-1,500,498,501,-1,500,501,502,-1,503,502,504,-1,504,502,501,-1,504,501,505,-1,505,501,506,-1,505,506,507,-1,507,506,508,-1,507,508,503,-1,503,508,454,-1,503,454,502,-1,509,510,447,-1,511,447,512,-1,512,447,508,-1,512,508,513,-1,513,508,506,-1,513,506,514,-1,514,506,509,-1,514,509,511,-1,511,509,447,-1,515,442,516,-1,516,442,510,-1,516,510,517,-1,517,510,509,-1,517,509,518,-1,518,509,519,-1,518,519,515,-1,515,519,442,-1,520,145,521,-1,521,145,442,-1,521,442,522,-1,522,442,519,-1,522,519,523,-1,523,519,524,-1,523,524,520,-1,520,524,145,-1,525,209,526,-1,526,209,527,-1,528,527,529,-1,529,527,145,-1,529,145,530,-1,530,145,524,-1,530,524,531,-1,531,524,526,-1,531,526,528,-1,528,526,527,-1,525,526,432,-1,432,526,532,-1,432,532,244,-1,244,532,533,-1,244,533,534,-1,425,244,535,-1,535,244,534,-1,535,534,526,-1,526,534,536,-1,526,536,532,-1,498,499,501,-1,501,499,537,-1,501,537,506,-1,506,537,538,-1,506,538,509,-1,509,538,539,-1,509,539,519,-1,519,539,540,-1,519,540,524,-1,524,540,541,-1,524,541,526,-1,526,541,497,-1,526,497,535,-1,542,543,478,-1,129,544,119,-1,119,544,542,-1,119,542,140,-1,140,542,478,-1,545,496,497,-1,473,474,493,-1,478,543,479,-1,479,543,546,-1,547,548,476,-1,476,548,479,-1,476,479,549,-1,549,479,546,-1,473,493,550,-1,493,551,550,-1,550,551,545,-1,550,545,552,-1,552,545,497,-1,552,497,549,-1,549,497,477,-1,549,477,476,-1,546,553,549,-1,549,553,554,-1,549,554,555,-1,555,556,549,-1,549,556,557,-1,549,557,558,-1,559,558,560,-1,561,562,563,-1,561,563,564,-1,564,563,565,-1,564,565,566,-1,566,565,567,-1,566,567,568,-1,567,569,568,-1,568,569,570,-1,568,570,571,-1,570,572,571,-1,571,572,573,-1,571,573,574,-1,575,576,577,-1,577,576,578,-1,577,578,579,-1,579,578,580,-1,581,582,561,-1,561,582,583,-1,581,584,585,-1,585,584,549,-1,585,549,583,-1,583,549,559,-1,583,559,561,-1,561,559,560,-1,561,560,562,-1,581,561,584,-1,584,561,586,-1,584,586,587,-1,587,586,588,-1,587,588,564,-1,564,588,589,-1,564,589,561,-1,561,589,590,-1,561,590,586,-1,591,564,592,-1,592,564,566,-1,592,566,593,-1,593,566,594,-1,593,594,595,-1,595,594,587,-1,595,587,591,-1,591,587,564,-1,596,566,597,-1,597,566,568,-1,597,568,598,-1,598,568,599,-1,598,599,600,-1,600,599,594,-1,600,594,596,-1,596,594,566,-1,601,568,602,-1,602,568,571,-1,602,571,603,-1,603,571,604,-1,603,604,605,-1,605,604,599,-1,605,599,601,-1,601,599,568,-1,606,604,607,-1,608,609,577,-1,577,609,610,-1,607,604,610,-1,610,604,571,-1,610,571,577,-1,577,571,574,-1,577,574,575,-1,579,552,577,-1,577,552,606,-1,577,606,608,-1,608,606,607,-1,580,611,552,-1,552,611,612,-1,613,550,614,-1,614,550,552,-1,614,552,615,-1,615,552,612,-1,542,544,553,-1,553,544,616,-1,616,617,553,-1,553,617,618,-1,553,618,554,-1,554,618,619,-1,554,619,620,-1,621,622,623,-1,624,625,626,-1,625,624,627,-1,627,624,628,-1,627,628,629,-1,629,628,560,-1,629,560,630,-1,630,560,558,-1,630,558,631,-1,631,558,557,-1,631,557,626,-1,626,557,556,-1,626,556,624,-1,611,632,633,-1,611,633,612,-1,612,633,634,-1,612,634,615,-1,614,635,613,-1,613,635,636,-1,613,636,472,-1,472,636,471,-1,637,638,636,-1,639,640,641,-1,639,641,642,-1,643,644,645,-1,645,644,646,-1,645,646,635,-1,635,646,641,-1,635,641,636,-1,636,641,640,-1,636,640,637,-1,641,643,642,-1,642,643,645,-1,642,645,647,-1,648,649,645,-1,645,649,650,-1,650,651,645,-1,645,651,652,-1,645,652,647,-1,653,654,655,-1,655,654,656,-1,655,656,657,-1,657,656,658,-1,657,658,648,-1,659,660,661,-1,661,660,662,-1,663,664,665,-1,665,664,662,-1,662,664,666,-1,662,666,661,-1,667,668,621,-1,621,668,669,-1,621,669,665,-1,665,669,670,-1,665,670,663,-1,622,621,671,-1,671,621,672,-1,671,672,673,-1,673,672,624,-1,673,624,674,-1,674,624,556,-1,674,556,675,-1,675,556,555,-1,675,555,623,-1,623,555,554,-1,623,554,621,-1,621,554,620,-1,621,620,667,-1,676,677,678,-1,678,677,679,-1,678,679,680,-1,680,679,681,-1,680,681,682,-1,682,681,653,-1,682,653,683,-1,683,653,655,-1,683,655,684,-1,684,655,685,-1,684,685,676,-1,676,685,677,-1,686,687,688,-1,688,687,679,-1,688,679,689,-1,689,679,690,-1,689,690,691,-1,691,690,570,-1,691,570,692,-1,692,570,569,-1,692,569,693,-1,693,569,694,-1,693,694,686,-1,686,694,687,-1,695,696,645,-1,645,696,697,-1,648,645,657,-1,657,645,697,-1,657,697,698,-1,698,697,699,-1,698,699,700,-1,700,699,701,-1,700,701,702,-1,702,701,703,-1,702,703,704,-1,653,705,706,-1,705,653,707,-1,707,653,681,-1,707,681,708,-1,708,681,679,-1,708,679,709,-1,709,679,687,-1,709,687,710,-1,710,687,711,-1,710,711,706,-1,706,711,660,-1,706,660,653,-1,653,660,659,-1,653,659,654,-1,712,700,713,-1,713,700,677,-1,713,677,714,-1,714,677,685,-1,714,685,715,-1,715,685,655,-1,715,655,716,-1,716,655,657,-1,716,657,717,-1,717,657,698,-1,717,698,712,-1,712,698,700,-1,572,570,718,-1,718,570,719,-1,719,570,690,-1,719,690,720,-1,720,690,679,-1,720,679,721,-1,721,679,677,-1,721,677,722,-1,722,677,723,-1,722,723,724,-1,725,726,727,-1,727,726,728,-1,727,728,729,-1,729,728,730,-1,729,730,731,-1,731,730,567,-1,731,567,732,-1,732,567,563,-1,732,563,733,-1,733,563,734,-1,733,734,725,-1,725,734,726,-1,735,726,736,-1,736,726,624,-1,736,624,737,-1,737,624,672,-1,737,672,738,-1,738,672,621,-1,738,621,739,-1,739,621,665,-1,739,665,740,-1,740,665,741,-1,740,741,735,-1,735,741,726,-1,742,624,743,-1,743,624,726,-1,743,726,744,-1,744,726,734,-1,744,734,745,-1,745,734,563,-1,745,563,746,-1,746,563,560,-1,746,560,747,-1,747,560,628,-1,747,628,742,-1,742,628,624,-1,702,748,749,-1,748,702,750,-1,750,702,704,-1,750,704,751,-1,751,704,634,-1,751,634,752,-1,752,634,633,-1,752,633,753,-1,753,633,632,-1,753,632,749,-1,749,632,754,-1,749,754,702,-1,755,687,756,-1,756,687,728,-1,756,728,757,-1,757,728,758,-1,757,758,759,-1,759,758,662,-1,759,662,760,-1,760,662,660,-1,760,660,761,-1,761,660,711,-1,761,711,755,-1,755,711,687,-1,762,728,763,-1,763,728,687,-1,763,687,764,-1,764,687,694,-1,764,694,765,-1,765,694,569,-1,765,569,766,-1,766,569,567,-1,766,567,767,-1,767,567,730,-1,767,730,762,-1,762,730,728,-1,768,728,769,-1,769,728,726,-1,769,726,770,-1,770,726,741,-1,770,741,771,-1,771,741,665,-1,771,665,772,-1,772,665,662,-1,772,662,773,-1,773,662,758,-1,773,758,768,-1,768,758,728,-1,614,615,635,-1,635,615,634,-1,635,634,645,-1,645,634,704,-1,645,704,695,-1,695,704,703,-1,723,774,775,-1,774,723,776,-1,776,723,677,-1,776,677,777,-1,777,677,700,-1,777,700,775,-1,775,700,778,-1,775,778,723,-1,779,700,780,-1,780,700,702,-1,780,702,781,-1,781,702,754,-1,781,754,782,-1,782,754,778,-1,782,778,779,-1,779,778,700,-1,611,580,632,-1,632,580,783,-1,632,783,754,-1,754,783,575,-1,754,575,778,-1,778,575,574,-1,778,574,723,-1,723,574,572,-1,723,572,724,-1,724,572,718,-1,418,678,419,-1,419,678,680,-1,419,680,410,-1,410,680,682,-1,410,682,413,-1,413,682,683,-1,413,683,414,-1,414,683,684,-1,414,684,415,-1,415,684,676,-1,415,676,418,-1,418,676,678,-1,456,625,784,-1,784,625,627,-1,784,627,457,-1,457,627,629,-1,457,629,459,-1,459,629,630,-1,459,630,785,-1,785,630,631,-1,785,631,458,-1,458,631,626,-1,458,626,456,-1,456,626,625,-1,157,688,786,-1,786,688,689,-1,786,689,150,-1,150,689,691,-1,150,691,144,-1,144,691,692,-1,144,692,787,-1,787,692,693,-1,787,693,142,-1,142,693,686,-1,142,686,157,-1,157,686,688,-1,160,701,167,-1,167,701,699,-1,167,699,165,-1,165,699,697,-1,165,697,163,-1,163,697,696,-1,163,696,161,-1,161,696,695,-1,161,695,159,-1,159,695,703,-1,159,703,160,-1,160,703,701,-1,434,780,433,-1,433,780,781,-1,433,781,431,-1,431,781,782,-1,431,782,435,-1,435,782,779,-1,435,779,434,-1,434,779,780,-1,175,644,65,-1,65,644,643,-1,65,643,61,-1,61,643,641,-1,61,641,171,-1,171,641,646,-1,171,646,175,-1,175,646,644,-1,188,709,186,-1,186,709,710,-1,186,710,184,-1,184,710,706,-1,184,706,179,-1,179,706,705,-1,179,705,178,-1,178,705,707,-1,178,707,189,-1,189,707,708,-1,189,708,188,-1,188,708,709,-1,197,713,195,-1,195,713,714,-1,195,714,193,-1,193,714,715,-1,193,715,194,-1,194,715,716,-1,194,716,200,-1,200,716,717,-1,200,717,199,-1,199,717,712,-1,199,712,197,-1,197,712,713,-1,438,776,437,-1,437,776,777,-1,437,777,436,-1,436,777,775,-1,436,775,439,-1,439,775,774,-1,439,774,438,-1,438,774,776,-1,208,721,788,-1,788,721,722,-1,788,722,210,-1,210,722,724,-1,210,724,201,-1,201,724,718,-1,201,718,789,-1,789,718,719,-1,789,719,202,-1,202,719,720,-1,202,720,208,-1,208,720,721,-1,449,727,790,-1,790,727,729,-1,790,729,448,-1,448,729,731,-1,448,731,446,-1,446,731,732,-1,446,732,791,-1,791,732,733,-1,791,733,450,-1,450,733,725,-1,450,725,449,-1,449,725,727,-1,222,736,220,-1,220,736,737,-1,220,737,218,-1,218,737,738,-1,218,738,216,-1,216,738,739,-1,216,739,226,-1,226,739,740,-1,226,740,224,-1,224,740,735,-1,224,735,222,-1,222,735,736,-1,452,743,792,-1,792,743,744,-1,792,744,453,-1,453,744,745,-1,453,745,455,-1,455,745,746,-1,455,746,793,-1,793,746,747,-1,793,747,451,-1,451,747,742,-1,451,742,452,-1,452,742,743,-1,229,674,234,-1,234,674,675,-1,234,675,232,-1,232,675,623,-1,232,623,231,-1,231,623,622,-1,231,622,230,-1,230,622,671,-1,230,671,228,-1,228,671,673,-1,228,673,229,-1,229,673,674,-1,238,751,794,-1,794,751,752,-1,794,752,241,-1,241,752,753,-1,241,753,243,-1,243,753,749,-1,243,749,795,-1,795,749,748,-1,795,748,237,-1,237,748,750,-1,237,750,238,-1,238,750,751,-1,251,756,249,-1,249,756,757,-1,249,757,247,-1,247,757,759,-1,247,759,248,-1,248,759,760,-1,248,760,254,-1,254,760,761,-1,254,761,253,-1,253,761,755,-1,253,755,251,-1,251,755,756,-1,444,763,796,-1,796,763,764,-1,796,764,443,-1,443,764,765,-1,443,765,441,-1,441,765,766,-1,441,766,797,-1,797,766,767,-1,797,767,445,-1,445,767,762,-1,445,762,444,-1,444,762,763,-1,258,769,257,-1,257,769,770,-1,257,770,255,-1,255,770,771,-1,255,771,256,-1,256,771,772,-1,256,772,260,-1,260,772,773,-1,260,773,259,-1,259,773,768,-1,259,768,258,-1,258,768,769,-1,
        ]
    }
}
Shape{
    appearance Appearance {
        material  Material {
            diffuseColor 0.6666666666666666 0.6980392156862745 0.7686274509803922
            specularColor 0.3333333333333333 0.34901960784313724 0.3843137254901961
            ambientIntensity 0.6967
            transparency 0.0
            shininess 0.5
        }
    }
    geometry IndexedFaceSet {
        ccw TRUE
        solid FALSE
        coord DEF co Coordinate {
            point [
                2.7854 2.275 0.4143, 2.5492 2.275 0.4143, 2.7854 2.2694 0.4147, 2.5492 2.2694 0.4147, 2.7854 1.5107 0.5239, 2.5492 1.5107 0.5239, 2.5492 1.486 0.5249, 2.7854 1.486 0.5249, 2.5492 1.4617 0.5207, 2.7854 1.4617 0.5207, 2.5492 1.4387 0.5115, 2.7854 1.4387 0.5115, 2.7854 1.031 0.2963, 2.5492 1.031 0.2963, 2.7854 1.0494 0.2615, 2.5492 1.0494 0.2615, 2.7854 1.4571 0.4767, 2.5492 1.4571 0.4767, 2.7854 1.4724 0.4828, 2.5492 1.4724 0.4828, 2.7854 1.4886 0.4856, 2.5492 1.4886 0.4856, 2.7854 1.5051 0.485, 2.5492 1.5051 0.485, 2.7854 2.2638 0.3758, 2.5492 2.2638 0.3758, 2.5492 2.275 0.375, 2.7854 2.275 0.375, 2.7854 3.4862 0.4143, 2.7854 3.4862 0.375, 2.5492 3.4862 0.4143, 2.5492 3.4862 0.375, 2.7854 4.1218 0.3514, 2.5492 4.1218 0.3514, 2.5492 4.1159 0.3691, 2.7854 4.1159 0.3691, 2.5492 4.1061 0.3849, 2.7854 4.1061 0.3849, 2.5492 4.0928 0.3979, 2.7854 4.0928 0.3979, 2.5492 4.0768 0.4075, 2.7854 4.0768 0.4075, 2.7854 4.0768 0.3584, 2.5492 4.0768 0.3584, 2.7854 4.0808 0.3513, 2.5492 4.0808 0.3513, 2.7854 4.0833 0.3435, 2.5492 4.0833 0.3435, 2.7854 4.4705 -0.0079, 2.7854 4.4705 0.0315, 2.7854 4.1876 -0.0079, 2.7854 4.1876 0.0315, 2.7854 4.1787 -0.0069, 2.7854 4.1703 -0.0039, 2.7854 4.1519 0.0151, 2.7854 4.1565 0.0074, 2.7854 4.1628 0.001, 2.7854 4.1491 0.0236, 2.5492 4.4705 0.0315, 2.5492 4.4705 -0.0079, 2.5492 4.1876 0.0315, 2.5492 4.1876 -0.0079, 2.5492 4.1787 -0.0069, 2.5492 4.1703 -0.0039, 2.5492 4.1628 0.001, 2.5492 4.1565 0.0074, 2.5492 4.1491 0.0236, 2.5492 4.1519 0.0151, -0.1673 2.275 0.4143, -0.4035 2.275 0.4143, -0.1673 2.2694 0.4147, -0.4035 2.2694 0.4147, -0.1673 1.5107 0.5239, -0.4035 1.5107 0.5239, -0.4035 1.486 0.5249, -0.1673 1.486 0.5249, -0.4035 1.4617 0.5207, -0.1673 1.4617 0.5207, -0.4035 1.4387 0.5115, -0.1673 1.4387 0.5115, -0.1673 1.031 0.2963, -0.4035 1.031 0.2963, -0.1673 1.0494 0.2615, -0.4035 1.0494 0.2615, -0.1673 1.4571 0.4767, -0.4035 1.4571 0.4767, -0.1673 1.4724 0.4828, -0.4035 1.4724 0.4828, -0.1673 1.4886 0.4856, -0.4035 1.4886 0.4856, -0.1673 1.5051 0.485, -0.4035 1.5051 0.485, -0.1673 2.2638 0.3758, -0.4035 2.2638 0.3758, -0.4035 2.275 0.375, -0.1673 2.275 0.375, -0.1673 3.4862 0.4143, -0.1673 3.4862 0.375, -0.4035 3.4862 0.4143, -0.4035 3.4862 0.375, -0.1673 4.1218 0.3514, -0.4035 4.1218 0.3514, -0.4035 4.1159 0.3691, -0.1673 4.1159 0.3691, -0.4035 4.1061 0.3849, -0.1673 4.1061 0.3849, -0.4035 4.0928 0.3979, -0.1673 4.0928 0.3979, -0.4035 4.0768 0.4075, -0.1673 4.0768 0.4075, -0.1673 4.0768 0.3584, -0.4035 4.0768 0.3584, -0.1673 4.0808 0.3513, -0.4035 4.0808 0.3513, -0.1673 4.0833 0.3435, -0.4035 4.0833 0.3435, -0.1673 4.4705 -0.0079, -0.1673 4.4705 0.0315, -0.1673 4.1876 -0.0079, -0.1673 4.1876 0.0315, -0.1673 4.1787 -0.0069, -0.1673 4.1703 -0.0039, -0.1673 4.1519 0.0151, -0.1673 4.1565 0.0074, -0.1673 4.1628 0.001, -0.1673 4.1491 0.0236, -0.4035 4.4705 0.0315, -0.4035 4.4705 -0.0079, -0.4035 4.1876 0.0315, -0.4035 4.1876 -0.0079, -0.4035 4.1787 -0.0069, -0.4035 4.1703 -0.0039, -0.4035 4.1628 0.001, -0.4035 4.1565 0.0074, -0.4035 4.1491 0.0236, -0.4035 4.1519 0.0151, -1.1555 2.275 0.4143, -1.3917 2.275 0.4143, -1.1555 2.2694 0.4147, -1.3917 2.2694 0.4147, -1.1555 1.5107 0.5239, -1.3917 1.5107 0.5239, -1.3917 1.486 0.5249, -1.1555 1.486 0.5249, -1.3917 1.4617 0.5207, -1.1555 1.4617 0.5207, -1.3917 1.4387 0.5115, -1.1555 1.4387 0.5115, -1.1555 1.031 0.2963, -1.3917 1.031 0.2963, -1.1555 1.0494 0.2615, -1.3917 1.0494 0.2615, -1.1555 1.4571 0.4767, -1.3917 1.4571 0.4767, -1.1555 1.4724 0.4828, -1.3917 1.4724 0.4828, -1.1555 1.4886 0.4856, -1.3917 1.4886 0.4856, -1.1555 1.5051 0.485, -1.3917 1.5051 0.485, -1.1555 2.2638 0.3758, -1.3917 2.2638 0.3758, -1.3917 2.275 0.375, -1.1555 2.275 0.375, -1.1555 3.4862 0.4143, -1.1555 3.4862 0.375, -1.3917 3.4862 0.4143, -1.3917 3.4862 0.375, -1.1555 4.1218 0.3514, -1.3917 4.1218 0.3514, -1.3917 4.1159 0.3691, -1.1555 4.1159 0.3691, -1.3917 4.1061 0.3849, -1.1555 4.1061 0.3849, -1.3917 4.0928 0.3979, -1.1555 4.0928 0.3979, -1.3917 4.0768 0.4075, -1.1555 4.0768 0.4075, -1.1555 4.0768 0.3584, -1.3917 4.0768 0.3584, -1.1555 4.0808 0.3513, -1.3917 4.0808 0.3513, -1.1555 4.0833 0.3435, -1.3917 4.0833 0.3435, -1.1555 4.4705 -0.0079, -1.1555 4.4705 0.0315, -1.1555 4.1876 -0.0079, -1.1555 4.1876 0.0315, -1.1555 4.1787 -0.0069, -1.1555 4.1703 -0.0039, -1.1555 4.1519 0.0151, -1.1555 4.1565 0.0074, -1.1555 4.1628 0.001, -1.1555 4.1491 0.0236, -1.3917 4.4705 0.0315, -1.3917 4.4705 -0.0079, -1.3917 4.1876 0.0315, -1.3917 4.1876 -0.0079, -1.3917 4.1787 -0.0069, -1.3917 4.1703 -0.0039, -1.3917 4.1628 0.001, -1.3917 4.1565 0.0074, -1.3917 4.1491 0.0236, -1.3917 4.1519 0.0151, -2.1398 2.275 0.4143, -2.376 2.275 0.4143, -2.1398 2.2694 0.4147, -2.376 2.2694 0.4147, -2.1398 1.5107 0.5239, -2.376 1.5107 0.5239, -2.376 1.486 0.5249, -2.1398 1.486 0.5249, -2.376 1.4617 0.5207, -2.1398 1.4617 0.5207, -2.376 1.4387 0.5115, -2.1398 1.4387 0.5115, -2.1398 1.031 0.2963, -2.376 1.031 0.2963, -2.1398 1.0494 0.2615, -2.376 1.0494 0.2615, -2.1398 1.4571 0.4767, -2.376 1.4571 0.4767, -2.1398 1.4724 0.4828, -2.376 1.4724 0.4828, -2.1398 1.4886 0.4856, -2.376 1.4886 0.4856, -2.1398 1.5051 0.485, -2.376 1.5051 0.485, -2.1398 2.2638 0.3758, -2.376 2.2638 0.3758, -2.376 2.275 0.375, -2.1398 2.275 0.375, -2.1398 3.4862 0.4143, -2.1398 3.4862 0.375, -2.376 3.4862 0.4143, -2.376 3.4862 0.375, -2.1398 4.1218 0.3514, -2.376 4.1218 0.3514, -2.376 4.1159 0.3691, -2.1398 4.1159 0.3691, -2.376 4.1061 0.3849, -2.1398 4.1061 0.3849, -2.376 4.0928 0.3979, -2.1398 4.0928 0.3979, -2.376 4.0768 0.4075, -2.1398 4.0768 0.4075, -2.1398 4.0768 0.3584, -2.376 4.0768 0.3584, -2.1398 4.0808 0.3513, -2.376 4.0808 0.3513, -2.1398 4.0833 0.3435, -2.376 4.0833 0.3435, -2.1398 4.4705 -0.0079, -2.1398 4.4705 0.0315, -2.1398 4.1876 -0.0079, -2.1398 4.1876 0.0315, -2.1398 4.1787 -0.0069, -2.1398 4.1703 -0.0039, -2.1398 4.1519 0.0151, -2.1398 4.1565 0.0074, -2.1398 4.1628 0.001, -2.1398 4.1491 0.0236, -2.376 4.4705 0.0315, -2.376 4.4705 -0.0079, -2.376 4.1876 0.0315, -2.376 4.1876 -0.0079, -2.376 4.1787 -0.0069, -2.376 4.1703 -0.0039, -2.376 4.1628 0.001, -2.376 4.1565 0.0074, -2.376 4.1491 0.0236, -2.376 4.1519 0.0151, -3.0945 2.275 0.4143, -3.3307 2.275 0.4143, -3.0945 2.2694 0.4147, -3.3307 2.2694 0.4147, -3.0945 1.5107 0.5239, -3.3307 1.5107 0.5239, -3.3307 1.486 0.5249, -3.0945 1.486 0.5249, -3.3307 1.4617 0.5207, -3.0945 1.4617 0.5207, -3.3307 1.4387 0.5115, -3.0945 1.4387 0.5115, -3.0945 1.031 0.2963, -3.3307 1.031 0.2963, -3.0945 1.0494 0.2615, -3.3307 1.0494 0.2615, -3.0945 1.4571 0.4767, -3.3307 1.4571 0.4767, -3.0945 1.4724 0.4828, -3.3307 1.4724 0.4828, -3.0945 1.4886 0.4856, -3.3307 1.4886 0.4856, -3.0945 1.5051 0.485, -3.3307 1.5051 0.485, -3.0945 2.2638 0.3758, -3.3307 2.2638 0.3758, -3.3307 2.275 0.375, -3.0945 2.275 0.375, -3.0945 3.4862 0.4143, -3.0945 3.4862 0.375, -3.3307 3.4862 0.4143, -3.3307 3.4862 0.375, -3.0945 4.1218 0.3514, -3.3307 4.1218 0.3514, -3.3307 4.1159 0.3691, -3.0945 4.1159 0.3691, -3.3307 4.1061 0.3849, -3.0945 4.1061 0.3849, -3.3307 4.0928 0.3979, -3.0945 4.0928 0.3979, -3.3307 4.0768 0.4075, -3.0945 4.0768 0.4075, -3.0945 4.0768 0.3584, -3.3307 4.0768 0.3584, -3.0945 4.0808 0.3513, -3.3307 4.0808 0.3513, -3.0945 4.0833 0.3435, -3.3307 4.0833 0.3435, -3.0945 4.4705 -0.0079, -3.0945 4.4705 0.0315, -3.0945 4.1876 -0.0079, -3.0945 4.1876 0.0315, -3.0945 4.1787 -0.0069, -3.0945 4.1703 -0.0039, -3.0945 4.1519 0.0151, -3.0945 4.1565 0.0074, -3.0945 4.1628 0.001, -3.0945 4.1491 0.0236, -3.3307 4.4705 0.0315, -3.3307 4.4705 -0.0079, -3.3307 4.1876 0.0315, -3.3307 4.1876 -0.0079, -3.3307 4.1787 -0.0069, -3.3307 4.1703 -0.0039, -3.3307 4.1628 0.001, -3.3307 4.1565 0.0074, -3.3307 4.1491 0.0236, -3.3307 4.1519 0.0151, -3.7638 2.275 0.4143, -4.0 2.275 0.4143, -3.7638 2.2694 0.4147, -4.0 2.2694 0.4147, -3.7638 1.5107 0.5239, -4.0 1.5107 0.5239, -4.0 1.486 0.5249, -3.7638 1.486 0.5249, -4.0 1.4617 0.5207, -3.7638 1.4617 0.5207, -4.0 1.4387 0.5115, -3.7638 1.4387 0.5115, -3.7638 1.031 0.2963, -4.0 1.031 0.2963, -3.7638 1.0494 0.2615, -4.0 1.0494 0.2615, -3.7638 1.4571 0.4767, -4.0 1.4571 0.4767, -3.7638 1.4724 0.4828, -4.0 1.4724 0.4828, -3.7638 1.4886 0.4856, -4.0 1.4886 0.4856, -3.7638 1.5051 0.485, -4.0 1.5051 0.485, -3.7638 2.2638 0.3758, -4.0 2.2638 0.3758, -4.0 2.275 0.375, -3.7638 2.275 0.375, -3.7638 3.4862 0.4143, -3.7638 3.4862 0.375, -4.0 3.4862 0.4143, -4.0 3.4862 0.375, -3.7638 4.1218 0.3514, -4.0 4.1218 0.3514, -4.0 4.1159 0.3691, -3.7638 4.1159 0.3691, -4.0 4.1061 0.3849, -3.7638 4.1061 0.3849, -4.0 4.0928 0.3979, -3.7638 4.0928 0.3979, -4.0 4.0768 0.4075, -3.7638 4.0768 0.4075, -3.7638 4.0768 0.3584, -4.0 4.0768 0.3584, -3.7638 4.0808 0.3513, -4.0 4.0808 0.3513, -3.7638 4.0833 0.3435, -4.0 4.0833 0.3435, -3.7638 4.4705 -0.0079, -3.7638 4.4705 0.0315, -3.7638 4.1876 -0.0079, -3.7638 4.1876 0.0315, -3.7638 4.1787 -0.0069, -3.7638 4.1703 -0.0039, -3.7638 4.1519 0.0151, -3.7638 4.1565 0.0074, -3.7638 4.1628 0.001, -3.7638 4.1491 0.0236, -4.0 4.4705 0.0315, -4.0 4.4705 -0.0079, -4.0 4.1876 0.0315, -4.0 4.1876 -0.0079, -4.0 4.1787 -0.0069, -4.0 4.1703 -0.0039, -4.0 4.1628 0.001, -4.0 4.1565 0.0074, -4.0 4.1491 0.0236, -4.0 4.1519 0.0151
            ]
        }
        coordIndex [
            0,1,2,-1,2,1,3,-1,4,2,5,-1,5,2,3,-1,4,5,6,-1,4,6,7,-1,7,6,8,-1,7,8,9,-1,9,8,10,-1,9,10,11,-1,12,11,13,-1,13,11,10,-1,14,12,15,-1,15,12,13,-1,16,14,17,-1,17,14,15,-1,16,17,18,-1,18,17,19,-1,18,19,20,-1,20,19,21,-1,20,21,22,-1,22,21,23,-1,24,22,25,-1,25,22,23,-1,25,26,24,-1,24,26,27,-1,12,14,11,-1,11,14,16,-1,11,16,9,-1,9,16,18,-1,9,18,7,-1,7,18,20,-1,7,20,4,-1,4,20,22,-1,4,22,2,-1,2,22,24,-1,2,24,0,-1,0,24,27,-1,0,27,28,-1,28,27,29,-1,30,31,1,-1,1,31,26,-1,1,26,3,-1,3,26,25,-1,3,25,5,-1,5,25,23,-1,5,23,6,-1,6,23,21,-1,6,21,8,-1,8,21,19,-1,8,19,10,-1,10,19,17,-1,10,17,13,-1,13,17,15,-1,29,27,31,-1,31,27,26,-1,1,0,30,-1,30,0,28,-1,32,33,34,-1,32,34,35,-1,35,34,36,-1,35,36,37,-1,37,36,38,-1,37,38,39,-1,39,38,40,-1,39,40,41,-1,42,43,44,-1,44,43,45,-1,44,45,46,-1,46,45,47,-1,39,41,42,-1,48,49,50,-1,50,49,51,-1,50,51,52,-1,52,51,53,-1,39,42,37,-1,37,42,44,-1,37,44,35,-1,54,55,51,-1,51,55,56,-1,51,56,53,-1,35,44,32,-1,32,44,46,-1,32,46,51,-1,51,46,57,-1,51,57,54,-1,58,59,60,-1,60,59,61,-1,60,61,62,-1,62,63,60,-1,60,63,64,-1,60,64,65,-1,40,38,43,-1,43,38,36,-1,43,36,45,-1,45,36,34,-1,45,34,47,-1,47,34,33,-1,47,33,66,-1,66,33,60,-1,66,60,67,-1,67,60,65,-1,48,50,59,-1,59,50,61,-1,49,48,58,-1,58,48,59,-1,51,49,60,-1,60,49,58,-1,32,51,33,-1,33,51,60,-1,57,46,66,-1,66,46,47,-1,57,66,67,-1,57,67,54,-1,54,67,65,-1,54,65,55,-1,55,65,64,-1,55,64,56,-1,56,64,63,-1,56,63,53,-1,53,63,62,-1,53,62,52,-1,52,62,61,-1,52,61,50,-1,68,69,70,-1,70,69,71,-1,72,70,73,-1,73,70,71,-1,72,73,74,-1,72,74,75,-1,75,74,76,-1,75,76,77,-1,77,76,78,-1,77,78,79,-1,80,79,81,-1,81,79,78,-1,82,80,83,-1,83,80,81,-1,84,82,85,-1,85,82,83,-1,84,85,86,-1,86,85,87,-1,86,87,88,-1,88,87,89,-1,88,89,90,-1,90,89,91,-1,92,90,93,-1,93,90,91,-1,93,94,92,-1,92,94,95,-1,80,82,79,-1,79,82,84,-1,79,84,77,-1,77,84,86,-1,77,86,75,-1,75,86,88,-1,75,88,72,-1,72,88,90,-1,72,90,70,-1,70,90,92,-1,70,92,68,-1,68,92,95,-1,68,95,96,-1,96,95,97,-1,98,99,69,-1,69,99,94,-1,69,94,71,-1,71,94,93,-1,71,93,73,-1,73,93,91,-1,73,91,74,-1,74,91,89,-1,74,89,76,-1,76,89,87,-1,76,87,78,-1,78,87,85,-1,78,85,81,-1,81,85,83,-1,97,95,99,-1,99,95,94,-1,69,68,98,-1,98,68,96,-1,100,101,102,-1,100,102,103,-1,103,102,104,-1,103,104,105,-1,105,104,106,-1,105,106,107,-1,107,106,108,-1,107,108,109,-1,110,111,112,-1,112,111,113,-1,112,113,114,-1,114,113,115,-1,107,109,110,-1,116,117,118,-1,118,117,119,-1,118,119,120,-1,120,119,121,-1,107,110,105,-1,105,110,112,-1,105,112,103,-1,122,123,119,-1,119,123,124,-1,119,124,121,-1,103,112,100,-1,100,112,114,-1,100,114,119,-1,119,114,125,-1,119,125,122,-1,126,127,128,-1,128,127,129,-1,128,129,130,-1,130,131,128,-1,128,131,132,-1,128,132,133,-1,108,106,111,-1,111,106,104,-1,111,104,113,-1,113,104,102,-1,113,102,115,-1,115,102,101,-1,115,101,134,-1,134,101,128,-1,134,128,135,-1,135,128,133,-1,116,118,127,-1,127,118,129,-1,117,116,126,-1,126,116,127,-1,119,117,128,-1,128,117,126,-1,100,119,101,-1,101,119,128,-1,125,114,134,-1,134,114,115,-1,125,134,135,-1,125,135,122,-1,122,135,133,-1,122,133,123,-1,123,133,132,-1,123,132,124,-1,124,132,131,-1,124,131,121,-1,121,131,130,-1,121,130,120,-1,120,130,129,-1,120,129,118,-1,136,137,138,-1,138,137,139,-1,140,138,141,-1,141,138,139,-1,140,141,142,-1,140,142,143,-1,143,142,144,-1,143,144,145,-1,145,144,146,-1,145,146,147,-1,148,147,149,-1,149,147,146,-1,150,148,151,-1,151,148,149,-1,152,150,153,-1,153,150,151,-1,152,153,154,-1,154,153,155,-1,154,155,156,-1,156,155,157,-1,156,157,158,-1,158,157,159,-1,160,158,161,-1,161,158,159,-1,161,162,160,-1,160,162,163,-1,148,150,147,-1,147,150,152,-1,147,152,145,-1,145,152,154,-1,145,154,143,-1,143,154,156,-1,143,156,140,-1,140,156,158,-1,140,158,138,-1,138,158,160,-1,138,160,136,-1,136,160,163,-1,136,163,164,-1,164,163,165,-1,166,167,137,-1,137,167,162,-1,137,162,139,-1,139,162,161,-1,139,161,141,-1,141,161,159,-1,141,159,142,-1,142,159,157,-1,142,157,144,-1,144,157,155,-1,144,155,146,-1,146,155,153,-1,146,153,149,-1,149,153,151,-1,165,163,167,-1,167,163,162,-1,137,136,166,-1,166,136,164,-1,168,169,170,-1,168,170,171,-1,171,170,172,-1,171,172,173,-1,173,172,174,-1,173,174,175,-1,175,174,176,-1,175,176,177,-1,178,179,180,-1,180,179,181,-1,180,181,182,-1,182,181,183,-1,175,177,178,-1,184,185,186,-1,186,185,187,-1,186,187,188,-1,188,187,189,-1,175,178,173,-1,173,178,180,-1,173,180,171,-1,190,191,187,-1,187,191,192,-1,187,192,189,-1,171,180,168,-1,168,180,182,-1,168,182,187,-1,187,182,193,-1,187,193,190,-1,194,195,196,-1,196,195,197,-1,196,197,198,-1,198,199,196,-1,196,199,200,-1,196,200,201,-1,176,174,179,-1,179,174,172,-1,179,172,181,-1,181,172,170,-1,181,170,183,-1,183,170,169,-1,183,169,202,-1,202,169,196,-1,202,196,203,-1,203,196,201,-1,184,186,195,-1,195,186,197,-1,185,184,194,-1,194,184,195,-1,187,185,196,-1,196,185,194,-1,168,187,169,-1,169,187,196,-1,193,182,202,-1,202,182,183,-1,193,202,203,-1,193,203,190,-1,190,203,201,-1,190,201,191,-1,191,201,200,-1,191,200,192,-1,192,200,199,-1,192,199,189,-1,189,199,198,-1,189,198,188,-1,188,198,197,-1,188,197,186,-1,204,205,206,-1,206,205,207,-1,208,206,209,-1,209,206,207,-1,208,209,210,-1,208,210,211,-1,211,210,212,-1,211,212,213,-1,213,212,214,-1,213,214,215,-1,216,215,217,-1,217,215,214,-1,218,216,219,-1,219,216,217,-1,220,218,221,-1,221,218,219,-1,220,221,222,-1,222,221,223,-1,222,223,224,-1,224,223,225,-1,224,225,226,-1,226,225,227,-1,228,226,229,-1,229,226,227,-1,229,230,228,-1,228,230,231,-1,216,218,215,-1,215,218,220,-1,215,220,213,-1,213,220,222,-1,213,222,211,-1,211,222,224,-1,211,224,208,-1,208,224,226,-1,208,226,206,-1,206,226,228,-1,206,228,204,-1,204,228,231,-1,204,231,232,-1,232,231,233,-1,234,235,205,-1,205,235,230,-1,205,230,207,-1,207,230,229,-1,207,229,209,-1,209,229,227,-1,209,227,210,-1,210,227,225,-1,210,225,212,-1,212,225,223,-1,212,223,214,-1,214,223,221,-1,214,221,217,-1,217,221,219,-1,233,231,235,-1,235,231,230,-1,205,204,234,-1,234,204,232,-1,236,237,238,-1,236,238,239,-1,239,238,240,-1,239,240,241,-1,241,240,242,-1,241,242,243,-1,243,242,244,-1,243,244,245,-1,246,247,248,-1,248,247,249,-1,248,249,250,-1,250,249,251,-1,243,245,246,-1,252,253,254,-1,254,253,255,-1,254,255,256,-1,256,255,257,-1,243,246,241,-1,241,246,248,-1,241,248,239,-1,258,259,255,-1,255,259,260,-1,255,260,257,-1,239,248,236,-1,236,248,250,-1,236,250,255,-1,255,250,261,-1,255,261,258,-1,262,263,264,-1,264,263,265,-1,264,265,266,-1,266,267,264,-1,264,267,268,-1,264,268,269,-1,244,242,247,-1,247,242,240,-1,247,240,249,-1,249,240,238,-1,249,238,251,-1,251,238,237,-1,251,237,270,-1,270,237,264,-1,270,264,271,-1,271,264,269,-1,252,254,263,-1,263,254,265,-1,253,252,262,-1,262,252,263,-1,255,253,264,-1,264,253,262,-1,236,255,237,-1,237,255,264,-1,261,250,270,-1,270,250,251,-1,261,270,271,-1,261,271,258,-1,258,271,269,-1,258,269,259,-1,259,269,268,-1,259,268,260,-1,260,268,267,-1,260,267,257,-1,257,267,266,-1,257,266,256,-1,256,266,265,-1,256,265,254,-1,272,273,274,-1,274,273,275,-1,276,274,277,-1,277,274,275,-1,276,277,278,-1,276,278,279,-1,279,278,280,-1,279,280,281,-1,281,280,282,-1,281,282,283,-1,284,283,285,-1,285,283,282,-1,286,284,287,-1,287,284,285,-1,288,286,289,-1,289,286,287,-1,288,289,290,-1,290,289,291,-1,290,291,292,-1,292,291,293,-1,292,293,294,-1,294,293,295,-1,296,294,297,-1,297,294,295,-1,297,298,296,-1,296,298,299,-1,284,286,283,-1,283,286,288,-1,283,288,281,-1,281,288,290,-1,281,290,279,-1,279,290,292,-1,279,292,276,-1,276,292,294,-1,276,294,274,-1,274,294,296,-1,274,296,272,-1,272,296,299,-1,272,299,300,-1,300,299,301,-1,302,303,273,-1,273,303,298,-1,273,298,275,-1,275,298,297,-1,275,297,277,-1,277,297,295,-1,277,295,278,-1,278,295,293,-1,278,293,280,-1,280,293,291,-1,280,291,282,-1,282,291,289,-1,282,289,285,-1,285,289,287,-1,301,299,303,-1,303,299,298,-1,273,272,302,-1,302,272,300,-1,304,305,306,-1,304,306,307,-1,307,306,308,-1,307,308,309,-1,309,308,310,-1,309,310,311,-1,311,310,312,-1,311,312,313,-1,314,315,316,-1,316,315,317,-1,316,317,318,-1,318,317,319,-1,311,313,314,-1,320,321,322,-1,322,321,323,-1,322,323,324,-1,324,323,325,-1,311,314,309,-1,309,314,316,-1,309,316,307,-1,326,327,323,-1,323,327,328,-1,323,328,325,-1,307,316,304,-1,304,316,318,-1,304,318,323,-1,323,318,329,-1,323,329,326,-1,330,331,332,-1,332,331,333,-1,332,333,334,-1,334,335,332,-1,332,335,336,-1,332,336,337,-1,312,310,315,-1,315,310,308,-1,315,308,317,-1,317,308,306,-1,317,306,319,-1,319,306,305,-1,319,305,338,-1,338,305,332,-1,338,332,339,-1,339,332,337,-1,320,322,331,-1,331,322,333,-1,321,320,330,-1,330,320,331,-1,323,321,332,-1,332,321,330,-1,304,323,305,-1,305,323,332,-1,329,318,338,-1,338,318,319,-1,329,338,339,-1,329,339,326,-1,326,339,337,-1,326,337,327,-1,327,337,336,-1,327,336,328,-1,328,336,335,-1,328,335,325,-1,325,335,334,-1,325,334,324,-1,324,334,333,-1,324,333,322,-1,340,341,342,-1,342,341,343,-1,344,342,345,-1,345,342,343,-1,344,345,346,-1,344,346,347,-1,347,346,348,-1,347,348,349,-1,349,348,350,-1,349,350,351,-1,352,351,353,-1,353,351,350,-1,354,352,355,-1,355,352,353,-1,356,354,357,-1,357,354,355,-1,356,357,358,-1,358,357,359,-1,358,359,360,-1,360,359,361,-1,360,361,362,-1,362,361,363,-1,364,362,365,-1,365,362,363,-1,365,366,364,-1,364,366,367,-1,352,354,351,-1,351,354,356,-1,351,356,349,-1,349,356,358,-1,349,358,347,-1,347,358,360,-1,347,360,344,-1,344,360,362,-1,344,362,342,-1,342,362,364,-1,342,364,340,-1,340,364,367,-1,340,367,368,-1,368,367,369,-1,370,371,341,-1,341,371,366,-1,341,366,343,-1,343,366,365,-1,343,365,345,-1,345,365,363,-1,345,363,346,-1,346,363,361,-1,346,361,348,-1,348,361,359,-1,348,359,350,-1,350,359,357,-1,350,357,353,-1,353,357,355,-1,369,367,371,-1,371,367,366,-1,341,340,370,-1,370,340,368,-1,372,373,374,-1,372,374,375,-1,375,374,376,-1,375,376,377,-1,377,376,378,-1,377,378,379,-1,379,378,380,-1,379,380,381,-1,382,383,384,-1,384,383,385,-1,384,385,386,-1,386,385,387,-1,379,381,382,-1,388,389,390,-1,390,389,391,-1,390,391,392,-1,392,391,393,-1,379,382,377,-1,377,382,384,-1,377,384,375,-1,394,395,391,-1,391,395,396,-1,391,396,393,-1,375,384,372,-1,372,384,386,-1,372,386,391,-1,391,386,397,-1,391,397,394,-1,398,399,400,-1,400,399,401,-1,400,401,402,-1,402,403,400,-1,400,403,404,-1,400,404,405,-1,380,378,383,-1,383,378,376,-1,383,376,385,-1,385,376,374,-1,385,374,387,-1,387,374,373,-1,387,373,406,-1,406,373,400,-1,406,400,407,-1,407,400,405,-1,388,390,399,-1,399,390,401,-1,389,388,398,-1,398,388,399,-1,391,389,400,-1,400,389,398,-1,372,391,373,-1,373,391,400,-1,397,386,406,-1,406,386,387,-1,397,406,407,-1,397,407,394,-1,394,407,405,-1,394,405,395,-1,395,405,404,-1,395,404,396,-1,396,404,403,-1,396,403,393,-1,393,403,402,-1,393,402,392,-1,392,402,401,-1,392,401,390,-1,
        ]
    }
}
Shape{
    appearance Appearance {
        material  Material {
            diffuseColor 0.2980392156862745 0.2980392156862745 0.2980392156862745
            specularColor 0.09019607843137255 0.09019607843137255 0.09019607843137255
            ambientIntensity 0.298
            transparency 0.0
            shininess 0.5
        }
    }
    geometry IndexedFaceSet {
        ccw TRUE
        solid FALSE
        coord DEF co Coordinate {
            point [
                -5.4724 -2.6152 0.377, -5.4724 -1.7899 0.377, -5.4331 -2.6152 0.377, -5.4331 -1.7899 0.377, -5.4724 -2.6152 0.7597, -5.4331 -2.6152 0.7597, -5.4724 -1.7899 0.7597, -5.4331 -1.7899 0.7597, -5.4724 2.5058 0.377, -5.4724 3.346 0.377, -5.4331 2.5058 0.377, -5.4331 3.346 0.377, -5.4724 2.5058 0.7597, -5.4331 2.5058 0.7597, -5.4724 3.346 0.7597, -5.4331 3.346 0.7597, -5.4724 -7.0886 0.377, -5.4724 -5.7815 0.377, -5.4331 -7.0886 0.377, -5.4331 -5.7815 0.377, -5.4724 -7.0886 1.1024, -5.4331 -7.0886 1.1024, -5.4724 -5.7815 1.1024, -5.4331 -5.7815 1.1024, -4.626 -5.1791 -0.0, -4.634 -5.118 -0.1969, -4.634 -5.118 -0.0, -4.6576 -5.061 -0.1969, -4.6576 -5.061 -0.0, -4.6952 -5.0121 -0.1969, -4.6952 -5.0121 -0.0, -4.7441 -4.9745 -0.1969, -4.7441 -4.9745 -0.0, -4.8011 -4.9509 -0.1969, -4.8011 -4.9509 -0.0, -4.8622 -4.9429 -0.1969, -4.8622 -4.9429 -0.0, -4.9233 -4.9509 -0.1969, -4.9233 -4.9509 -0.0, -4.9803 -4.9745 -0.1969, -4.9803 -4.9745 -0.0, -5.0292 -5.0121 -0.1969, -5.0292 -5.0121 -0.0, -5.0668 -5.061 -0.1969, -5.0668 -5.061 -0.0, -5.0904 -5.118 -0.1969, -5.0904 -5.118 -0.0, -5.0984 -5.1791 -0.1969, -5.0984 -5.1791 -0.0, -5.0904 -5.2402 -0.1969, -5.0904 -5.2402 -0.0, -5.0668 -5.2972 -0.1969, -5.0668 -5.2972 -0.0, -5.0292 -5.3461 -0.1969, -5.0292 -5.3461 -0.0, -4.9803 -5.3837 -0.1969, -4.9803 -5.3837 -0.0, -4.9233 -5.4073 -0.1969, -4.9233 -5.4073 -0.0, -4.8622 -5.4153 -0.1969, -4.8622 -5.4153 -0.0, -4.8011 -5.4073 -0.1969, -4.8011 -5.4073 -0.0, -4.7441 -5.3837 -0.1969, -4.7441 -5.3837 -0.0, -4.6952 -5.3461 -0.1969, -4.6952 -5.3461 -0.0, -4.6576 -5.2972 -0.1969, -4.6576 -5.2972 -0.0, -4.634 -5.2402 -0.1969, -4.634 -5.2402 -0.0, -4.626 -5.1791 -0.1969, -5.0327 -5.2775 -0.2362, -5.0523 -5.2301 -0.2362, -4.8622 -5.1791 -0.2362, -5.0591 -5.1791 -0.2362, -5.0523 -5.1282 -0.2362, -4.9131 -5.3693 -0.2362, -4.9606 -5.3496 -0.2362, -5.0014 -5.3183 -0.2362, -4.7638 -5.3496 -0.2362, -4.8113 -5.3693 -0.2362, -4.8622 -5.376 -0.2362, -4.6721 -5.2301 -0.2362, -4.6917 -5.2775 -0.2362, -4.723 -5.3183 -0.2362, -4.6917 -5.0807 -0.2362, -4.6721 -5.1282 -0.2362, -4.6653 -5.1791 -0.2362, -4.8113 -4.989 -0.2362, -4.7638 -5.0086 -0.2362, -4.723 -5.0399 -0.2362, -4.9606 -5.0086 -0.2362, -4.9131 -4.989 -0.2362, -4.8622 -4.9823 -0.2362, -5.0327 -5.0807 -0.2362, -5.0014 -5.0399 -0.2362, 4.5229 -5.0507 -0.1969, 4.5229 -5.0507 -0.0, 4.5241 -5.0415 -0.0, 4.5241 -5.0415 -0.1969, 4.5273 -5.0327 -0.0, 4.5273 -5.0327 -0.1969, 4.5325 -5.025 -0.0, 4.5325 -5.025 -0.1969, 4.5394 -5.0187 -0.0, 4.5394 -5.0187 -0.1969, 4.5723 -5.0009 -0.0, 4.5866 -4.9932 -0.1969, 4.5866 -4.9932 -0.0, 4.6227 -4.984 -0.0, 4.6385 -4.98 -0.1969, 4.6385 -4.98 -0.0, 4.6922 -4.98 -0.0, 4.6922 -4.98 -0.1969, 4.7442 -4.9932 -0.0, 4.7442 -4.9932 -0.1969, 4.7913 -5.0187 -0.0, 4.7913 -5.0187 -0.1969, 4.7982 -5.025 -0.0, 4.7982 -5.025 -0.1969, 4.8034 -5.0327 -0.0, 4.8034 -5.0327 -0.1969, 4.8067 -5.0415 -0.0, 4.8067 -5.0415 -0.1969, 4.8078 -5.0507 -0.0, 4.8078 -5.0507 -0.1969, 4.8078 -5.339 -0.1969, 4.8078 -5.339 -0.0, 4.8067 -5.3482 -0.0, 4.8067 -5.3482 -0.1969, 4.8034 -5.357 -0.0, 4.8034 -5.357 -0.1969, 4.7982 -5.3647 -0.0, 4.7982 -5.3647 -0.1969, 4.7913 -5.371 -0.0, 4.7913 -5.371 -0.1969, 4.7442 -5.3965 -0.0, 4.7442 -5.3965 -0.1969, 4.6922 -5.4097 -0.0, 4.6922 -5.4097 -0.1969, 4.6385 -5.4097 -0.0, 4.6385 -5.4097 -0.1969, 4.6227 -5.4057 -0.0, 4.5866 -5.3965 -0.1969, 4.5394 -5.371 -0.0, 4.5394 -5.371 -0.1969, 4.5723 -5.3888 -0.0, 4.5866 -5.3965 -0.0, 4.5325 -5.3647 -0.0, 4.5325 -5.3647 -0.1969, 4.5273 -5.357 -0.0, 4.5273 -5.357 -0.1969, 4.5241 -5.3482 -0.0, 4.5241 -5.3482 -0.1969, 4.5229 -5.339 -0.0, 4.5229 -5.339 -0.1969, 4.6873 -5.3707 -0.2362, 4.6009 -5.0298 -0.2362, 4.7298 -5.3599 -0.2362, 4.6434 -5.0191 -0.2362, 4.5623 -5.339 -0.2362, 4.5623 -5.0507 -0.2362, 4.6009 -5.3599 -0.2362, 4.6434 -5.3707 -0.2362, 4.7684 -5.0507 -0.2362, 4.7684 -5.339 -0.2362, 4.7298 -5.0298 -0.2362, 4.6873 -5.0191 -0.2362, 5.7087 -4.1913 0.7087, 4.6448 -4.1913 0.7087, 5.7087 -4.1913 1.1024, 4.6448 -4.1913 1.1024, 4.6448 -0.3797 0.7087, 4.6448 -0.3797 1.1024, 5.7087 -0.3797 0.7087, 5.7087 -0.3797 1.1024, 4.1732 -7.0256 0.1969, 4.1732 -5.4716 0.1969, 4.1732 -7.0256 -0.0, 4.1732 -5.4716 -0.0, 4.1154 -5.1066 0.1969, 4.1154 -5.1066 -0.0, 4.1587 -5.2868 0.1969, 4.1587 -5.2868 -0.0, 3.0089 -1.7011 0.1969, 3.0089 -1.7011 -0.0, 3.1573 -2.1579 0.1969, 3.1573 -2.1579 -0.0, 3.9705 -4.6604 -0.0, 1.8856 -0.885 0.1969, 1.8856 -0.885 -0.0, 2.1752 -0.9216 0.1969, 2.1752 -0.9216 -0.0, 2.1794 -0.9221 0.1969, 2.1794 -0.9221 -0.0, 2.4546 -1.0311 0.1969, 2.4546 -1.0311 -0.0, 2.6942 -1.2051 0.1969, 2.6942 -1.2051 -0.0, 2.8829 -1.4332 0.1969, 2.8829 -1.4332 -0.0, -2.064 -0.885 0.1969, -2.064 -0.885 -0.0, -1.7657 -0.885 0.1969, -1.7657 -0.885 -0.0, -0.7795 -0.885 0.1969, -0.7795 -0.885 -0.0, -0.4175 -0.885 -0.0, 0.0492 -0.885 0.1969, -0.168 -0.885 -0.0, 0.0169 -0.885 -0.0, 0.1609 -0.885 -0.0, 0.1836 -0.885 -0.0, 0.335 -0.885 -0.0, 0.8366 -0.885 0.1969, 0.8366 -0.885 -0.0, 0.5125 -0.885 -0.0, -3.1873 -1.7011 0.1969, -3.1873 -1.7011 -0.0, -3.0613 -1.4332 0.1969, -3.0613 -1.4332 -0.0, -2.8725 -1.2051 0.1969, -2.8725 -1.2051 -0.0, -2.7362 -1.1061 0.1969, -2.7362 -1.1061 -0.0, -2.633 -1.0311 0.1969, -2.633 -1.0311 -0.0, -2.3578 -0.9221 0.1969, -2.3578 -0.9221 -0.0, -3.5492 -2.8149 -0.0, -3.5492 -2.8149 0.1969, -4.1488 -4.6604 -0.0, -4.1942 -4.7998 0.1969, -4.1942 -4.7998 -0.0, -4.252 -5.1648 0.1969, -4.252 -5.1648 -0.0, -4.2374 -4.9801 0.1969, -4.2374 -4.9801 -0.0, -4.252 -7.0256 -0.0, -4.252 -7.0256 0.1969, 5.5998 2.0313 0.7874, 5.5998 3.6356 0.7874, 5.5998 2.0313 -0.0, 5.5998 3.6356 -0.0, 4.6238 3.6356 -0.0, 4.858 3.6356 0.6388, 4.7907 3.6356 0.679, 5.1916 3.6356 0.7157, 5.202 3.6356 0.7053, 5.1716 3.6356 0.6923, 5.1684 3.6356 0.6932, 5.1394 3.6356 0.6997, 5.1066 3.6356 0.7071, 5.0954 3.6356 0.7097, 5.1979 3.6356 0.6857, 5.1127 3.6356 0.7614, 5.1463 3.6356 0.7473, 5.1532 3.6356 0.7428, 5.2076 3.6356 0.6969, 5.2083 3.6356 0.6954, 5.2093 3.6356 0.692, 5.2091 3.6356 0.6888, 5.209 3.6356 0.6884, 5.2085 3.6356 0.6876, 5.1797 3.6356 0.6903, 4.8566 3.6356 0.7308, 4.9103 3.6356 0.758, 4.6238 3.6356 0.7874, 5.1792 3.6356 0.7259, 5.1855 3.6356 0.7218, 5.2094 3.6356 0.6902, 5.2094 3.6356 0.6899, 5.2081 3.6356 0.6872, 5.2071 3.6356 0.6865, 5.207 3.6356 0.6864, 5.2052 3.6356 0.6858, 4.8491 3.6356 0.727, 4.943 3.6356 0.768, 5.0075 3.6356 0.7764, 5.0129 3.6356 0.7771, 5.0227 3.6356 0.7767, 5.0477 3.6356 0.7756, 5.0913 3.6356 0.7661, 5.1056 3.6356 0.7629, 4.8466 3.6356 0.7257, 4.9269 3.6356 0.7631, 4.9362 3.6356 0.766, 4.8863 3.6356 0.6608, 5.2047 3.6356 0.6857, 5.2049 3.6356 0.6857, 5.0882 3.6356 0.7101, 5.0485 3.6356 0.7122, 5.0408 3.6356 0.7111, 4.9525 3.6356 0.6944, 4.9489 3.6356 0.6932, 5.1999 3.6356 0.6855, 4.9124 3.6356 0.6745, 4.8878 3.6356 0.6619, 5.02 3.6356 0.7083, 4.9789 3.6356 0.7027, 4.974 3.6356 0.7011, 4.6238 2.0313 0.7874, 4.6238 2.0313 -0.0, 4.7981 2.0313 0.6549, 4.792 2.0313 0.646, 4.786 2.0313 0.6147, 4.7864 2.0313 0.6144, 4.7853 2.0313 0.6152, 4.8981 2.0313 0.7469, 4.8978 2.0313 0.7467, 4.8846 2.0313 0.7376, 4.8437 2.0313 0.7095, 4.8324 2.0313 0.6981, 4.8304 2.0313 0.6961, 4.8183 2.0313 0.6839, 5.3377 2.0313 0.447, 5.3381 2.0313 0.4473, 4.979 2.0313 0.7741, 4.9543 2.0313 0.7678, 4.9304 2.0313 0.7616, 4.788 2.0313 0.6364, 4.7853 2.0313 0.63, 4.7842 2.0313 0.6253, 5.3351 2.0313 0.4456, 5.3361 2.0313 0.4459, 5.3363 2.0313 0.446, 5.3398 2.0313 0.4497, 5.3403 2.0313 0.4503, 5.3407 2.0313 0.4509, 4.7874 2.0313 0.6141, 4.7876 2.0313 0.614, 4.7894 2.0313 0.614, 5.3283 2.0313 0.4501, 5.33 2.0313 0.4479, 5.3315 2.0313 0.4465, 5.3322 2.0313 0.4461, 5.3333 2.0313 0.4457, 5.1354 2.0313 0.7674, 5.1044 2.0313 0.7754, 5.0637 2.0313 0.7791, 4.784 2.0313 0.6244, 4.7837 2.0313 0.6199, 4.7838 2.0313 0.6186, 4.7842 2.0313 0.6169, 4.7845 2.0313 0.6164, 4.785 2.0313 0.6155, 5.3336 2.0313 0.4456, 5.3345 2.0313 0.4455, 5.2309 2.0313 0.7174, 5.2256 2.0313 0.7222, 5.2212 2.0313 0.725, 5.2011 2.0313 0.7382, 5.0427 2.0313 0.781, 5.0333 2.0313 0.7819, 4.9981 2.0313 0.779, 4.7956 2.0313 0.6161, 4.7939 2.0313 0.6154, 4.7899 2.0313 0.6141, 5.154 2.0313 0.7591, 5.1447 2.0313 0.7632, 5.3193 2.0313 0.4705, 5.3198 2.0313 0.4691, 5.3248 2.0313 0.4566, 5.3456 2.0313 0.5246, 5.3345 2.0313 0.5761, 5.3295 2.0313 0.589, 5.2909 2.0313 0.6582, 5.2891 2.0313 0.6605, 5.3287 2.0313 0.591, 5.326 2.0313 0.5981, 5.2851 2.0313 0.6653, 5.2779 2.0313 0.6743, 5.2406 2.0313 0.6132, 5.2417 2.0313 0.6119, 4.8727 2.0313 0.6664, 5.3055 2.0313 0.5079, 5.2983 2.0313 0.5254, 5.2825 2.0313 0.5523, 5.3092 2.0313 0.4988, 5.3113 2.0313 0.4929, 5.3485 2.0313 0.5027, 5.348 2.0313 0.5109, 5.3479 2.0313 0.5139, 5.3449 2.0313 0.4623, 5.3456 2.0313 0.465, 5.3465 2.0313 0.4773, 5.2448 2.0313 0.6081, 5.2608 2.0313 0.589, 5.28 2.0313 0.5565, 4.804 2.0313 0.6218, 4.8108 2.0313 0.6263, 4.818 2.0313 0.6311, 4.8353 2.0313 0.6422, 5.0849 2.0313 0.702, 5.122 2.0313 0.6917, 5.1364 2.0313 0.6845, 5.1872 2.0313 0.6589, 5.1899 2.0313 0.6566, 5.0749 2.0313 0.7029, 5.1942 2.0313 0.6529, 4.8771 2.0313 0.6693, 4.8824 2.0313 0.6727, 4.9385 2.0313 0.6933, 4.9785 2.0313 0.7044, 4.9975 2.0313 0.7062, 5.0073 2.0313 0.7071, 5.0164 2.0313 0.708, 5.0646 2.0313 0.7038, 4.9104 2.0313 0.6855, 4.9357 2.0313 0.6925
            ]
        }
        coordIndex [
            0,1,2,-1,2,1,3,-1,4,0,5,-1,5,0,2,-1,6,4,7,-1,7,4,5,-1,1,6,3,-1,3,6,7,-1,4,6,0,-1,0,6,1,-1,8,9,10,-1,10,9,11,-1,12,8,13,-1,13,8,10,-1,14,12,15,-1,15,12,13,-1,9,14,11,-1,11,14,15,-1,12,14,8,-1,8,14,9,-1,16,17,18,-1,18,17,19,-1,20,16,21,-1,21,16,18,-1,17,22,19,-1,19,22,23,-1,20,22,16,-1,16,22,17,-1,24,25,26,-1,26,25,27,-1,26,27,28,-1,28,27,29,-1,28,29,30,-1,30,29,31,-1,30,31,32,-1,32,31,33,-1,32,33,34,-1,34,33,35,-1,34,35,36,-1,36,35,37,-1,36,37,38,-1,38,37,39,-1,38,39,40,-1,40,39,41,-1,40,41,42,-1,42,41,43,-1,42,43,44,-1,44,43,45,-1,44,45,46,-1,46,45,47,-1,46,47,48,-1,48,47,49,-1,48,49,50,-1,50,49,51,-1,50,51,52,-1,52,51,53,-1,52,53,54,-1,54,53,55,-1,54,55,56,-1,56,55,57,-1,56,57,58,-1,58,57,59,-1,58,59,60,-1,60,59,61,-1,60,61,62,-1,62,61,63,-1,62,63,64,-1,64,63,65,-1,64,65,66,-1,66,65,67,-1,66,67,68,-1,68,67,69,-1,68,69,70,-1,70,69,71,-1,70,71,24,-1,24,71,25,-1,72,73,74,-1,74,73,75,-1,74,75,76,-1,77,78,74,-1,74,78,79,-1,74,79,72,-1,80,81,74,-1,74,81,82,-1,74,82,77,-1,83,84,74,-1,74,84,85,-1,74,85,80,-1,86,87,74,-1,74,87,88,-1,74,88,83,-1,89,90,74,-1,74,90,91,-1,74,91,86,-1,92,93,74,-1,74,93,94,-1,74,94,89,-1,76,95,74,-1,74,95,96,-1,74,96,92,-1,97,98,99,-1,97,99,100,-1,100,99,101,-1,100,101,102,-1,102,101,103,-1,102,103,104,-1,104,103,105,-1,104,105,106,-1,105,107,106,-1,106,107,108,-1,107,109,108,-1,108,109,110,-1,108,110,111,-1,110,112,111,-1,111,112,113,-1,111,113,114,-1,114,113,115,-1,114,115,116,-1,116,115,117,-1,116,117,118,-1,118,117,119,-1,118,119,120,-1,120,119,121,-1,120,121,122,-1,122,121,123,-1,122,123,124,-1,124,123,125,-1,124,125,126,-1,126,125,127,-1,127,125,128,-1,127,128,129,-1,127,129,130,-1,130,129,131,-1,130,131,132,-1,132,131,133,-1,132,133,134,-1,134,133,135,-1,134,135,136,-1,136,135,137,-1,136,137,138,-1,138,137,139,-1,138,139,140,-1,140,139,141,-1,140,141,142,-1,142,141,143,-1,142,143,144,-1,145,146,147,-1,147,146,144,-1,147,144,148,-1,148,144,143,-1,146,145,149,-1,146,149,150,-1,150,149,151,-1,150,151,152,-1,152,151,153,-1,152,153,154,-1,154,153,155,-1,154,155,156,-1,156,155,97,-1,97,155,98,-1,157,158,159,-1,159,158,160,-1,161,162,163,-1,163,162,158,-1,163,158,164,-1,164,158,157,-1,165,166,167,-1,167,166,159,-1,167,159,168,-1,168,159,160,-1,169,170,171,-1,171,170,172,-1,170,173,172,-1,172,173,174,-1,173,175,174,-1,174,175,176,-1,173,170,175,-1,175,170,169,-1,177,178,179,-1,179,178,180,-1,181,182,183,-1,183,182,184,-1,183,184,178,-1,178,184,180,-1,185,186,187,-1,187,186,188,-1,187,188,181,-1,181,188,189,-1,181,189,182,-1,190,191,192,-1,192,191,193,-1,192,193,194,-1,194,193,195,-1,194,195,196,-1,196,195,197,-1,196,197,198,-1,198,197,199,-1,198,199,200,-1,200,199,201,-1,200,201,185,-1,185,201,186,-1,202,203,204,-1,204,203,205,-1,204,205,206,-1,205,207,206,-1,206,207,208,-1,206,208,209,-1,208,210,209,-1,209,210,211,-1,209,211,212,-1,212,213,209,-1,209,213,214,-1,209,214,215,-1,191,190,216,-1,216,190,215,-1,216,215,217,-1,217,215,214,-1,218,219,220,-1,220,219,221,-1,220,221,222,-1,222,221,223,-1,222,223,224,-1,224,223,225,-1,224,225,226,-1,226,225,227,-1,226,227,228,-1,228,227,229,-1,228,229,202,-1,202,229,203,-1,219,218,230,-1,230,218,231,-1,230,231,232,-1,232,231,233,-1,232,233,234,-1,235,236,237,-1,237,236,238,-1,237,238,233,-1,233,238,234,-1,239,236,240,-1,240,236,235,-1,241,242,243,-1,243,242,244,-1,245,246,247,-1,248,249,242,-1,250,251,252,-1,253,254,255,-1,256,257,242,-1,242,257,258,-1,249,259,242,-1,242,259,260,-1,242,260,261,-1,242,262,244,-1,244,262,263,-1,244,263,264,-1,253,255,252,-1,252,255,265,-1,252,265,250,-1,266,267,268,-1,258,269,242,-1,242,269,270,-1,242,270,248,-1,261,271,242,-1,242,271,272,-1,242,272,262,-1,264,273,244,-1,244,273,274,-1,244,274,245,-1,245,274,275,-1,245,275,276,-1,266,268,277,-1,278,279,268,-1,268,279,280,-1,268,280,242,-1,242,280,281,-1,242,281,282,-1,282,283,242,-1,242,283,284,-1,242,284,256,-1,245,247,268,-1,268,247,285,-1,268,285,277,-1,267,286,268,-1,268,286,287,-1,268,287,278,-1,288,246,289,-1,289,246,245,-1,289,245,290,-1,290,245,276,-1,254,291,255,-1,255,291,292,-1,255,292,293,-1,294,295,296,-1,296,295,297,-1,296,297,289,-1,289,297,298,-1,289,298,288,-1,293,299,255,-1,255,299,300,-1,255,300,296,-1,296,300,301,-1,296,301,294,-1,268,302,245,-1,245,302,303,-1,304,305,302,-1,306,307,303,-1,306,303,308,-1,309,310,302,-1,310,311,302,-1,302,311,312,-1,302,312,313,-1,313,314,302,-1,302,314,315,-1,302,315,304,-1,316,317,243,-1,318,319,302,-1,302,319,320,-1,302,320,309,-1,305,321,302,-1,302,321,322,-1,302,322,323,-1,324,325,243,-1,243,325,326,-1,243,326,316,-1,317,327,243,-1,243,327,328,-1,243,328,329,-1,307,330,303,-1,303,330,331,-1,303,331,332,-1,333,334,303,-1,303,334,335,-1,303,335,243,-1,243,335,336,-1,243,336,337,-1,338,339,241,-1,241,339,340,-1,323,341,302,-1,302,341,342,-1,302,342,303,-1,303,342,343,-1,303,343,344,-1,344,345,303,-1,303,345,346,-1,303,346,308,-1,337,347,243,-1,243,347,348,-1,243,348,324,-1,349,350,241,-1,241,350,351,-1,241,351,352,-1,340,353,241,-1,241,353,354,-1,241,354,302,-1,302,354,355,-1,302,355,318,-1,356,333,357,-1,357,333,303,-1,357,303,358,-1,358,303,332,-1,352,359,241,-1,241,359,360,-1,241,360,338,-1,361,362,356,-1,356,362,363,-1,356,363,333,-1,364,365,241,-1,241,365,366,-1,241,367,368,-1,366,369,241,-1,241,369,370,-1,241,370,367,-1,368,371,241,-1,241,371,372,-1,241,372,349,-1,373,374,375,-1,376,356,377,-1,377,356,378,-1,376,379,356,-1,356,379,380,-1,356,380,361,-1,381,382,241,-1,241,382,383,-1,241,383,364,-1,329,384,243,-1,243,384,385,-1,243,385,241,-1,241,385,386,-1,241,386,381,-1,387,388,356,-1,356,388,389,-1,356,389,378,-1,387,356,374,-1,374,356,390,-1,374,390,391,-1,391,392,374,-1,374,392,393,-1,374,393,375,-1,394,395,396,-1,396,397,398,-1,394,396,399,-1,399,396,398,-1,399,398,400,-1,373,375,400,-1,400,375,401,-1,400,401,402,-1,403,404,400,-1,400,404,405,-1,400,405,406,-1,406,407,400,-1,400,407,408,-1,400,408,399,-1,402,409,400,-1,400,409,410,-1,400,410,403,-1,302,268,241,-1,241,268,242,-1,
        ]
    }
}
Shape{
    appearance Appearance {
        material  Material {
            diffuseColor 0.6666666666666666 0.6980392156862745 0.7686274509803922
            specularColor 0.3333333333333333 0.34901960784313724 0.3843137254901961
            ambientIntensity 0.6967
            transparency 0.0
            shininess 0.5
        }
    }
    geometry IndexedFaceSet {
        ccw TRUE
        solid FALSE
        coord DEF co Coordinate {
            point [
                4.7907 3.6356 0.679, 4.858 3.6356 0.6388, 4.8577 3.633 0.639, 4.7911 3.6323 0.6787, 4.8557 3.6249 0.6402, 4.7935 3.6236 0.6773, 4.8094 3.6043 0.6678, 4.8027 3.6094 0.6718, 4.7973 3.616 0.675, 4.8402 3.6049 0.6494, 4.8327 3.6015 0.654, 4.8244 3.6003 0.6589, 4.8169 3.6013 0.6634, 4.8522 3.6173 0.6423, 4.8467 3.6101 0.6456, 4.8565 3.6248 0.7314, 4.8968 3.5974 0.6909, 4.8727 2.0313 0.6664, 4.8731 2.0318 0.6662, 4.8771 2.0313 0.6693, 4.792 2.0313 0.646, 4.7981 2.0313 0.6549, 4.7835 2.0332 0.6384, 4.8437 2.0313 0.7095, 4.8846 2.0313 0.7376, 4.8272 2.0376 0.7022, 4.9543 2.0313 0.7678, 4.979 2.0313 0.7741, 4.9779 2.0374 0.7773, 5.1684 3.6356 0.6932, 5.1716 3.6356 0.6923, 5.1704 3.6324 0.687, 5.2093 3.6356 0.692, 5.2083 3.6356 0.6954, 5.2406 3.6313 0.669, 5.1532 3.6356 0.7428, 5.1806 3.6329 0.7311, 5.1792 3.6356 0.7259, 5.1127 3.6356 0.7614, 5.1056 3.6356 0.7629, 5.1057 3.6343 0.7649, 5.0913 3.6356 0.7661, 4.943 3.6356 0.768, 4.9362 3.6356 0.766, 4.9362 3.6346 0.7661, 4.9269 3.6356 0.7631, 4.9103 3.6356 0.758, 4.8566 3.6356 0.7308, 4.8566 3.6344 0.7308, 4.8491 3.6356 0.727, 4.8466 3.6356 0.7257, 5.0477 3.6356 0.7756, 5.0227 3.6356 0.7767, 5.0225 3.6342 0.7779, 5.0129 3.6356 0.7771, 5.0075 3.6356 0.7764, 5.2076 3.6356 0.6969, 5.202 3.6356 0.7053, 5.245 3.629 0.6772, 5.1916 3.6356 0.7157, 5.1855 3.6356 0.7218, 5.2361 3.6312 0.6604, 5.2049 3.6356 0.6857, 5.2052 3.6356 0.6858, 5.207 3.6356 0.6864, 5.2071 3.6356 0.6865, 5.2081 3.6356 0.6872, 5.2085 3.6356 0.6876, 5.209 3.6356 0.6884, 5.2091 3.6356 0.6888, 5.2094 3.6356 0.6899, 5.2094 3.6356 0.6902, 5.2047 3.6356 0.6857, 5.2315 3.6286 0.6517, 5.1999 3.6356 0.6855, 5.1979 3.6356 0.6857, 5.1066 3.6356 0.7071, 5.1394 3.6356 0.6997, 5.1688 3.6262 0.6804, 5.0485 3.6356 0.7122, 5.0882 3.6356 0.7101, 5.107 3.6253 0.7006, 4.9789 3.6356 0.7027, 5.02 3.6356 0.7083, 5.0419 3.6244 0.7075, 4.9748 3.6238 0.6998, 4.9489 3.6356 0.6932, 4.9525 3.6356 0.6944, 4.8878 3.6356 0.6619, 4.9124 3.6356 0.6745, 4.9121 3.6319 0.675, 4.8863 3.6356 0.6608, 4.9112 3.6255 0.6765, 5.1372 2.0384 0.6869, 5.1899 2.0313 0.6566, 5.1872 2.0313 0.6589, 5.1958 2.0391 0.6564, 5.2417 2.0313 0.6119, 5.2406 2.0313 0.6132, 5.2474 2.0383 0.6124, 5.28 2.0313 0.5565, 5.2608 2.0313 0.589, 5.289 2.0369 0.5573, 5.3055 2.0313 0.5079, 5.2983 2.0313 0.5254, 5.3113 2.0313 0.4929, 5.3163 2.0341 0.4954, 5.3193 2.0313 0.4705, 5.3198 2.0313 0.4691, 5.3283 2.0313 0.4501, 5.3248 2.0313 0.4566, 5.3252 2.0367 0.4997, 5.3398 2.0313 0.4497, 5.3381 2.0313 0.4473, 5.3377 2.0313 0.447, 5.3363 2.0313 0.446, 5.3361 2.0313 0.4459, 5.3351 2.0313 0.4456, 5.3345 2.0313 0.4455, 5.3336 2.0313 0.4456, 5.3333 2.0313 0.4457, 5.3322 2.0313 0.4461, 5.3315 2.0313 0.4465, 5.33 2.0313 0.4479, 5.3465 2.0313 0.4773, 5.3456 2.0313 0.465, 5.3339 2.0367 0.504, 5.3449 2.0313 0.4623, 5.3407 2.0313 0.4509, 5.3403 2.0313 0.4503, 5.3456 2.0313 0.5246, 5.3479 2.0313 0.5139, 5.3423 2.0344 0.5081, 5.348 2.0313 0.5109, 5.3485 2.0313 0.5027, 5.3236 2.0374 0.5865, 5.3345 2.0313 0.5761, 5.3295 2.0313 0.589, 5.3287 2.0313 0.591, 5.3286 2.0314 0.5908, 5.326 2.0313 0.5981, 5.2819 2.0397 0.6607, 5.2909 2.0313 0.6582, 5.2891 2.0313 0.6605, 5.2851 2.0313 0.6653, 5.2851 2.0319 0.6652, 5.2779 2.0313 0.6743, 5.2201 2.0403 0.7219, 5.2309 2.0313 0.7174, 5.145 2.0403 0.7627, 5.2011 2.0313 0.7382, 5.2212 2.0324 0.7249, 5.2212 2.0313 0.725, 5.2256 2.0313 0.7222, 5.0639 2.0394 0.7814, 5.1249 2.0313 0.7705, 5.1447 2.0325 0.763, 5.1447 2.0313 0.7632, 5.154 2.0313 0.7591, 5.0427 2.0313 0.781, 5.0637 2.0313 0.7791, 5.1044 2.0313 0.7754, 5.1354 2.0313 0.7674, 4.9981 2.0313 0.779, 5.0333 2.0313 0.7819, 4.9304 2.0313 0.7616, 4.8961 2.0373 0.7495, 4.8978 2.0313 0.7467, 4.8981 2.0313 0.7469, 4.7706 2.0448 0.644, 4.8304 2.0313 0.6961, 4.8324 2.0313 0.6981, 4.7842 2.0313 0.6253, 4.7853 2.0313 0.63, 4.788 2.0313 0.6364, 4.7864 2.0313 0.6144, 4.786 2.0313 0.6147, 4.7512 2.0381 0.5677, 4.7853 2.0313 0.6152, 4.785 2.0313 0.6155, 4.7845 2.0313 0.6164, 4.7842 2.0313 0.6169, 4.7838 2.0313 0.6186, 4.7837 2.0313 0.6199, 4.784 2.0313 0.6244, 4.7693 2.0383 0.5647, 4.804 2.0313 0.6218, 4.7956 2.0313 0.6161, 4.7939 2.0313 0.6154, 4.7899 2.0313 0.6141, 4.7894 2.0313 0.614, 4.7876 2.0313 0.614, 4.7874 2.0313 0.6141, 4.7598 2.0371 0.5663, 4.8164 2.0337 0.6239, 4.8353 2.0313 0.6422, 4.818 2.0313 0.6311, 4.8233 2.0389 0.6209, 4.8824 2.0313 0.6727, 4.8777 2.0389 0.663, 4.9104 2.0313 0.6855, 4.9357 2.0313 0.6925, 4.9404 2.0386 0.6921, 4.9975 2.0313 0.7062, 4.9785 2.0313 0.7044, 5.008 2.0382 0.7058, 5.0646 2.0313 0.7038, 5.0164 2.0313 0.708, 5.0751 2.0367 0.7035, 5.122 2.0313 0.6917, 5.0849 2.0313 0.702, 5.0749 2.0313 0.7029, 5.0082 2.0448 0.7053, 4.9421 2.0533 0.6899, 4.9418 2.0466 0.6903, 4.8832 2.0613 0.6587, 4.8828 2.0546 0.6591, 4.8355 2.0685 0.6155, 4.835 2.0618 0.6157, 4.7987 2.0765 0.56, 4.7981 2.0699 0.5601, 4.7768 2.0849 0.4957, 4.7762 2.0783 0.4957, 4.772 2.093 0.429, 4.7714 2.0864 0.4288, 4.7834 2.1003 0.3656, 4.783 2.0937 0.3653, 4.8109 2.1082 0.3053, 4.8105 2.1015 0.3048, 4.8537 2.1166 0.2527, 4.8535 2.11 0.2522, 4.908 2.1248 0.2131, 4.9079 2.1182 0.2126, 4.9681 2.1321 0.1892, 4.9681 2.1255 0.1886, 5.0334 2.1398 0.1807, 5.0336 2.1332 0.1801, 5.1007 2.1483 0.1891, 5.101 2.1416 0.1886, 5.1632 2.1565 0.2143, 5.1636 2.1499 0.2139, 5.2155 2.1639 0.2528, 5.2159 2.1573 0.2525, 5.257 2.1715 0.3034, 5.2576 2.1649 0.3033, 5.2854 2.1799 0.3648, 5.286 2.1733 0.3648, 5.2973 2.1883 0.4313, 5.2978 2.1816 0.4314, 5.2922 2.1958 0.4964, 5.2927 2.1892 0.4967, 5.2713 2.2033 0.5581, 5.2717 2.1966 0.5585, 5.2344 2.2116 0.6146, 5.2347 2.205 0.6151, 5.1842 2.22 0.6599, 5.1843 2.2134 0.6605, 5.1258 2.2277 0.6903, 5.1259 2.221 0.6909, 5.0628 2.235 0.7051, 5.0627 2.2284 0.7057, 4.9956 2.2432 0.7037, 4.9953 2.2366 0.7043, 4.9304 2.2517 0.6851, 4.93 2.2451 0.6856, 4.8734 2.2595 0.6515, 4.873 2.2529 0.6518, 4.8277 2.2667 0.606, 4.8271 2.2601 0.6062, 4.7933 2.2749 0.5485, 4.7928 2.2683 0.5485, 4.7746 2.2834 0.4833, 4.774 2.2767 0.4832, 4.7729 2.2913 0.4168, 4.7724 2.2847 0.4166, 4.7873 2.2985 0.354, 4.7869 2.2919 0.3537, 4.8178 2.3066 0.2947, 4.8175 2.2999 0.2942, 4.8632 2.315 0.2442, 4.863 2.3084 0.2436, 4.919 2.3231 0.2074, 4.9189 2.3165 0.2069, 4.9799 2.3303 0.1864, 4.9799 2.3237 0.1859, 5.0461 2.3382 0.1809, 5.0463 2.3316 0.1804, 5.1129 2.3467 0.1926, 5.1132 2.3401 0.1921, 5.1739 2.3549 0.2206, 5.1743 2.3482 0.2202, 5.224 2.3621 0.2612, 5.2245 2.3555 0.261, 5.2635 2.3699 0.3142, 5.264 2.3633 0.3141, 5.289 2.3784 0.377, 5.2895 2.3717 0.3771, 5.2975 2.3866 0.4438, 5.2981 2.38 0.444, 5.2895 2.394 0.5081, 5.29 2.3873 0.5084, 5.2656 2.4016 0.5693, 5.266 2.395 0.5697, 5.2259 2.41 0.6241, 5.2262 2.4034 0.6246, 5.1737 2.4183 0.6668, 5.1738 2.4117 0.6674, 5.1145 2.4258 0.6942, 5.1145 2.4192 0.6948, 5.0504 2.4333 0.7062, 5.0502 2.4267 0.7067, 4.983 2.4417 0.7016, 4.9827 2.4351 0.702, 4.9189 2.4501 0.6799, 4.9185 2.4434 0.6803, 4.8641 2.4577 0.6439, 4.8636 2.4511 0.6442, 4.8202 2.4651 0.5961, 4.8197 2.4584 0.5963, 4.7886 2.4733 0.5367, 4.788 2.4667 0.5367, 4.773 2.4818 0.4707, 4.7724 2.4751 0.4706, 4.7745 2.4895 0.4047, 4.7739 2.4829 0.4045, 4.7918 2.4968 0.3425, 4.7914 2.4902 0.3421, 4.8253 2.505 0.2844, 4.825 2.4984 0.2839, 4.873 2.5134 0.2361, 4.8728 2.5068 0.2356, 4.9301 2.5214 0.2023, 4.93 2.5147 0.2017, 4.9919 2.5286 0.1841, 4.992 2.522 0.1836, 5.0587 2.5367 0.1818, 5.0589 2.53 0.1813, 5.1249 2.5451 0.1967, 5.1253 2.5385 0.1962, 5.1842 2.5531 0.2274, 5.1846 2.5465 0.227, 5.2322 2.5604 0.2702, 5.2327 2.5537 0.27, 5.2694 2.5683 0.3254, 5.27 2.5617 0.3253, 5.2919 2.5768 0.3894, 5.2925 2.5702 0.3895, 5.2972 2.5849 0.4562, 5.2978 2.5783 0.4564, 5.2863 2.5922 0.5197, 5.2868 2.5855 0.52, 5.2593 2.6 0.5802, 5.2597 2.5934 0.5806, 5.2169 2.6085 0.6331, 5.2172 2.6018 0.6336, 5.163 2.6167 0.6732, 5.1631 2.6101 0.6737, 5.103 2.624 0.6976, 5.103 2.6174 0.6981, 5.0378 2.6317 0.7066, 5.0377 2.6251 0.7072, 4.9706 2.6401 0.6987, 4.9703 2.6335 0.6992, 4.9078 2.6484 0.6741, 4.9074 2.6418 0.6745, 4.8551 2.6558 0.636, 4.8547 2.6492 0.6362, 4.8132 2.6634 0.5857, 4.8127 2.6568 0.5859, 4.7843 2.6718 0.5246, 4.7838 2.6652 0.5246, 4.772 2.6801 0.4582, 4.7714 2.6735 0.458, 4.7765 2.6877 0.3929, 4.776 2.6811 0.3926, 4.7968 2.6951 0.3311, 4.7964 2.6885 0.3308, 4.8333 2.7034 0.2744, 4.833 2.6968 0.2739, 4.8832 2.7118 0.2286, 4.883 2.7052 0.2281, 4.9413 2.7196 0.1977, 4.9413 2.7129 0.1972, 5.0042 2.7269 0.1824, 5.0043 2.7202 0.1819, 5.0714 2.7351 0.1833, 5.0716 2.7285 0.1827, 5.1367 2.7435 0.2013, 5.1371 2.7369 0.2009, 5.194 2.7514 0.2345, 5.1945 2.7448 0.2342, 5.2401 2.7586 0.2796, 5.2406 2.752 0.2794, 5.2749 2.7668 0.3369, 5.2754 2.7601 0.3368, 5.2942 2.7752 0.4019, 5.2948 2.7686 0.402, 5.2964 2.7832 0.4684, 5.2969 2.7766 0.4687, 5.2825 2.7904 0.5313, 5.283 2.7838 0.5317, 5.2525 2.7984 0.5909, 5.2528 2.7918 0.5913, 5.2076 2.8069 0.6417, 5.2078 2.8003 0.6422, 5.152 2.815 0.679, 5.1521 2.8084 0.6795, 5.0913 2.8222 0.7005, 5.0912 2.8156 0.701, 5.0252 2.8301 0.7065, 5.025 2.8235 0.707, 4.9583 2.8386 0.6954, 4.958 2.8319 0.6958, 4.8971 2.8467 0.6678, 4.8966 2.8401 0.6682, 4.8466 2.854 0.6276, 4.8461 2.8474 0.6278, 4.8067 2.8618 0.575, 4.8061 2.8552 0.5751, 4.7807 2.8702 0.5124, 4.7801 2.8636 0.5124, 4.7716 2.8785 0.4457, 4.771 2.8719 0.4455, 4.7791 2.8859 0.3812, 4.7786 2.8792 0.3809, 4.8025 2.8935 0.32, 4.8021 2.8869 0.3196, 4.8417 2.9019 0.2648, 4.8414 2.8952 0.2644, 4.8936 2.9102 0.2216, 4.8934 2.9036 0.2211, 4.9526 2.9177 0.1938, 4.9526 2.9111 0.1932, 5.0166 2.9252 0.1813, 5.0167 2.9186 0.1807, 5.0839 2.9335 0.1853, 5.0842 2.9269 0.1848, 5.1482 2.9419 0.2065, 5.1486 2.9353 0.2061, 5.2035 2.9496 0.2421, 5.2039 2.943 0.2418, 5.2476 2.9569 0.2895, 5.2482 2.9503 0.2893, 5.2798 2.9652 0.3486, 5.2803 2.9586 0.3486, 5.2959 2.9736 0.4144, 5.2965 2.967 0.4145, 5.2949 2.9814 0.4805, 5.2955 2.9748 0.4808, 5.2781 2.9887 0.5428, 5.2786 2.9821 0.5432, 5.2451 2.9968 0.6012, 5.2455 2.9902 0.6017, 5.1978 3.0053 0.6498, 5.198 2.9987 0.6504, 5.1409 3.0132 0.6842, 5.141 3.0066 0.6847, 5.0793 3.0205 0.7028, 5.0792 3.0138 0.7034, 5.0126 3.0285 0.7057, 5.0123 3.0219 0.7062, 4.9462 3.037 0.6914, 5.0073 2.0313 0.7071, 4.881 2.0466 0.6605, 4.8329 2.0538 0.6167, 4.7959 2.0618 0.5604, 4.7739 2.0702 0.4955, 4.7693 2.0783 0.428, 4.7811 2.0856 0.364, 4.809 2.0934 0.3031, 4.8525 2.1019 0.2501, 4.9074 2.1101 0.2103, 4.9682 2.1174 0.1864, 5.0343 2.1251 0.1779, 5.1022 2.1336 0.1867, 5.1652 2.1418 0.2123, 5.2179 2.1492 0.2514, 5.2598 2.1568 0.3027, 5.2883 2.1652 0.3648, 5.3 2.1736 0.432, 5.2947 2.1811 0.4978, 5.2734 2.1886 0.5601, 5.236 2.1969 0.617, 5.185 2.2053 0.6627, 5.126 2.213 0.6931, 5.0623 2.2203 0.7079, 4.9943 2.2285 0.7063, 4.9285 2.237 0.6873, 4.8711 2.2448 0.6531, 4.825 2.252 0.607, 4.7905 2.2602 0.5488, 4.7717 2.2686 0.4828, 4.7703 2.2766 0.4157, 4.785 2.2838 0.3523, 4.8161 2.2919 0.2924, 4.8621 2.3003 0.2415, 4.9185 2.3084 0.2046, 4.9801 2.3156 0.1836, 5.047 2.3235 0.1782, 5.1145 2.332 0.1903, 5.176 2.3402 0.2187, 5.2265 2.3474 0.26, 5.2663 2.3552 0.3136, 5.2918 2.3636 0.3772, 5.3003 2.3719 0.4446, 5.292 2.3793 0.5096, 5.2676 2.3869 0.5713, 5.2273 2.3953 0.6265, 5.1744 2.4036 0.6696, 5.1146 2.4111 0.697, 5.0497 2.4186 0.7089, 4.9817 2.427 0.7041, 4.917 2.4353 0.6819, 4.8617 2.443 0.6454, 4.8175 2.4504 0.597, 4.7857 2.4586 0.5368, 4.7702 2.467 0.4702, 4.7719 2.4748 0.4035, 4.7896 2.4821 0.3407, 4.8236 2.4903 0.282, 4.872 2.4987 0.2335, 4.9298 2.5066 0.1995, 4.9923 2.5139 0.1813, 5.0598 2.5219 0.1791, 5.1267 2.5304 0.1944, 5.1864 2.5384 0.2256, 5.2348 2.5456 0.269, 5.2723 2.5536 0.3249, 5.2947 2.5621 0.3897, 5.2999 2.5702 0.4571, 5.2887 2.5774 0.5213, 5.2612 2.5853 0.5823, 5.2182 2.5937 0.6357, 5.1636 2.602 0.676, 5.1029 2.6093 0.7004, 5.037 2.617 0.7094, 4.9691 2.6254 0.7012, 4.9058 2.6337 0.6761, 4.8527 2.6411 0.6374, 4.8105 2.6487 0.5865, 4.7815 2.6571 0.5247, 4.7692 2.6654 0.4575, 4.774 2.673 0.3915, 4.7947 2.6804 0.3292, 4.8317 2.6887 0.272, 4.8823 2.6971 0.2259, 4.9411 2.7049 0.1949, 5.0047 2.7122 0.1796, 5.0726 2.7204 0.1807, 5.1386 2.7288 0.1991, 5.1963 2.7367 0.2329, 5.2428 2.7439 0.2786, 5.2777 2.752 0.3365, 5.297 2.7605 0.4023, 5.299 2.7685 0.4695, 5.2848 2.7757 0.533, 5.2543 2.7837 0.5931, 5.2087 2.7922 0.6443, 5.1525 2.8003 0.6818, 5.091 2.8075 0.7033, 5.0243 2.8154 0.7092, 4.9567 2.8238 0.6977, 4.8949 2.832 0.6697, 4.844 2.8393 0.6289, 4.8039 2.8471 0.5756, 4.7779 2.8555 0.5123, 4.7688 2.8638 0.4449, 4.7766 2.8712 0.3798, 4.8005 2.8788 0.3179, 4.8403 2.8872 0.2624, 4.8928 2.8955 0.2189, 4.9526 2.903 0.1909, 5.0172 2.9105 0.1785, 5.0853 2.9188 0.1828, 5.1502 2.9272 0.2044, 5.2059 2.9349 0.2405, 5.2503 2.9422 0.2886, 5.2826 2.9505 0.3484, 5.2987 2.9589 0.415, 5.2975 2.9667 0.4817, 5.2803 2.974 0.5446, 5.2468 2.9821 0.6035, 5.1988 2.9906 0.6525, 5.1413 2.9985 0.687, 5.0789 3.0057 0.7056, 4.9385 2.0313 0.6933, 4.8291 2.0461 0.6183, 4.7918 2.0541 0.5611, 4.7699 2.0626 0.4951, 4.7655 2.0707 0.4266, 4.7777 2.0779 0.3617, 4.8063 2.0858 0.3, 4.8507 2.0943 0.2465, 4.9066 2.1025 0.2063, 4.9684 2.1098 0.1823, 5.0355 2.1175 0.174, 5.1043 2.1259 0.1832, 5.1682 2.1342 0.2095, 5.2215 2.1416 0.2494, 5.2637 2.1492 0.3016, 5.2924 2.1576 0.3647, 5.304 2.1659 0.433, 5.2983 2.1735 0.4998, 5.2764 2.1809 0.5628, 5.2381 2.1893 0.6204, 5.1863 2.1977 0.6666, 5.1262 2.2053 0.6972, 5.0615 2.2127 0.7119, 4.9926 2.2209 0.71, 4.9259 2.2294 0.6904, 4.8677 2.2372 0.6555, 4.8212 2.2444 0.6085, 4.7864 2.2526 0.5492, 4.7677 2.261 0.4822, 4.7665 2.269 0.4141, 4.7818 2.2762 0.3498, 4.8135 2.2842 0.2892, 4.8604 2.2927 0.2378, 4.9179 2.3008 0.2006, 4.9805 2.308 0.1795, 5.0484 2.3159 0.1744, 5.1168 2.3244 0.1869, 5.1791 2.3325 0.216, 5.2302 2.3398 0.2581, 5.2703 2.3476 0.3127, 5.2959 2.356 0.3773, 5.3042 2.3643 0.4458, 5.2955 2.3716 0.5117, 5.2705 2.3793 0.5742, 5.2293 2.3877 0.6301, 5.1755 2.396 0.6735, 5.1146 2.4035 0.7011, 5.0487 2.411 0.7129, 4.9797 2.4194 0.7077, 4.9142 2.4277 0.6849, 4.8582 2.4354 0.6476, 4.8136 2.4427 0.5983, 4.7816 2.451 0.5371, 4.7661 2.4594 0.4694, 4.7682 2.4672 0.4017, 4.7864 2.4745 0.3381, 4.8213 2.4827 0.2787, 4.8705 2.4911 0.2296, 4.9293 2.499 0.1954, 4.9929 2.5062 0.1773, 5.0614 2.5143 0.1754, 5.1291 2.5228 0.1912, 5.1896 2.5308 0.2231, 5.2386 2.538 0.2674, 5.2763 2.546 0.3242, 5.2988 2.5545 0.39, 5.3038 2.5626 0.4585, 5.2921 2.5698 0.5236, 5.2639 2.5777 0.5854, 5.2201 2.5861 0.6393, 5.1644 2.5944 0.68, 5.1028 2.6017 0.7045, 5.0359 2.6094 0.7133, 4.967 2.6178 0.7047, 4.9028 2.6261 0.6789, 4.8491 2.6335 0.6394, 4.8065 2.6411 0.5876, 4.7774 2.6494 0.5247, 4.7652 2.6578 0.4565, 4.7704 2.6654 0.3896, 4.7917 2.6728 0.3265, 4.8295 2.6811 0.2686, 4.881 2.6895 0.222, 4.9409 2.6972 0.1908, 5.0054 2.7045 0.1756, 5.0743 2.7128 0.177, 5.1412 2.7212 0.196, 5.1997 2.7291 0.2305, 5.2466 2.7363 0.2771, 5.2818 2.7444 0.336, 5.3011 2.7529 0.4029, 5.3028 2.7609 0.4711, 5.2881 2.7681 0.5355, 5.2569 2.7761 0.5963, 5.2104 2.7846 0.6481, 5.1532 2.7927 0.6858, 5.0907 2.7999 0.7074, 5.0229 2.8078 0.713, 4.9544 2.8162 0.7011, 4.8918 2.8244 0.6724, 4.8404 2.8317 0.6307, 4.7999 2.8395 0.5765, 4.7738 2.8479 0.5122, 4.7649 2.8562 0.4437, 4.7731 2.8635 0.3777, 4.7976 2.8712 0.315, 4.8382 2.8795 0.2588, 4.8918 2.8879 0.2149, 4.9525 2.8954 0.1868, 5.0182 2.9029 0.1745, 5.0872 2.9112 0.1792, 5.1529 2.9196 0.2014, 5.2093 2.9273 0.2383, 5.2542 2.9346 0.2873, 5.2867 2.9429 0.3481, 5.3027 2.9513 0.4157, 5.3012 2.9591 0.4835, 5.2835 2.9664 0.5472, 5.2492 2.9745 0.6068, 5.2003 2.983 0.6563, 5.1418 2.9909 0.6911, 4.7855 2.0469 0.5621, 4.7635 2.0554 0.4944, 4.7595 2.0635 0.4244, 4.7724 2.0707 0.3581, 4.8021 2.0786 0.2952, 4.8478 2.0871 0.2407, 4.9053 2.0953 0.2, 4.9686 2.1026 0.1759, 5.0373 2.1103 0.1679, 5.1077 2.1187 0.1778, 5.1728 2.127 0.2051, 5.2271 2.1344 0.2462, 5.2699 2.142 0.2999, 5.2988 2.1504 0.3647, 5.3102 2.1587 0.4346, 5.3039 2.1663 0.5028, 5.2811 2.1737 0.5672, 5.2416 2.182 0.6258, 5.1882 2.1905 0.6727, 5.1266 2.1981 0.7036, 5.0603 2.2055 0.7182, 4.9898 2.2137 0.7158, 4.9217 2.2221 0.6953, 4.8625 2.23 0.6592, 4.8152 2.2372 0.6108, 4.7801 2.2454 0.5499, 4.7614 2.2538 0.4813, 4.7607 2.2618 0.4116, 4.7767 2.269 0.346, 4.8096 2.277 0.2842, 4.8579 2.2855 0.2319, 4.9169 2.2936 0.1943, 4.9811 2.3008 0.1731, 5.0505 2.3087 0.1684, 5.1204 2.3172 0.1816, 5.1839 2.3253 0.2119, 5.2359 2.3326 0.2552, 5.2765 2.3404 0.3114, 5.3023 2.3488 0.3776, 5.3103 2.3571 0.4477, 5.3009 2.3644 0.515, 5.2749 2.3721 0.5788, 5.2325 2.3805 0.6357, 5.1771 2.3888 0.6797, 5.1147 2.3963 0.7075, 5.0472 2.4038 0.7191, 4.9767 2.4121 0.7133, 4.9098 2.4205 0.6896, 4.8528 2.4282 0.6511, 4.8076 2.4355 0.6003, 4.7752 2.4438 0.5375, 4.7599 2.4522 0.4681, 4.7624 2.46 0.399, 4.7815 2.4673 0.334, 4.8175 2.4755 0.2735, 4.8683 2.4839 0.2237, 4.9286 2.4918 0.189, 4.9937 2.499 0.1709, 5.0638 2.5071 0.1694, 5.133 2.5156 0.1861, 5.1946 2.5236 0.2191, 5.2444 2.5308 0.2647, 5.2826 2.5388 0.3231, 5.3052 2.5473 0.3906, 5.3098 2.5554 0.4607, 5.2974 2.5626 0.5272, 5.2682 2.5705 0.5902, 5.223 2.5789 0.645, 5.1658 2.5872 0.6862, 5.1026 2.5945 0.7109, 5.0341 2.6022 0.7194, 4.9637 2.6106 0.7102, 4.8982 2.6189 0.6834, 4.8436 2.6263 0.6426, 4.8004 2.6339 0.5893, 4.771 2.6422 0.5248, 4.759 2.6506 0.455, 4.7648 2.6582 0.3866, 4.787 2.6656 0.3222, 4.826 2.6739 0.2632, 4.879 2.6823 0.2159, 4.9405 2.69 0.1844, 5.0066 2.6973 0.1693, 5.077 2.7056 0.1712, 5.1453 2.714 0.1911, 5.2049 2.7219 0.2268, 5.2525 2.7291 0.2747, 5.2881 2.7372 0.3353, 5.3074 2.7457 0.4037, 5.3087 2.7537 0.4735, 5.2932 2.7609 0.5393, 5.2609 2.7689 0.6012, 5.213 2.7774 0.6539, 5.1542 2.7855 0.6921, 5.0902 2.7927 0.7137, 5.0208 2.8006 0.7191, 4.9508 2.809 0.7064, 4.8871 2.8172 0.6767, 4.8347 2.8245 0.6337, 4.7937 2.8323 0.578, 4.7674 2.8407 0.512, 4.7588 2.849 0.4419, 4.7676 2.8563 0.3744, 4.7931 2.864 0.3105, 4.835 2.8723 0.2533, 4.8901 2.8807 0.2088, 4.9524 2.8882 0.1804, 5.0196 2.8957 0.1683, 5.0902 2.904 0.1736, 5.1573 2.9124 0.1967, 5.2146 2.9201 0.2348, 5.2602 2.9274 0.2852, 5.2931 2.9357 0.3477, 5.309 2.9441 0.4169, 5.307 2.9519 0.4862, 5.2885 2.9592 0.5513, 5.253 2.9673 0.612, 5.2027 2.9758 0.6623, 4.7781 2.0417 0.5633, 4.756 2.0502 0.4937, 4.7524 2.0583 0.4218, 4.7662 2.0655 0.3538, 4.7972 2.0734 0.2895, 4.8445 2.0818 0.234, 4.9038 2.09 0.1926, 4.969 2.0973 0.1683, 5.0395 2.1051 0.1607, 5.1116 2.1135 0.1713, 5.1783 2.1218 0.1998, 5.2336 2.1292 0.2425, 5.2772 2.1368 0.298, 5.3063 2.1452 0.3646, 5.3175 2.1535 0.4365, 5.3105 2.161 0.5065, 5.2866 2.1685 0.5723, 5.2456 2.1768 0.6322, 5.1905 2.1852 0.6799, 5.127 2.1929 0.7112, 5.0589 2.2002 0.7256, 4.9865 2.2085 0.7226, 4.9168 2.2169 0.701, 4.8563 2.2247 0.6635, 4.8082 2.232 0.6135, 4.7726 2.2401 0.5508, 4.7539 2.2486 0.4802, 4.7537 2.2565 0.4086, 4.7706 2.2638 0.3414, 4.8049 2.2718 0.2783, 4.8548 2.2803 0.225, 4.9157 2.2883 0.1868, 4.9817 2.2955 0.1656, 5.0531 2.3035 0.1612, 5.1247 2.3119 0.1754, 5.1896 2.3201 0.2069, 5.2426 2.3274 0.2518, 5.2839 2.3352 0.3097, 5.3098 2.3436 0.3779, 5.3175 2.3519 0.4499, 5.3074 2.3592 0.5189, 5.2802 2.3669 0.5842, 5.2362 2.3753 0.6422, 5.179 2.3836 0.687, 5.1148 2.3911 0.7151, 5.0455 2.3986 0.7265, 4.9731 2.4069 0.7199, 4.9046 2.4153 0.6951, 4.8464 2.4229 0.6551, 4.8004 2.4303 0.6027, 4.7677 2.4386 0.538, 4.7525 2.447 0.4667, 4.7556 2.4548 0.3957, 4.7757 2.462 0.3292, 4.8131 2.4702 0.2674, 4.8656 2.4787 0.2166, 4.9278 2.4866 0.1815, 4.9947 2.4938 0.1634, 5.0667 2.5019 0.1625, 5.1376 2.5104 0.18, 5.2006 2.5184 0.2144, 5.2513 2.5256 0.2616, 5.29 2.5336 0.3219, 5.3127 2.542 0.3913, 5.3169 2.5502 0.4633, 5.3036 2.5574 0.5314, 5.2732 2.5652 0.5958, 5.2264 2.5737 0.6518, 5.1674 2.5819 0.6936, 5.1023 2.5892 0.7185, 5.0319 2.5969 0.7267, 4.9598 2.6054 0.7166, 4.8928 2.6137 0.6886, 4.837 2.6211 0.6464, 4.7931 2.6286 0.5914, 4.7634 2.637 0.5249, 4.7517 2.6454 0.4531, 4.7581 2.653 0.383, 4.7814 2.6604 0.3171, 4.8219 2.6687 0.2569, 4.8767 2.6771 0.2088, 4.94 2.6848 0.1769, 5.0079 2.6921 0.1619, 5.0802 2.7003 0.1643, 5.1501 2.7088 0.1853, 5.211 2.7166 0.2224, 5.2596 2.7239 0.272, 5.2956 2.732 0.3343, 5.3149 2.7405 0.4048, 5.3157 2.7484 0.4764, 5.2993 2.7556 0.5438, 5.2656 2.7637 0.6071, 5.2161 2.7721 0.6608, 5.1555 2.7802 0.6996, 5.0896 2.7874 0.7213, 5.0184 2.7953 0.7262, 4.9466 2.8038 0.7127, 4.8814 2.812 0.6817, 4.828 2.8193 0.6371, 4.7863 2.827 0.5796, 4.7598 2.8355 0.5117, 4.7516 2.8437 0.4397, 4.7611 2.8511 0.3705, 4.7877 2.8587 0.3052, 4.8312 2.8671 0.2468, 4.8881 2.8754 0.2015, 4.9522 2.883 0.1729, 5.0213 2.8904 0.1609, 5.0937 2.8988 0.1669, 5.1624 2.9072 0.1911, 5.221 2.9148 0.2307, 5.2674 2.9222 0.2828, 5.3006 2.9304 0.3471, 5.3164 2.9389 0.4183, 5.3139 2.9467 0.4894, 5.2943 2.9539 0.556, 5.2574 2.9621 0.6181, 4.8108 2.0313 0.6263, 4.7472 2.0468 0.4928, 4.7441 2.0549 0.4187, 4.7589 2.0621 0.3488, 4.7913 2.07 0.2829, 4.8406 2.0784 0.226, 4.902 2.0866 0.184, 4.9693 2.0939 0.1595, 5.042 2.1017 0.1522, 5.1162 2.1101 0.1638, 5.1847 2.1184 0.1938, 5.2413 2.1258 0.2381, 5.2857 2.1334 0.2956, 5.3152 2.1418 0.3646, 5.326 2.1501 0.4387, 5.3183 2.1576 0.5107, 5.2931 2.1651 0.5783, 5.2503 2.1734 0.6397, 5.1932 2.1818 0.6883, 5.1275 2.1895 0.72, 5.0572 2.1968 0.7343, 4.9827 2.2051 0.7305, 4.9111 2.2135 0.7078, 4.8491 2.2213 0.6686, 4.7999 2.2286 0.6167, 4.7638 2.2367 0.5518, 4.7452 2.2452 0.4789, 4.7456 2.2531 0.4052, 4.7636 2.2604 0.3361, 4.7994 2.2684 0.2714, 4.8513 2.2769 0.2169, 4.9143 2.2849 0.1781, 4.9825 2.2921 0.1568, 5.056 2.3001 0.1529, 5.1297 2.3085 0.1681, 5.1963 2.3167 0.2011, 5.2505 2.324 0.2478, 5.2925 2.3318 0.3078, 5.3187 2.3402 0.3783, 5.3259 2.3484 0.4525, 5.3149 2.3558 0.5235, 5.2864 2.3635 0.5905, 5.2406 2.3718 0.6499, 5.1813 2.3802 0.6956, 5.1149 2.3877 0.7239, 5.0434 2.3952 0.7351, 4.9689 2.4035 0.7277, 4.8986 2.4119 0.7015, 4.839 2.4195 0.6599, 4.792 2.4269 0.6054, 4.7589 2.4352 0.5385, 4.7438 2.4436 0.465, 4.7477 2.4514 0.3919, 4.7689 2.4586 0.3235, 4.808 2.4668 0.2602, 4.8624 2.4753 0.2083, 4.9268 2.4832 0.1728, 4.9959 2.4904 0.1547, 5.07 2.4985 0.1543, 5.1429 2.507 0.173, 5.2075 2.515 0.209, 5.2593 2.5222 0.258, 5.2987 2.5302 0.3204, 5.3215 2.5386 0.3921, 5.3252 2.5468 0.4662, 5.311 2.554 0.5363, 5.2791 2.5618 0.6024, 5.2304 2.5703 0.6596, 5.1692 2.5785 0.7022, 5.102 2.5858 0.7273, 5.0295 2.5935 0.7351, 4.9552 2.6019 0.7242, 4.8865 2.6102 0.6948, 4.8294 2.6177 0.6508, 4.7846 2.6252 0.5937, 4.7546 2.6336 0.5251, 4.7431 2.642 0.451, 4.7503 2.6495 0.3788, 4.7749 2.657 0.3111, 4.8171 2.6653 0.2494, 4.8739 2.6737 0.2004, 4.9394 2.6814 0.1681, 5.0095 2.6887 0.1532, 5.084 2.6969 0.1563, 5.1558 2.7054 0.1785, 5.2182 2.7132 0.2172, 5.2678 2.7205 0.2687, 5.3044 2.7286 0.3333, 5.3236 2.737 0.406, 5.3238 2.745 0.4798, 5.3064 2.7522 0.549, 5.2712 2.7603 0.614, 5.2197 2.7687 0.6689, 5.1569 2.7768 0.7083, 5.0889 2.784 0.7301, 5.0155 2.7919 0.7346, 4.9417 2.8004 0.72, 4.8748 2.8086 0.6875, 4.8201 2.8158 0.6412, 4.7777 2.8236 0.5816, 4.751 2.832 0.5114, 4.7431 2.8403 0.4372, 4.7536 2.8477 0.366, 4.7815 2.8553 0.2989, 4.8268 2.8637 0.2391, 4.8857 2.872 0.193, 4.9521 2.8796 0.164, 5.0233 2.887 0.1523, 5.0978 2.8954 0.1591, 5.1684 2.9038 0.1847, 5.2284 2.9114 0.2259, 5.2757 2.9188 0.2799, 5.3094 2.927 0.3465, 5.3251 2.9355 0.42, 5.3219 2.9433 0.4931, 5.3011 2.9505 0.5616, 4.7376 2.0456 0.4919, 4.735 2.0537 0.4154, 4.7509 2.0609 0.3434, 4.785 2.0688 0.2756, 4.8363 2.0772 0.2174, 4.9 2.0854 0.1745, 4.9697 2.0927 0.1499, 5.0448 2.1005 0.143, 5.1213 2.1089 0.1556, 5.1917 2.1172 0.1871, 5.2497 2.1246 0.2334, 5.295 2.1322 0.2931, 5.3248 2.1405 0.3645, 5.3354 2.1489 0.4411, 5.3267 2.1564 0.5153, 5.3002 2.1639 0.5849, 5.2555 2.1722 0.6478, 5.1961 2.1806 0.6975, 5.1281 2.1883 0.7296, 5.0554 2.1956 0.7438, 4.9786 2.2039 0.7393, 4.9048 2.2123 0.7151, 4.8412 2.2201 0.6742, 4.7909 2.2274 0.6202, 4.7542 2.2355 0.5529, 4.7356 2.244 0.4775, 4.7367 2.2519 0.4014, 4.7559 2.2591 0.3303, 4.7934 2.2672 0.2638, 4.8474 2.2757 0.2081, 4.9128 2.2837 0.1685, 4.9834 2.2909 0.1472, 5.0593 2.2989 0.1438, 5.1352 2.3073 0.1601, 5.2036 2.3155 0.1948, 5.2591 2.3228 0.2435, 5.3019 2.3306 0.3058, 5.3283 2.339 0.3787, 5.3352 2.3472 0.4554, 5.3232 2.3546 0.5285, 5.2932 2.3623 0.5974, 5.2454 2.3706 0.6583, 5.1838 2.379 0.7049, 5.115 2.3865 0.7336, 5.0411 2.394 0.7444, 4.9643 2.4023 0.7362, 4.892 2.4107 0.7086, 4.8309 2.4183 0.6651, 4.7829 2.4257 0.6085, 4.7493 2.434 0.5392, 4.7343 2.4424 0.4631, 4.7389 2.4502 0.3877, 4.7615 2.4574 0.3174, 4.8024 2.4656 0.2524, 4.859 2.4741 0.1993, 4.9258 2.482 0.1632, 4.9972 2.4892 0.1451, 5.0737 2.4973 0.1454, 5.1487 2.5058 0.1653, 5.2151 2.5138 0.203, 5.2682 2.521 0.2541, 5.3083 2.529 0.3188, 5.3311 2.5374 0.393, 5.3343 2.5456 0.4695, 5.319 2.5528 0.5417, 5.2855 2.5606 0.6096, 5.2347 2.5691 0.6683, 5.1712 2.5773 0.7117, 5.1017 2.5846 0.7369, 5.0267 2.5923 0.7444, 4.9502 2.6007 0.7324, 4.8795 2.609 0.7015, 4.821 2.6165 0.6556, 4.7753 2.624 0.5963, 4.745 2.6324 0.5252, 4.7337 2.6408 0.4487, 4.7418 2.6483 0.3743, 4.7678 2.6558 0.3046, 4.8119 2.6641 0.2413, 4.8709 2.6725 0.1912, 4.9388 2.6802 0.1585, 5.0113 2.6875 0.1437, 5.0881 2.6957 0.1476, 5.162 2.7042 0.1711, 5.226 2.712 0.2116, 5.2767 2.7193 0.2652, 5.314 2.7274 0.3321, 5.3332 2.7358 0.4073, 5.3328 2.7438 0.4835, 5.3141 2.751 0.5548, 5.2772 2.7591 0.6215, 5.2236 2.7675 0.6777, 5.1585 2.7756 0.7178, 5.0881 2.7828 0.7397, 5.0123 2.7907 0.7437, 4.9363 2.7992 0.728, 4.8675 2.8074 0.6939, 4.8116 2.8146 0.6456, 4.7683 2.8224 0.5838, 4.7414 2.8308 0.5111, 4.7338 2.8391 0.4344, 4.7453 2.8465 0.3611, 4.7747 2.8541 0.2921, 4.822 2.8625 0.2308, 4.8832 2.8708 0.1837, 4.9519 2.8784 0.1544, 5.0255 2.8858 0.1429, 5.1024 2.8942 0.1505, 5.1749 2.9026 0.1776, 5.2365 2.9102 0.2207, 5.2849 2.9176 0.2768, 5.319 2.9258 0.3458, 5.3346 2.9342 0.4218, 5.3306 2.9421 0.4972, 4.7289 2.0465 0.491, 4.7268 2.0547 0.4124, 4.7437 2.0619 0.3384, 4.7792 2.0698 0.2691, 4.8324 2.0782 0.2096, 4.8983 2.0864 0.166, 4.9701 2.0937 0.1411, 5.0474 2.1015 0.1346, 5.1259 2.1099 0.1482, 5.198 2.1182 0.1811, 5.2573 2.1256 0.2291, 5.3035 2.1332 0.2908, 5.3335 2.1415 0.3645, 5.3438 2.1499 0.4432, 5.3344 2.1574 0.5195, 5.3066 2.1649 0.5908, 5.2602 2.1732 0.6552, 5.1987 2.1816 0.7058, 5.1286 2.1893 0.7383, 5.0537 2.1966 0.7524, 4.9748 2.2048 0.7471, 4.8992 2.2133 0.7218, 4.8341 2.2211 0.6792, 4.7828 2.2284 0.6233, 4.7455 2.2365 0.5538, 4.727 2.245 0.4762, 4.7286 2.2529 0.398, 4.7489 2.2601 0.325, 4.788 2.2682 0.257, 4.8439 2.2766 0.2001, 4.9115 2.2847 0.1599, 4.9841 2.2919 0.1385, 5.0622 2.2999 0.1356, 5.1401 2.3083 0.1529, 5.2102 2.3165 0.1891, 5.2669 2.3237 0.2395, 5.3105 2.3315 0.3039, 5.337 2.34 0.379, 5.3435 2.3482 0.4579, 5.3306 2.3556 0.5331, 5.2993 2.3632 0.6036, 5.2497 2.3716 0.6659, 5.186 2.38 0.7133, 5.1151 2.3874 0.7423, 5.0391 2.3949 0.7529, 4.9601 2.4033 0.7439, 4.886 2.4117 0.715, 4.8235 2.4193 0.6698, 4.7746 2.4267 0.6112, 4.7405 2.4349 0.5397, 4.7258 2.4434 0.4614, 4.7311 2.4511 0.384, 4.7548 2.4584 0.3118, 4.7973 2.4666 0.2453, 4.8559 2.4751 0.1912, 4.9248 2.483 0.1545, 4.9984 2.4902 0.1365, 5.077 2.4983 0.1373, 5.154 2.5067 0.1584, 5.2219 2.5148 0.1976, 5.2761 2.522 0.2505, 5.3169 2.5299 0.3173, 5.3398 2.5384 0.3938, 5.3425 2.5465 0.4725, 5.3262 2.5538 0.5465, 5.2913 2.5616 0.6161, 5.2387 2.5701 0.676, 5.1731 2.5783 0.7202, 5.1014 2.5856 0.7456, 5.0243 2.5933 0.7528, 4.9457 2.6017 0.7399, 4.8733 2.61 0.7076, 4.8135 2.6175 0.6599, 4.7669 2.625 0.5987, 4.7362 2.6334 0.5253, 4.7253 2.6417 0.4466, 4.7341 2.6493 0.3702, 4.7613 2.6567 0.2987, 4.8072 2.665 0.234, 4.8682 2.6735 0.1829, 4.9382 2.6812 0.1497, 5.0129 2.6885 0.1351, 5.0918 2.6967 0.1397, 5.1676 2.7051 0.1644, 5.2331 2.713 0.2065, 5.2849 2.7202 0.262, 5.3226 2.7284 0.3311, 5.3418 2.7368 0.4086, 5.3408 2.7448 0.4868, 5.3211 2.752 0.56, 5.2827 2.76 0.6283, 5.2272 2.7685 0.6856, 5.1599 2.7766 0.7264, 5.0874 2.7838 0.7484, 5.0095 2.7917 0.7519, 4.9314 2.8002 0.7353, 4.861 2.8084 0.6997, 4.8038 2.8156 0.6496, 4.7598 2.8234 0.5857, 4.7326 2.8318 0.5108, 4.7255 2.8401 0.4319, 4.7378 2.8475 0.3566, 4.7685 2.8551 0.2859, 4.8176 2.8635 0.2232, 4.8809 2.8718 0.1752, 4.9517 2.8793 0.1457, 5.0275 2.8868 0.1344, 5.1064 2.8951 0.1428, 5.1808 2.9035 0.1711, 5.2438 2.9112 0.2159, 5.2931 2.9185 0.274, 5.3277 2.9268 0.3452, 5.3432 2.9352 0.4234, 4.7426 2.0412 0.569, 4.7202 2.0496 0.4902, 4.7187 2.0577 0.4093, 4.7365 2.065 0.3335, 4.7735 2.0729 0.2625, 4.8285 2.0813 0.2018, 4.8965 2.0895 0.1575, 4.9705 2.0968 0.1325, 5.0499 2.1045 0.1263, 5.1305 2.113 0.1407, 5.2043 2.1212 0.1751, 5.2649 2.1286 0.2248, 5.3119 2.1362 0.2886, 5.3422 2.1446 0.3644, 5.3523 2.153 0.4454, 5.342 2.1605 0.5237, 5.313 2.168 0.5968, 5.2649 2.1763 0.6626, 5.2013 2.1847 0.7141, 5.129 2.1924 0.747, 5.0521 2.1997 0.7609, 4.971 2.2079 0.755, 4.8935 2.2164 0.7284, 4.827 2.2242 0.6842, 4.7746 2.2314 0.6264, 4.7369 2.2396 0.5548, 4.7184 2.2481 0.4749, 4.7206 2.256 0.3946, 4.7419 2.2632 0.3198, 4.7825 2.2713 0.2501, 4.8405 2.2797 0.1921, 4.9101 2.2878 0.1513, 4.9849 2.295 0.1298, 5.0651 2.3029 0.1274, 5.145 2.3114 0.1457, 5.2168 2.3196 0.1834, 5.2747 2.3268 0.2356, 5.319 2.3346 0.302, 5.3457 2.3431 0.3794, 5.3518 2.3513 0.4605, 5.3381 2.3587 0.5376, 5.3054 2.3663 0.6099, 5.254 2.3747 0.6735, 5.1883 2.383 0.7217, 5.1152 2.3905 0.751, 5.037 2.398 0.7614, 4.956 2.4064 0.7515, 4.8801 2.4148 0.7213, 4.8162 2.4224 0.6744, 4.7663 2.4298 0.614, 4.7319 2.438 0.5403, 4.7172 2.4465 0.4597, 4.7232 2.4542 0.3802, 4.7481 2.4615 0.3062, 4.7922 2.4697 0.2382, 4.8528 2.4781 0.183, 4.9238 2.4861 0.1458, 4.9996 2.4933 0.1279, 5.0803 2.5014 0.1292, 5.1593 2.5098 0.1514, 5.2288 2.5178 0.1922, 5.2841 2.5251 0.2469, 5.3254 2.533 0.3159, 5.3485 2.5415 0.3945, 5.3507 2.5496 0.4754, 5.3335 2.5569 0.5514, 5.2971 2.5647 0.6226, 5.2426 2.5732 0.6838, 5.1749 2.5814 0.7287, 5.1011 2.5887 0.7543, 5.0218 2.5964 0.7611, 4.9412 2.6048 0.7474, 4.867 2.6131 0.7136, 4.8059 2.6205 0.6643, 4.7585 2.6281 0.601, 4.7275 2.6365 0.5255, 4.7168 2.6448 0.4445, 4.7264 2.6524 0.366, 4.7549 2.6598 0.2928, 4.8024 2.6681 0.2267, 4.8655 2.6765 0.1746, 4.9377 2.6843 0.1411, 5.0145 2.6916 0.1266, 5.0955 2.6998 0.1318, 5.1732 2.7082 0.1578, 5.2402 2.7161 0.2015, 5.293 2.7233 0.2588, 5.3313 2.7315 0.33, 5.3505 2.7399 0.4098, 5.3489 2.7479 0.4902, 5.3281 2.7551 0.5651, 5.2882 2.7631 0.6351, 5.2307 2.7716 0.6936, 5.1614 2.7797 0.735, 5.0867 2.7869 0.7571, 5.0066 2.7948 0.7602, 4.9266 2.8033 0.7425, 4.8544 2.8114 0.7054, 4.7961 2.8187 0.6536, 4.7513 2.8265 0.5876, 4.7239 2.8349 0.5105, 4.7171 2.8432 0.4294, 4.7303 2.8506 0.3521, 4.7624 2.8582 0.2797, 4.8132 2.8666 0.2157, 4.8786 2.8749 0.1668, 4.9516 2.8824 0.137, 5.0295 2.8899 0.126, 5.1105 2.8982 0.1351, 5.1867 2.9066 0.1647, 5.2511 2.9143 0.2112, 5.3014 2.9216 0.2712, 5.3364 2.9299 0.3445, 4.8183 2.0313 0.6839, 4.7764 2.0382 0.6415, 4.735 2.0462 0.5703, 4.7125 2.0547 0.4894, 4.7114 2.0628 0.4067, 4.7301 2.07 0.3292, 4.7684 2.0779 0.2567, 4.8251 2.0863 0.1948, 4.8949 2.0945 0.1499, 4.9708 2.1018 0.1247, 5.0521 2.1096 0.1189, 5.1345 2.118 0.1342, 5.2099 2.1263 0.1697, 5.2716 2.1337 0.221, 5.3193 2.1413 0.2865, 5.35 2.1496 0.3644, 5.3598 2.158 0.4473, 5.3488 2.1655 0.5274, 5.3186 2.173 0.602, 5.269 2.1813 0.6691, 5.2037 2.1897 0.7215, 5.1295 2.1974 0.7547, 5.0506 2.2047 0.7685, 4.9677 2.213 0.7619, 4.8885 2.2214 0.7343, 4.8206 2.2292 0.6887, 4.7674 2.2365 0.6292, 4.7292 2.2446 0.5557, 4.7107 2.2531 0.4738, 4.7135 2.261 0.3916, 4.7358 2.2682 0.3152, 4.7777 2.2763 0.2441, 4.8374 2.2848 0.185, 4.9089 2.2928 0.1437, 4.9856 2.3 0.1221, 5.0677 2.308 0.1201, 5.1494 2.3164 0.1394, 5.2226 2.3246 0.1783, 5.2816 2.3318 0.2321, 5.3265 2.3396 0.3004, 5.3534 2.3481 0.3797, 5.3592 2.3563 0.4628, 5.3447 2.3637 0.5416, 5.3108 2.3713 0.6154, 5.2578 2.3797 0.6802, 5.1902 2.3881 0.7292, 5.1152 2.3955 0.7587, 5.0352 2.4031 0.7689, 4.9523 2.4114 0.7583, 4.8748 2.4198 0.7269, 4.8096 2.4274 0.6786, 4.759 2.4348 0.6164, 4.7241 2.4431 0.5407, 4.7096 2.4515 0.4582, 4.7162 2.4593 0.3769, 4.7421 2.4665 0.3013, 4.7877 2.4747 0.2319, 4.8501 2.4832 0.1758, 4.923 2.4911 0.1382, 5.0006 2.4983 0.1202, 5.0833 2.5064 0.1221, 5.1639 2.5148 0.1453, 5.2348 2.5229 0.1874, 5.2911 2.5301 0.2438, 5.3331 2.5381 0.3146, 5.3562 2.5465 0.3952, 5.358 2.5546 0.478, 5.3399 2.5619 0.5557, 5.3022 2.5697 0.6284, 5.2461 2.5782 0.6907, 5.1765 2.5864 0.7363, 5.1008 2.5937 0.7621, 5.0197 2.6014 0.7686, 4.9372 2.6098 0.754, 4.8615 2.6181 0.719, 4.7992 2.6256 0.6681, 4.7511 2.6331 0.6031, 4.7198 2.6415 0.5256, 4.7093 2.6499 0.4427, 4.7196 2.6574 0.3624, 4.7492 2.6649 0.2876, 4.7982 2.6732 0.2202, 4.8631 2.6816 0.1673, 4.9372 2.6893 0.1333, 5.0159 2.6966 0.119, 5.0988 2.7048 0.1248, 5.1782 2.7133 0.1518, 5.2465 2.7211 0.197, 5.3002 2.7283 0.256, 5.3389 2.7365 0.3291, 5.3581 2.7449 0.4108, 5.356 2.7529 0.4931, 5.3343 2.7601 0.5698, 5.293 2.7681 0.6411, 5.2339 2.7766 0.7007, 5.1626 2.7847 0.7426, 5.0861 2.7919 0.7648, 5.0041 2.7998 0.7675, 4.9223 2.8083 0.7489, 4.8487 2.8165 0.7105, 4.7892 2.8237 0.6572, 4.7438 2.8315 0.5894, 4.7162 2.8399 0.5102, 4.7097 2.8482 0.4272, 4.7236 2.8556 0.3482, 4.7569 2.8632 0.2742, 4.8093 2.8716 0.209, 4.8765 2.8799 0.1594, 4.9514 2.8875 0.1292, 5.0313 2.8949 0.1184, 5.1141 2.9032 0.1283, 5.192 2.9116 0.1591, 5.2576 2.9193 0.207, 5.3087 2.9267 0.2687, 4.7287 2.0529 0.5713, 4.7062 2.0613 0.4888, 4.7055 2.0694 0.4045, 4.7249 2.0766 0.3256, 4.7643 2.0845 0.2519, 4.8223 2.093 0.1892, 4.8937 2.1012 0.1437, 4.9711 2.1085 0.1184, 5.054 2.1162 0.1128, 5.1378 2.1246 0.1288, 5.2145 2.1329 0.1654, 5.2772 2.1403 0.2179, 5.3254 2.1479 0.2849, 5.3563 2.1563 0.3643, 5.3659 2.1646 0.4489, 5.3544 2.1722 0.5304, 5.3233 2.1796 0.6063, 5.2724 2.188 0.6744, 5.2056 2.1964 0.7275, 5.1298 2.204 0.7611, 5.0494 2.2114 0.7747, 4.9649 2.2196 0.7677, 4.8844 2.2281 0.7391, 4.8155 2.2359 0.6923, 4.7615 2.2431 0.6315, 4.7229 2.2513 0.5564, 4.7045 2.2597 0.4729, 4.7077 2.2677 0.3892, 4.7307 2.2749 0.3113, 4.7738 2.2829 0.2391, 4.8348 2.2914 0.1792, 4.9079 2.2995 0.1374, 4.9861 2.3067 0.1158, 5.0698 2.3146 0.1142, 5.153 2.3231 0.1341, 5.2274 2.3312 0.1742, 5.2872 2.3385 0.2292, 5.3327 2.3463 0.299, 5.3598 2.3547 0.38, 5.3653 2.363 0.4646, 5.3501 2.3703 0.5449, 5.3152 2.378 0.6199, 5.2609 2.3864 0.6857, 5.1919 2.3947 0.7353, 5.1153 2.4022 0.7651, 5.0337 2.4097 0.775, 4.9493 2.4181 0.7639, 4.8705 2.4264 0.7316, 4.8043 2.4341 0.682, 4.753 2.4414 0.6184, 4.7178 2.4497 0.5412, 4.7034 2.4581 0.457, 4.7105 2.4659 0.3741, 4.7373 2.4732 0.2972, 4.784 2.4814 0.2268, 4.8478 2.4898 0.1699, 4.9223 2.4977 0.1319, 5.0015 2.5049 0.1139, 5.0857 2.513 0.1162, 5.1678 2.5215 0.1402, 5.2398 2.5295 0.1835, 5.2969 2.5367 0.2412, 5.3393 2.5447 0.3135, 5.3625 2.5532 0.3958, 5.3639 2.5613 0.4802, 5.3451 2.5685 0.5592, 5.3064 2.5764 0.6331, 5.2489 2.5848 0.6964, 5.1779 2.5931 0.7425, 5.1006 2.6004 0.7684, 5.0179 2.6081 0.7746, 4.9339 2.6165 0.7594, 4.8569 2.6248 0.7234, 4.7937 2.6322 0.6713, 4.745 2.6398 0.6048, 4.7135 2.6481 0.5257, 4.7032 2.6565 0.4411, 4.7141 2.6641 0.3594, 4.7445 2.6715 0.2834, 4.7948 2.6798 0.2149, 4.8612 2.6882 0.1612, 4.9368 2.6959 0.127, 5.017 2.7032 0.1127, 5.1015 2.7115 0.1191, 5.1822 2.7199 0.147, 5.2517 2.7278 0.1933, 5.3061 2.735 0.2536, 5.3452 2.7431 0.3284, 5.3644 2.7516 0.4117, 5.3619 2.7596 0.4955, 5.3394 2.7668 0.5735, 5.297 2.7748 0.646, 5.2365 2.7833 0.7064, 5.1637 2.7914 0.7489, 5.0856 2.7986 0.7711, 5.002 2.8065 0.7734, 4.9187 2.8149 0.7542, 4.8439 2.8231 0.7147, 4.7836 2.8304 0.6601, 4.7376 2.8382 0.5908, 4.7099 2.8466 0.51, 4.7037 2.8549 0.4254, 4.7182 2.8622 0.3449, 4.7525 2.8699 0.2697, 4.8062 2.8782 0.2035, 4.8749 2.8866 0.1533, 4.9513 2.8941 0.1229, 5.0327 2.9016 0.1123, 5.1171 2.9099 0.1227, 5.1963 2.9183 0.1544, 5.2629 2.926 0.2035, 4.8237 2.0453 0.7049, 4.7665 2.0525 0.6458, 4.7243 2.0605 0.572, 4.7018 2.0689 0.4883, 4.7013 2.077 0.4029, 4.7212 2.0843 0.3231, 4.7613 2.0921 0.2486, 4.8203 2.1006 0.1852, 4.8928 2.1088 0.1393, 4.9713 2.1161 0.1139, 5.0553 2.1238 0.1086, 5.1402 2.1323 0.125, 5.2177 2.1405 0.1623, 5.281 2.1479 0.2157, 5.3297 2.1555 0.2837, 5.3608 2.1639 0.3643, 5.3702 2.1723 0.45, 5.3583 2.1798 0.5326, 5.3265 2.1873 0.6094, 5.2748 2.1956 0.6782, 5.2069 2.204 0.7318, 5.1301 2.2117 0.7655, 5.0486 2.219 0.7791, 4.963 2.2272 0.7717, 4.8815 2.2357 0.7425, 4.8118 2.2435 0.6949, 4.7574 2.2507 0.6331, 4.7185 2.2589 0.5569, 4.7 2.2673 0.4722, 4.7036 2.2753 0.3874, 4.7271 2.2825 0.3087, 4.771 2.2906 0.2356, 4.833 2.299 0.1751, 4.9072 2.3071 0.133, 4.9865 2.3143 0.1114, 5.0713 2.3222 0.1099, 5.1555 2.3307 0.1305, 5.2308 2.3389 0.1712, 5.2912 2.3461 0.2272, 5.3371 2.3539 0.298, 5.3642 2.3623 0.3802, 5.3696 2.3706 0.4659, 5.3539 2.378 0.5472, 5.3183 2.3856 0.6231, 5.2631 2.394 0.6896, 5.193 2.4023 0.7397, 5.1154 2.4098 0.7695, 5.0326 2.4173 0.7794, 4.9472 2.4257 0.7678, 4.8674 2.434 0.7348, 4.8005 2.4417 0.6844, 4.7487 2.4491 0.6198, 4.7134 2.4573 0.5414, 4.699 2.4657 0.4561, 4.7065 2.4735 0.3722, 4.7338 2.4808 0.2944, 4.7814 2.489 0.2231, 4.8462 2.4974 0.1657, 4.9218 2.5053 0.1274, 5.0021 2.5126 0.1095, 5.0874 2.5206 0.1121, 5.1705 2.5291 0.1367, 5.2433 2.5371 0.1807, 5.301 2.5443 0.2393, 5.3437 2.5523 0.3127, 5.3669 2.5608 0.3962, 5.3681 2.5689 0.4817, 5.3488 2.5761 0.5617, 5.3094 2.584 0.6365, 5.251 2.5924 0.7004, 5.1788 2.6007 0.7468, 5.1004 2.608 0.7729, 5.0166 2.6157 0.7789, 4.9316 2.6241 0.7632, 4.8537 2.6324 0.7265, 4.7898 2.6398 0.6735, 4.7407 2.6474 0.606, 4.709 2.6558 0.5258, 4.6988 2.6641 0.4401, 4.7101 2.6717 0.3573, 4.7412 2.6791 0.2803, 4.7924 2.6874 0.2111, 4.8598 2.6958 0.157, 4.9365 2.7036 0.1226, 5.0178 2.7109 0.1083, 5.1033 2.7191 0.115, 5.1851 2.7275 0.1436, 5.2553 2.7354 0.1907, 5.3102 2.7426 0.252, 5.3497 2.7507 0.3278, 5.3688 2.7592 0.4123, 5.366 2.7672 0.4972, 5.343 2.7744 0.5762, 5.2998 2.7824 0.6495, 5.2383 2.7909 0.7105, 5.1644 2.799 0.7533, 5.0852 2.8062 0.7756, 5.0005 2.8141 0.7777, 4.9162 2.8225 0.7579, 4.8405 2.8307 0.7177, 4.7796 2.838 0.6621, 4.7333 2.8458 0.5918, 4.7054 2.8542 0.5099, 4.6994 2.8625 0.4241, 4.7144 2.8699 0.3426, 4.7493 2.8775 0.2666, 4.8039 2.8859 0.1997, 4.8737 2.8942 0.149, 4.9512 2.9017 0.1184, 5.0337 2.9092 0.1079, 5.1192 2.9175 0.1188, 5.1993 2.9259 0.1511, 4.8944 2.0459 0.7517, 4.8215 2.0539 0.7066, 4.764 2.0611 0.6469, 4.7216 2.0691 0.5724, 4.6991 2.0776 0.4881, 4.6988 2.0857 0.402, 4.719 2.0929 0.3216, 4.7595 2.1008 0.2465, 4.8191 2.1092 0.1827, 4.8922 2.1174 0.1367, 4.9714 2.1247 0.1112, 5.056 2.1325 0.106, 5.1416 2.1409 0.1227, 5.2196 2.1492 0.1604, 5.2834 2.1566 0.2144, 5.3324 2.1642 0.283, 5.3635 2.1726 0.3643, 5.3729 2.1809 0.4507, 5.3607 2.1884 0.5339, 5.3285 2.1959 0.6112, 5.2762 2.2042 0.6805, 5.2078 2.2126 0.7343, 5.1302 2.2203 0.7682, 5.048 2.2276 0.7818, 4.9618 2.2359 0.7741, 4.8798 2.2443 0.7446, 4.8096 2.2521 0.6964, 4.7548 2.2594 0.6341, 4.7158 2.2675 0.5572, 4.6973 2.276 0.4718, 4.7011 2.2839 0.3864, 4.725 2.2912 0.307, 4.7693 2.2992 0.2335, 4.832 2.3077 0.1726, 4.9068 2.3157 0.1303, 4.9868 2.3229 0.1087, 5.0722 2.3309 0.1074, 5.157 2.3393 0.1282, 5.2328 2.3475 0.1695, 5.2936 2.3548 0.226, 5.3397 2.3626 0.2974, 5.3669 2.371 0.3803, 5.3721 2.3793 0.4667, 5.3562 2.3866 0.5486, 5.3202 2.3943 0.625, 5.2645 2.4027 0.6919, 5.1937 2.411 0.7423, 5.1154 2.4185 0.7722, 5.032 2.426 0.782, 4.9459 2.4343 0.7702, 4.8655 2.4427 0.7368, 4.7982 2.4503 0.6859, 4.7462 2.4577 0.6206, 4.7107 2.466 0.5416, 4.6964 2.4744 0.4556, 4.7041 2.4822 0.371, 4.7317 2.4894 0.2927, 4.7798 2.4976 0.2209, 4.8453 2.5061 0.1632, 4.9215 2.514 0.1247, 5.0024 2.5212 0.1068, 5.0884 2.5293 0.1096, 5.1721 2.5378 0.1345, 5.2454 2.5458 0.179, 5.3034 2.553 0.2382, 5.3464 2.561 0.3123, 5.3696 2.5694 0.3965, 5.3707 2.5776 0.4826, 5.3511 2.5848 0.5632, 5.3112 2.5926 0.6385, 5.2522 2.6011 0.7028, 5.1794 2.6093 0.7495, 5.1003 2.6166 0.7756, 5.0158 2.6243 0.7815, 4.9302 2.6328 0.7655, 4.8518 2.6411 0.7284, 4.7875 2.6485 0.6749, 4.7381 2.656 0.6067, 4.7063 2.6644 0.5258, 4.6962 2.6728 0.4394, 4.7077 2.6803 0.356, 4.7392 2.6878 0.2785, 4.7909 2.6961 0.2089, 4.8589 2.7045 0.1544, 4.9363 2.7122 0.1199, 5.0183 2.7195 0.1057, 5.1045 2.7277 0.1126, 5.1868 2.7362 0.1415, 5.2575 2.744 0.1891, 5.3127 2.7513 0.251, 5.3524 2.7594 0.3275, 5.3715 2.7679 0.4127, 5.3685 2.7758 0.4983, 5.3452 2.783 0.5778, 5.3015 2.7911 0.6516, 5.2394 2.7995 0.713, 5.1648 2.8076 0.7559, 5.085 2.8148 0.7783, 4.9997 2.8227 0.7802, 4.9147 2.8312 0.7601, 4.8385 2.8394 0.7195, 4.7772 2.8467 0.6634, 4.7306 2.8544 0.5924, 4.7027 2.8629 0.5098, 4.6968 2.8711 0.4233, 4.712 2.8785 0.3413, 4.7474 2.8861 0.2646, 4.8026 2.8945 0.1973, 4.873 2.9028 0.1464, 4.9512 2.9104 0.1157, 5.0343 2.9178 0.1053, 5.1205 2.9262 0.1164, 4.9777 2.0475 0.7778, 4.8941 2.056 0.7521, 4.8211 2.064 0.7069, 4.7635 2.0712 0.6472, 4.721 2.0792 0.5725, 4.6985 2.0876 0.488, 4.6982 2.0957 0.4018, 4.7185 2.103 0.3212, 4.7591 2.1108 0.2461, 4.8188 2.1193 0.1822, 4.8921 2.1275 0.1361, 4.9714 2.1348 0.1106, 5.0562 2.1425 0.1054, 5.1419 2.151 0.1221, 5.2201 2.1592 0.16, 5.2839 2.1666 0.2141, 5.3329 2.1742 0.2829, 5.3641 2.1826 0.3643, 5.3734 2.191 0.4508, 5.3612 2.1985 0.5342, 5.329 2.206 0.6116, 5.2766 2.2143 0.681, 5.2079 2.2227 0.7349, 5.1303 2.2304 0.7688, 5.0479 2.2377 0.7824, 4.9616 2.2459 0.7747, 4.8794 2.2544 0.745, 4.8091 2.2622 0.6968, 4.7543 2.2694 0.6343, 4.7152 2.2776 0.5572, 4.6968 2.286 0.4717, 4.7005 2.294 0.3861, 4.7245 2.3012 0.3067, 4.769 2.3093 0.233, 4.8317 2.3177 0.1721, 4.9067 2.3258 0.1297, 4.9868 2.333 0.1081, 5.0724 2.3409 0.1068, 5.1574 2.3494 0.1277, 5.2333 2.3576 0.1691, 5.2942 2.3648 0.2257, 5.3403 2.3726 0.2973, 5.3675 2.3811 0.3803, 5.3727 2.3893 0.4669, 5.3568 2.3967 0.5489, 5.3206 2.4043 0.6255, 5.2648 2.4127 0.6924, 5.1939 2.421 0.7429, 5.1154 2.4285 0.7728, 5.0319 2.436 0.7826, 4.9456 2.4444 0.7707, 4.8651 2.4527 0.7372, 4.7977 2.4604 0.6862, 4.7456 2.4678 0.6208, 4.7101 2.476 0.5416, 4.6958 2.4844 0.4555, 4.7035 2.4922 0.3708, 4.7313 2.4995 0.2923, 4.7795 2.5077 0.2204, 4.8451 2.5161 0.1626, 4.9214 2.524 0.1241, 5.0025 2.5313 0.1062, 5.0886 2.5393 0.109, 5.1725 2.5478 0.134, 5.2459 2.5558 0.1787, 5.304 2.563 0.238, 5.347 2.571 0.3122, 5.3702 2.5795 0.3965, 5.3712 2.5876 0.4828, 5.3516 2.5949 0.5636, 5.3116 2.6027 0.639, 5.2524 2.6111 0.7033, 5.1795 2.6194 0.7501, 5.1003 2.6267 0.7762, 5.0157 2.6344 0.7821, 4.9299 2.6428 0.7661, 4.8513 2.6511 0.7288, 4.787 2.6585 0.6752, 4.7375 2.6661 0.6069, 4.7057 2.6745 0.5258, 4.6956 2.6828 0.4393, 4.7072 2.6904 0.3557, 4.7388 2.6978 0.2781, 4.7906 2.7061 0.2083, 4.8588 2.7145 0.1538, 4.9363 2.7223 0.1193, 5.0184 2.7296 0.1051, 5.1048 2.7378 0.112, 5.1872 2.7462 0.141, 5.258 2.7541 0.1888, 5.3133 2.7613 0.2508, 5.353 2.7694 0.3274, 5.3721 2.7779 0.4128, 5.369 2.7859 0.4985, 5.3457 2.7931 0.5782, 5.3019 2.8011 0.6521, 5.2396 2.8096 0.7135, 5.1649 2.8177 0.7565, 5.0849 2.8249 0.7789, 4.9995 2.8328 0.7808, 4.9144 2.8412 0.7606, 4.8381 2.8494 0.7199, 4.7767 2.8567 0.6636, 4.73 2.8645 0.5925, 4.7021 2.8729 0.5098, 4.6962 2.8812 0.4232, 4.7115 2.8886 0.3409, 4.747 2.8962 0.2642, 4.8023 2.9046 0.1968, 4.8728 2.9129 0.1458, 4.9511 2.9204 0.1151, 5.0345 2.9279 0.1047, 4.9353 3.6265 0.7678, 5.0641 2.0475 0.7799, 4.9782 2.0557 0.7765, 4.8949 2.0641 0.751, 4.8222 2.0721 0.7061, 4.7648 2.0793 0.6466, 4.7225 2.0873 0.5723, 4.6999 2.0958 0.4881, 4.6995 2.1039 0.4023, 4.7197 2.1111 0.322, 4.7601 2.119 0.2471, 4.8195 2.1275 0.1835, 4.8924 2.1357 0.1375, 4.9713 2.1429 0.1121, 5.0558 2.1507 0.1068, 5.1412 2.1591 0.1234, 5.219 2.1674 0.161, 5.2827 2.1748 0.2148, 5.3316 2.1824 0.2832, 5.3627 2.1908 0.3643, 5.372 2.1991 0.4505, 5.36 2.2067 0.5335, 5.3279 2.2141 0.6106, 5.2758 2.2224 0.6798, 5.2075 2.2308 0.7335, 5.1302 2.2385 0.7674, 5.0482 2.2458 0.7809, 4.9622 2.2541 0.7734, 4.8803 2.2625 0.7439, 4.8103 2.2704 0.696, 4.7556 2.2776 0.6338, 4.7166 2.2857 0.5571, 4.6982 2.2942 0.4719, 4.7018 2.3022 0.3867, 4.7257 2.3094 0.3075, 4.7699 2.3174 0.2342, 4.8323 2.3259 0.1734, 4.9069 2.3339 0.1312, 4.9867 2.3412 0.1095, 5.072 2.3491 0.1082, 5.1565 2.3575 0.1289, 5.2322 2.3657 0.17, 5.2929 2.373 0.2264, 5.3389 2.3808 0.2976, 5.3661 2.3892 0.3803, 5.3713 2.3975 0.4665, 5.3555 2.4048 0.5482, 5.3196 2.4125 0.6244, 5.2641 2.4209 0.6912, 5.1935 2.4292 0.7415, 5.1154 2.4367 0.7714, 5.0322 2.4442 0.7812, 4.9463 2.4525 0.7695, 4.8661 2.4609 0.7362, 4.7989 2.4685 0.6854, 4.7469 2.4759 0.6204, 4.7115 2.4842 0.5416, 4.6972 2.4926 0.4558, 4.7048 2.5004 0.3714, 4.7324 2.5077 0.2932, 4.7803 2.5158 0.2216, 4.8456 2.5243 0.164, 4.9216 2.5322 0.1256, 5.0023 2.5394 0.1076, 5.0881 2.5475 0.1104, 5.1716 2.556 0.1352, 5.2448 2.564 0.1796, 5.3027 2.5712 0.2386, 5.3456 2.5792 0.3124, 5.3688 2.5876 0.3964, 5.3699 2.5958 0.4823, 5.3504 2.603 0.5628, 5.3106 2.6109 0.6379, 5.2518 2.6193 0.702, 5.1792 2.6275 0.7487, 5.1004 2.6348 0.7747, 5.0161 2.6426 0.7807, 4.9306 2.651 0.7648, 4.8524 2.6593 0.7278, 4.7882 2.6667 0.6745, 4.7389 2.6743 0.6065, 4.7071 2.6826 0.5258, 4.697 2.691 0.4396, 4.7085 2.6986 0.3564, 4.7398 2.706 0.2791, 4.7914 2.7143 0.2096, 4.8592 2.7227 0.1552, 4.9364 2.7304 0.1207, 5.0182 2.7377 0.1065, 5.1041 2.7459 0.1133, 5.1863 2.7544 0.1421, 5.2568 2.7622 0.1896, 5.312 2.7695 0.2513, 5.3515 2.7776 0.3276, 5.3707 2.7861 0.4126, 5.3677 2.794 0.498, 5.3445 2.8013 0.5773, 5.301 2.8093 0.651, 5.239 2.8177 0.7122, 5.1647 2.8258 0.7551, 5.0851 2.833 0.7774, 4.9999 2.8409 0.7794, 4.9152 2.8494 0.7594, 4.8391 2.8576 0.7189, 4.7779 2.8649 0.663, 4.7314 2.8726 0.5922, 4.7035 2.8811 0.5098, 4.6976 2.8893 0.4236, 4.7128 2.8967 0.3417, 4.748 2.9043 0.2652, 4.803 2.9127 0.198, 4.8732 2.9211 0.1472, 4.9512 2.9286 0.1165, 5.0216 3.6263 0.781, 5.1446 2.0482 0.7595, 5.0645 2.0554 0.7767, 4.9795 2.0635 0.7735, 4.8969 2.072 0.7485, 4.8247 2.08 0.7041, 4.7677 2.0872 0.6453, 4.7256 2.0952 0.5718, 4.7031 2.1037 0.4885, 4.7025 2.1118 0.4034, 4.7223 2.119 0.3238, 4.7622 2.1269 0.2496, 4.8209 2.1353 0.1864, 4.893 2.1435 0.1406, 4.9712 2.1508 0.1153, 5.0549 2.1586 0.1098, 5.1395 2.167 0.1261, 5.2167 2.1753 0.1632, 5.2799 2.1827 0.2164, 5.3285 2.1903 0.2841, 5.3594 2.1987 0.3643, 5.3689 2.207 0.4497, 5.3571 2.2145 0.5319, 5.3256 2.222 0.6085, 5.2741 2.2303 0.6771, 5.2065 2.2387 0.7305, 5.13 2.2464 0.7642, 5.0488 2.2537 0.7778, 4.9636 2.262 0.7705, 4.8824 2.2704 0.7415, 4.8129 2.2782 0.6941, 4.7586 2.2855 0.6326, 4.7198 2.2936 0.5567, 4.7014 2.3021 0.4724, 4.7048 2.31 0.3879, 4.7282 2.3173 0.3095, 4.7719 2.3253 0.2367, 4.8336 2.3338 0.1763, 4.9074 2.3418 0.1343, 4.9864 2.349 0.1127, 5.0709 2.357 0.1112, 5.1547 2.3654 0.1316, 5.2298 2.3736 0.1721, 5.29 2.3809 0.2278, 5.3358 2.3887 0.2983, 5.3629 2.3971 0.3801, 5.3683 2.4053 0.4655, 5.3528 2.4127 0.5465, 5.3174 2.4204 0.6221, 5.2625 2.4288 0.6884, 5.1927 2.4371 0.7384, 5.1153 2.4446 0.7682, 5.033 2.4521 0.7781, 4.9478 2.4604 0.7667, 4.8683 2.4688 0.7339, 4.8017 2.4764 0.6837, 4.75 2.4838 0.6194, 4.7147 2.4921 0.5413, 4.7004 2.5005 0.4564, 4.7077 2.5083 0.3728, 4.7348 2.5155 0.2952, 4.7822 2.5237 0.2242, 4.8467 2.5322 0.167, 4.9219 2.5401 0.1288, 5.0019 2.5473 0.1108, 5.0869 2.5554 0.1133, 5.1697 2.5639 0.1377, 5.2423 2.5719 0.1815, 5.2997 2.5791 0.2399, 5.3424 2.5871 0.313, 5.3656 2.5955 0.3961, 5.3669 2.6037 0.4812, 5.3477 2.6109 0.561, 5.3085 2.6187 0.6355, 5.2503 2.6272 0.6992, 5.1785 2.6354 0.7455, 5.1005 2.6427 0.7715, 5.017 2.6504 0.7776, 4.9323 2.6588 0.7621, 4.8547 2.6671 0.7256, 4.791 2.6746 0.6729, 4.742 2.6821 0.6057, 4.7103 2.6905 0.5257, 4.7001 2.6989 0.4404, 4.7113 2.7064 0.3579, 4.7422 2.7139 0.2812, 4.7931 2.7222 0.2123, 4.8602 2.7306 0.1583, 4.9366 2.7383 0.1239, 5.0176 2.7456 0.1097, 5.1028 2.7538 0.1163, 5.1842 2.7623 0.1446, 5.2542 2.7701 0.1915, 5.309 2.7774 0.2525, 5.3483 2.7855 0.328, 5.3675 2.7939 0.4121, 5.3647 2.8019 0.4967, 5.342 2.8091 0.5754, 5.299 2.8172 0.6485, 5.2377 2.8256 0.7093, 5.1642 2.8337 0.7519, 5.0853 2.8409 0.7742, 5.001 2.8488 0.7764, 4.917 2.8573 0.7567, 4.8416 2.8655 0.7168, 4.7808 2.8728 0.6615, 4.7346 2.8805 0.5915, 4.7067 2.8889 0.5099, 4.7007 2.8972 0.4245, 4.7155 2.9046 0.3433, 4.7503 2.9122 0.2675, 4.8046 2.9206 0.2008, 4.874 2.9289 0.1503, 5.1056 3.6265 0.7705, 5.2182 2.0481 0.7167, 5.1441 2.056 0.7539, 5.0653 2.0632 0.7713, 4.9816 2.0713 0.7684, 4.9003 2.0798 0.7441, 4.8291 2.0878 0.7007, 4.7728 2.095 0.6431, 4.7311 2.103 0.5709, 4.7086 2.1115 0.489, 4.7077 2.1196 0.4053, 4.7269 2.1268 0.327, 4.7658 2.1347 0.2537, 4.8234 2.1431 0.1913, 4.8942 2.1513 0.1461, 4.971 2.1586 0.1208, 5.0533 2.1664 0.1151, 5.1366 2.1748 0.1308, 5.2127 2.1831 0.167, 5.2751 2.1905 0.2191, 5.3231 2.1981 0.2855, 5.3539 2.2065 0.3643, 5.3636 2.2148 0.4483, 5.3523 2.2223 0.5293, 5.3215 2.2298 0.6047, 5.2711 2.2381 0.6724, 5.2049 2.2465 0.7252, 5.1297 2.2542 0.7586, 5.0499 2.2615 0.7723, 4.966 2.2698 0.7655, 4.886 2.2782 0.7373, 4.8174 2.286 0.6909, 4.7638 2.2933 0.6306, 4.7253 2.3014 0.5561, 4.7068 2.3099 0.4732, 4.7099 2.3178 0.3901, 4.7326 2.3251 0.3128, 4.7753 2.3331 0.241, 4.8358 2.3416 0.1814, 4.9083 2.3496 0.1398, 4.9859 2.3568 0.1182, 5.069 2.3648 0.1164, 5.1516 2.3732 0.1361, 5.2256 2.3814 0.1757, 5.2851 2.3887 0.2303, 5.3303 2.3965 0.2995, 5.3574 2.4049 0.3799, 5.363 2.4131 0.4639, 5.3481 2.4205 0.5436, 5.3135 2.4282 0.6182, 5.2597 2.4365 0.6836, 5.1912 2.4449 0.733, 5.1153 2.4524 0.7626, 5.0343 2.4599 0.7727, 4.9505 2.4682 0.7618, 4.8721 2.4766 0.7298, 4.8063 2.4842 0.6807, 4.7553 2.4916 0.6176, 4.7202 2.4999 0.541, 4.7058 2.5083 0.4574, 4.7127 2.5161 0.3752, 4.7391 2.5233 0.2988, 4.7854 2.5315 0.2287, 4.8487 2.54 0.1721, 4.9226 2.5479 0.1343, 5.0011 2.5551 0.1163, 5.0848 2.5632 0.1185, 5.1663 2.5717 0.1421, 5.2379 2.5797 0.185, 5.2947 2.5869 0.2422, 5.3369 2.5949 0.3139, 5.3601 2.6033 0.3956, 5.3617 2.6115 0.4794, 5.3431 2.6187 0.5579, 5.3048 2.6265 0.6313, 5.2478 2.635 0.6942, 5.1774 2.6432 0.7401, 5.1007 2.6505 0.766, 5.0186 2.6582 0.7723, 4.9352 2.6666 0.7573, 4.8587 2.6749 0.7217, 4.7958 2.6824 0.6701, 4.7473 2.6899 0.6042, 4.7159 2.6983 0.5256, 4.7055 2.7067 0.4417, 4.7162 2.7142 0.3605, 4.7463 2.7217 0.285, 4.7961 2.73 0.2169, 4.8619 2.7384 0.1635, 4.9369 2.7461 0.1294, 5.0166 2.7534 0.1151, 5.1004 2.7616 0.1213, 5.1807 2.7701 0.1488, 5.2497 2.7779 0.1947, 5.3038 2.7852 0.2545, 5.3428 2.7933 0.3286, 5.362 2.8017 0.4114, 5.3596 2.8097 0.4946, 5.3375 2.8169 0.5721, 5.2955 2.825 0.6441, 5.2355 2.8334 0.7042, 5.1633 2.8415 0.7465, 5.0858 2.8487 0.7687, 5.0028 2.8566 0.7712, 4.9201 2.8651 0.7522, 4.8457 2.8733 0.7131, 4.7857 2.8806 0.659, 4.74 2.8883 0.5902, 4.7123 2.8967 0.5101, 4.706 2.905 0.4261, 4.7203 2.9124 0.3462, 4.7542 2.92 0.2714, 4.8074 2.9284 0.2056, 5.1463 3.6356 0.7473, 5.1822 3.627 0.7377, 5.278 2.0456 0.6551, 5.2158 2.0541 0.7103, 5.1434 2.0619 0.7471, 5.0663 2.0692 0.7645, 4.9843 2.0773 0.7621, 4.9045 2.0858 0.7387, 4.8345 2.0937 0.6965, 4.7791 2.101 0.6403, 4.7379 2.109 0.5698, 4.7155 2.1174 0.4897, 4.7142 2.1255 0.4077, 4.7325 2.1328 0.3308, 4.7703 2.1406 0.2589, 4.8264 2.1491 0.1975, 4.8955 2.1573 0.1528, 4.9707 2.1646 0.1276, 5.0513 2.1723 0.1217, 5.133 2.1807 0.1366, 5.2078 2.189 0.1717, 5.2691 2.1964 0.2225, 5.3165 2.204 0.2873, 5.3471 2.2124 0.3644, 5.3569 2.2208 0.4466, 5.3463 2.2283 0.526, 5.3165 2.2357 0.6, 5.2674 2.2441 0.6666, 5.2028 2.2525 0.7187, 5.1293 2.2602 0.7518, 5.0512 2.2675 0.7656, 4.9689 2.2757 0.7593, 4.8904 2.2842 0.732, 4.823 2.292 0.687, 4.7702 2.2992 0.6282, 4.7321 2.3074 0.5553, 4.7136 2.3158 0.4742, 4.7162 2.3238 0.3928, 4.7381 2.331 0.3169, 4.7796 2.339 0.2464, 4.8385 2.3475 0.1877, 4.9093 2.3556 0.1466, 4.9853 2.3628 0.125, 5.0667 2.3707 0.1229, 5.1477 2.3792 0.1418, 5.2204 2.3873 0.1802, 5.279 2.3946 0.2334, 5.3237 2.4024 0.301, 5.3505 2.4108 0.3796, 5.3564 2.4191 0.4619, 5.3422 2.4264 0.5401, 5.3087 2.4341 0.6133, 5.2564 2.4425 0.6776, 5.1895 2.4508 0.7264, 5.1152 2.4583 0.7558, 5.0359 2.4658 0.7661, 4.9537 2.4742 0.7558, 4.8768 2.4825 0.7248, 4.8121 2.4902 0.677, 4.7618 2.4975 0.6155, 4.7271 2.5058 0.5406, 4.7125 2.5142 0.4588, 4.7189 2.522 0.3781, 4.7444 2.5293 0.3032, 4.7894 2.5375 0.2343, 4.8511 2.5459 0.1785, 4.9233 2.5538 0.1411, 5.0002 2.5611 0.1231, 5.0822 2.5691 0.1248, 5.1622 2.5776 0.1476, 5.2325 2.5856 0.1892, 5.2884 2.5928 0.245, 5.3302 2.6008 0.315, 5.3533 2.6093 0.395, 5.3552 2.6174 0.4771, 5.3375 2.6246 0.5541, 5.3003 2.6325 0.6262, 5.2448 2.6409 0.6881, 5.1759 2.6492 0.7334, 5.1009 2.6565 0.7592, 5.0205 2.6642 0.7658, 4.9387 2.6726 0.7515, 4.8636 2.6809 0.717, 4.8017 2.6883 0.6667, 4.7539 2.6959 0.6023, 4.7227 2.7043 0.5255, 4.7122 2.7126 0.4434, 4.7222 2.7202 0.3638, 4.7513 2.7276 0.2896, 4.7998 2.7359 0.2227, 4.864 2.7443 0.17, 4.9374 2.752 0.1363, 5.0153 2.7594 0.1218, 5.0975 2.7676 0.1275, 5.1763 2.776 0.1541, 5.2441 2.7839 0.1987, 5.2974 2.7911 0.257, 5.3361 2.7992 0.3295, 5.3552 2.8077 0.4104, 5.3533 2.8157 0.492, 5.332 2.8229 0.568, 5.2912 2.8309 0.6388, 5.2327 2.8394 0.698, 5.1621 2.8475 0.7397, 5.0863 2.8547 0.7619, 5.005 2.8626 0.7647, 4.9239 2.871 0.7465, 4.8508 2.8792 0.7086, 4.7918 2.8865 0.6558, 4.7466 2.8943 0.5887, 4.7191 2.9027 0.5103, 4.7125 2.911 0.428, 4.7262 2.9183 0.3497, 4.759 2.926 0.2763, 5.3173 2.0417 0.5812, 5.2732 2.0499 0.6483, 5.2129 2.0584 0.7025, 5.1425 2.0663 0.7389, 5.0675 2.0735 0.7563, 4.9875 2.0816 0.7545, 4.9095 2.0901 0.7321, 4.8411 2.0981 0.6914, 4.7866 2.1053 0.637, 4.746 2.1133 0.5685, 4.7237 2.1217 0.4905, 4.7219 2.1299 0.4105, 4.7394 2.1371 0.3355, 4.7758 2.145 0.2651, 4.8301 2.1534 0.2049, 4.8972 2.1616 0.1609, 4.9703 2.1689 0.1359, 5.0489 2.1766 0.1296, 5.1286 2.1851 0.1437, 5.2018 2.1934 0.1774, 5.2619 2.2007 0.2265, 5.3085 2.2084 0.2895, 5.3388 2.2167 0.3644, 5.3489 2.2251 0.4446, 5.339 2.2326 0.522, 5.3104 2.2401 0.5944, 5.263 2.2484 0.6596, 5.2003 2.2568 0.7108, 5.1288 2.2645 0.7436, 5.0527 2.2718 0.7575, 4.9725 2.28 0.7519, 4.8958 2.2885 0.7258, 4.8298 2.2963 0.6822, 4.7779 2.3036 0.6252, 4.7403 2.3117 0.5544, 4.7218 2.3202 0.4754, 4.7238 2.3281 0.396, 4.7447 2.3353 0.3219, 4.7847 2.3434 0.2529, 4.8418 2.3518 0.1953, 4.9106 2.3599 0.1547, 4.9846 2.3671 0.1333, 5.064 2.375 0.1307, 5.1431 2.3835 0.1486, 5.2142 2.3917 0.1856, 5.2716 2.3989 0.2372, 5.3156 2.4067 0.3028, 5.3423 2.4152 0.3793, 5.3485 2.4234 0.4595, 5.3351 2.4308 0.5358, 5.3029 2.4384 0.6074, 5.2523 2.4468 0.6704, 5.1874 2.4552 0.7184, 5.1151 2.4626 0.7475, 5.0378 2.4701 0.758, 4.9577 2.4785 0.7485, 4.8824 2.4869 0.7188, 4.8191 2.4945 0.6726, 4.7696 2.5019 0.6129, 4.7353 2.5101 0.54, 4.7206 2.5186 0.4604, 4.7263 2.5263 0.3817, 4.7507 2.5336 0.3084, 4.7942 2.5418 0.241, 4.854 2.5503 0.1863, 4.9242 2.5582 0.1493, 4.9991 2.5654 0.1313, 5.079 2.5735 0.1324, 5.1572 2.5819 0.1542, 5.226 2.59 0.1943, 5.2809 2.5972 0.2483, 5.322 2.6051 0.3164, 5.345 2.6136 0.3942, 5.3474 2.6217 0.4742, 5.3306 2.629 0.5495, 5.2948 2.6368 0.6201, 5.241 2.6453 0.6807, 5.1742 2.6535 0.7253, 5.1012 2.6608 0.7509, 5.0228 2.6685 0.7578, 4.943 2.6769 0.7444, 4.8695 2.6852 0.7112, 4.8089 2.6926 0.6626, 4.7619 2.7002 0.6001, 4.731 2.7086 0.5254, 4.7202 2.7169 0.4453, 4.7295 2.7245 0.3677, 4.7575 2.7319 0.2952, 4.8043 2.7402 0.2296, 4.8666 2.7486 0.1779, 4.9379 2.7564 0.1445, 5.0138 2.7637 0.13, 5.094 2.7719 0.135, 5.171 2.7803 0.1604, 5.2374 2.7882 0.2035, 5.2897 2.7954 0.2601, 5.3278 2.8036 0.3305, 5.347 2.812 0.4093, 5.3457 2.82 0.4888, 5.3254 2.8272 0.5631, 5.286 2.8352 0.6324, 5.2293 2.8437 0.6904, 5.1608 2.8518 0.7316, 5.087 2.859 0.7536, 5.0077 2.8669 0.7569, 4.9285 2.8754 0.7396, 4.857 2.8835 0.7031, 4.7991 2.8908 0.652, 4.7547 2.8986 0.5869, 4.7274 2.907 0.5106, 4.7205 2.9153 0.4304, 4.7333 2.9227 0.3539, 5.3101 2.044 0.5752, 5.2678 2.0522 0.6407, 5.2097 2.0607 0.6938, 5.1416 2.0686 0.7296, 5.0688 2.0758 0.7471, 4.9911 2.0839 0.7459, 4.9152 2.0924 0.7247, 4.8484 2.1004 0.6857, 4.7952 2.1076 0.6332, 4.7552 2.1156 0.567, 4.733 2.124 0.4914, 4.7307 2.1321 0.4138, 4.7471 2.1394 0.3408, 4.7819 2.1472 0.2721, 4.8342 2.1557 0.2132, 4.8991 2.1639 0.17, 4.9699 2.1712 0.1452, 5.0462 2.1789 0.1385, 5.1237 2.1874 0.1516, 5.195 2.1956 0.1839, 5.2538 2.203 0.2311, 5.2995 2.2106 0.2919, 5.3294 2.219 0.3645, 5.3399 2.2274 0.4422, 5.3308 2.2349 0.5175, 5.3036 2.2424 0.5881, 5.258 2.2507 0.6517, 5.1975 2.2591 0.7019, 5.1283 2.2668 0.7342, 5.0545 2.2741 0.7483, 4.9766 2.2823 0.7434, 4.9018 2.2908 0.7186, 4.8374 2.2986 0.6768, 4.7866 2.3058 0.6218, 4.7496 2.314 0.5534, 4.731 2.3225 0.4768, 4.7324 2.3304 0.3996, 4.7522 2.3376 0.3275, 4.7905 2.3457 0.2602, 4.8456 2.3541 0.2038, 4.9121 2.3622 0.164, 4.9838 2.3694 0.1426, 5.0608 2.3773 0.1395, 5.1378 2.3858 0.1563, 5.2071 2.394 0.1918, 5.2633 2.4012 0.2414, 5.3065 2.409 0.3048, 5.3329 2.4175 0.3789, 5.3396 2.4257 0.4567, 5.3271 2.4331 0.5309, 5.2964 2.4407 0.6007, 5.2477 2.4491 0.6623, 5.185 2.4574 0.7094, 5.115 2.4649 0.7382, 5.04 2.4724 0.7489, 4.9621 2.4808 0.7403, 4.8888 2.4892 0.712, 4.827 2.4968 0.6676, 4.7785 2.5042 0.6099, 4.7446 2.5124 0.5394, 4.7298 2.5209 0.4622, 4.7348 2.5286 0.3857, 4.7579 2.5359 0.3144, 4.7997 2.5441 0.2486, 4.8574 2.5525 0.195, 4.9252 2.5604 0.1586, 4.9979 2.5677 0.1405, 5.0755 2.5758 0.1411, 5.1515 2.5842 0.1616, 5.2187 2.5922 0.2001, 5.2724 2.5995 0.2522, 5.3128 2.6074 0.318, 5.3357 2.6159 0.3934, 5.3387 2.624 0.4711, 5.3228 2.6313 0.5443, 5.2886 2.6391 0.6131, 5.2368 2.6476 0.6724, 5.1722 2.6558 0.7162, 5.1015 2.6631 0.7416, 5.0254 2.6708 0.7489, 4.9478 2.6792 0.7364, 4.8762 2.6875 0.7047, 4.817 2.6949 0.6579, 4.7709 2.7025 0.5976, 4.7403 2.7109 0.5253, 4.7292 2.7192 0.4476, 4.7377 2.7268 0.3721, 4.7643 2.7342 0.3015, 4.8094 2.7425 0.2374, 4.8695 2.7509 0.1868, 4.9385 2.7587 0.1538, 5.0121 2.766 0.1391, 5.09 2.7742 0.1434, 5.165 2.7826 0.1676, 5.2298 2.7905 0.2089, 5.2811 2.7977 0.2635, 5.3186 2.8058 0.3316, 5.3378 2.8143 0.408, 5.337 2.8223 0.4853, 5.3179 2.8295 0.5575, 5.2801 2.8375 0.6251, 5.2255 2.846 0.6819, 5.1593 2.8541 0.7224, 5.0877 2.8613 0.7443, 5.0108 2.8692 0.7481, 4.9337 2.8776 0.7319, 4.864 2.8858 0.697, 4.8074 2.8931 0.6477, 4.7638 2.9009 0.5848, 4.7367 2.9093 0.5109, 4.7294 2.9176 0.4331, 5.3027 2.044 0.5689, 5.2622 2.0522 0.6328, 5.2063 2.0606 0.6847, 5.1406 2.0685 0.72, 5.0702 2.0757 0.7375, 4.9949 2.0838 0.737, 4.9211 2.0923 0.717, 4.8561 2.1003 0.6798, 4.8041 2.1075 0.6293, 4.7648 2.1155 0.5655, 4.7426 2.124 0.4924, 4.7398 2.1321 0.4171, 4.7551 2.1393 0.3462, 4.7883 2.1472 0.2794, 4.8385 2.1556 0.2219, 4.9011 2.1638 0.1795, 4.9695 2.1711 0.1549, 5.0434 2.1789 0.1478, 5.1187 2.1873 0.1599, 5.188 2.1956 0.1906, 5.2453 2.203 0.2359, 5.2902 2.2106 0.2944, 5.3198 2.219 0.3646, 5.3305 2.2273 0.4398, 5.3223 2.2349 0.5129, 5.2965 2.2423 0.5815, 5.2528 2.2506 0.6436, 5.1945 2.259 0.6927, 5.1278 2.2667 0.7246, 5.0563 2.274 0.7388, 4.9807 2.2823 0.7347, 4.9081 2.2907 0.7113, 4.8453 2.2985 0.6713, 4.7956 2.3058 0.6183, 4.7592 2.3139 0.5523, 4.7406 2.3224 0.4782, 4.7413 2.3304 0.4034, 4.7599 2.3376 0.3333, 4.7965 2.3456 0.2678, 4.8495 2.3541 0.2127, 4.9136 2.3621 0.1735, 4.9829 2.3694 0.1522, 5.0576 2.3773 0.1486, 5.1323 2.3857 0.1643, 5.1998 2.3939 0.1981, 5.2546 2.4012 0.2457, 5.297 2.409 0.3068, 5.3233 2.4174 0.3785, 5.3303 2.4257 0.4539, 5.3189 2.433 0.5259, 5.2896 2.4407 0.5938, 5.2429 2.4491 0.6539, 5.1825 2.4574 0.7, 5.1149 2.4649 0.7285, 5.0423 2.4724 0.7395, 4.9667 2.4807 0.7317, 4.8954 2.4891 0.7049, 4.8351 2.4967 0.6624, 4.7877 2.5041 0.6069, 4.7543 2.5124 0.5388, 4.7393 2.5208 0.4641, 4.7435 2.5286 0.3899, 4.7654 2.5359 0.3206, 4.8053 2.544 0.2565, 4.8608 2.5525 0.204, 4.9263 2.5604 0.1682, 4.9965 2.5676 0.1501, 5.0718 2.5757 0.15, 5.1457 2.5842 0.1693, 5.2111 2.5922 0.2061, 5.2635 2.5994 0.2561, 5.3033 2.6074 0.3196, 5.3261 2.6158 0.3925, 5.3295 2.624 0.4678, 5.3148 2.6312 0.5389, 5.2821 2.6391 0.6058, 5.2324 2.6475 0.6638, 5.1702 2.6557 0.7067, 5.1019 2.663 0.7319, 5.0282 2.6707 0.7396, 4.9528 2.6792 0.7281, 4.8832 2.6875 0.698, 4.8254 2.6949 0.6531, 4.7802 2.7025 0.595, 4.75 2.7108 0.5251, 4.7386 2.7192 0.4499, 4.7463 2.7268 0.3767, 4.7715 2.7342 0.308, 4.8146 2.7425 0.2456, 4.8725 2.7509 0.196, 4.9391 2.7586 0.1635, 5.0104 2.7659 0.1487, 5.0859 2.7741 0.1522, 5.1588 2.7826 0.175, 5.2219 2.7904 0.2146, 5.2721 2.7977 0.267, 5.309 2.8058 0.3327, 5.3282 2.8143 0.4066, 5.3281 2.8222 0.4816, 5.3101 2.8294 0.5518, 5.274 2.8375 0.6176, 5.2216 2.8459 0.6731, 5.1577 2.854 0.7128, 5.0885 2.8612 0.7347, 5.014 2.8691 0.7389, 4.9391 2.8776 0.7238, 4.8713 2.8858 0.6905, 4.8161 2.8931 0.6433, 4.7732 2.9008 0.5826, 4.7464 2.9093 0.5113, 5.2952 2.0414 0.5625, 5.2565 2.0496 0.6247, 5.2029 2.058 0.6754, 5.1396 2.0659 0.7102, 5.0716 2.0731 0.7277, 4.9987 2.0812 0.7279, 4.9272 2.0897 0.7092, 4.8639 2.0977 0.6737, 4.8131 2.1049 0.6254, 4.7746 2.1129 0.5639, 4.7524 2.1214 0.4933, 4.749 2.1295 0.4205, 4.7632 2.1367 0.3518, 4.7948 2.1446 0.2869, 4.8429 2.153 0.2308, 4.9031 2.1612 0.1892, 4.9691 2.1685 0.1648, 5.0405 2.1763 0.1573, 5.1135 2.1847 0.1683, 5.1809 2.193 0.1974, 5.2367 2.2004 0.2407, 5.2806 2.208 0.297, 5.3099 2.2164 0.3646, 5.3209 2.2247 0.4374, 5.3136 2.2322 0.5082, 5.2892 2.2397 0.5747, 5.2475 2.248 0.6352, 5.1916 2.2564 0.6832, 5.1272 2.2641 0.7147, 5.0582 2.2714 0.7291, 4.985 2.2797 0.7258, 4.9145 2.2881 0.7037, 4.8534 2.2959 0.6656, 4.8048 2.3032 0.6148, 4.7691 2.3113 0.5512, 4.7504 2.3198 0.4797, 4.7504 2.3277 0.4073, 4.7678 2.3349 0.3393, 4.8027 2.343 0.2755, 4.8534 2.3515 0.2218, 4.9152 2.3595 0.1833, 4.982 2.3667 0.1621, 5.0543 2.3747 0.1579, 5.1267 2.3831 0.1724, 5.1923 2.3913 0.2046, 5.2458 2.3986 0.2502, 5.2874 2.4064 0.309, 5.3134 2.4148 0.3781, 5.3209 2.423 0.451, 5.3104 2.4304 0.5208, 5.2827 2.4381 0.5867, 5.238 2.4464 0.6453, 5.18 2.4548 0.6905, 5.1148 2.4623 0.7186, 5.0446 2.4698 0.7299, 4.9714 2.4781 0.7231, 4.9022 2.4865 0.6977, 4.8434 2.4941 0.657, 4.797 2.5015 0.6038, 4.7642 2.5098 0.5382, 4.749 2.5182 0.466, 4.7524 2.526 0.3942, 4.773 2.5332 0.3269, 4.8111 2.5414 0.2645, 4.8643 2.5499 0.2133, 4.9274 2.5578 0.178, 4.9952 2.565 0.1599, 5.068 2.5731 0.1592, 5.1397 2.5816 0.1772, 5.2033 2.5896 0.2122, 5.2545 2.5968 0.2602, 5.2935 2.6048 0.3213, 5.3162 2.6132 0.3916, 5.3202 2.6214 0.4645, 5.3066 2.6286 0.5334, 5.2756 2.6364 0.5985, 5.228 2.6449 0.6549, 5.1681 2.6531 0.6971, 5.1022 2.6604 0.722, 5.0309 2.6681 0.7301, 4.9579 2.6765 0.7197, 4.8903 2.6848 0.6911, 4.834 2.6923 0.6481, 4.7897 2.6998 0.5923, 4.7599 2.7082 0.525, 4.7482 2.7166 0.4523, 4.755 2.7241 0.3813, 4.7788 2.7316 0.3147, 4.82 2.7399 0.2539, 4.8756 2.7483 0.2054, 4.9398 2.756 0.1734, 5.0086 2.7633 0.1584, 5.0817 2.7715 0.1611, 5.1524 2.78 0.1826, 5.2139 2.7878 0.2203, 5.2629 2.7951 0.2707, 5.2991 2.8032 0.3339, 5.3184 2.8116 0.4053, 5.319 2.8196 0.4778, 5.3021 2.8268 0.5459, 5.2678 2.8349 0.6099, 5.2175 2.8433 0.664, 5.156 2.8514 0.7031, 5.0893 2.8586 0.7248, 5.0172 2.8665 0.7296, 4.9446 2.875 0.7156, 4.8787 2.8832 0.684, 4.8248 2.8904 0.6388, 4.7829 2.8982 0.5804, 5.3092 2.0313 0.4988, 5.2519 2.0451 0.6181, 5.2001 2.0535 0.6679, 5.1388 2.0614 0.7021, 5.0727 2.0686 0.7197, 5.0018 2.0768 0.7204, 4.9321 2.0852 0.7028, 4.8703 2.0932 0.6688, 4.8205 2.1004 0.6221, 4.7825 2.1084 0.5626, 4.7605 2.1169 0.4941, 4.7566 2.125 0.4233, 4.7699 2.1322 0.3563, 4.8001 2.1401 0.2929, 4.8465 2.1486 0.238, 4.9047 2.1568 0.1971, 4.9688 2.1641 0.1728, 5.0382 2.1718 0.165, 5.1093 2.1802 0.1752, 5.175 2.1885 0.203, 5.2297 2.1959 0.2447, 5.2728 2.2035 0.2991, 5.3018 2.2119 0.3647, 5.3131 2.2202 0.4354, 5.3066 2.2278 0.5043, 5.2833 2.2352 0.5693, 5.2432 2.2435 0.6284, 5.1891 2.2519 0.6756, 5.1268 2.2596 0.7066, 5.0597 2.267 0.7212, 4.9885 2.2752 0.7185, 4.9198 2.2836 0.6976, 4.86 2.2915 0.6609, 4.8124 2.2987 0.6119, 4.7771 2.3069 0.5503, 4.7584 2.3153 0.4809, 4.7579 2.3233 0.4104, 4.7742 2.3305 0.3441, 4.8077 2.3385 0.2818, 4.8566 2.347 0.2291, 4.9164 2.3551 0.1912, 4.9813 2.3623 0.1701, 5.0516 2.3702 0.1655, 5.1222 2.3787 0.1791, 5.1862 2.3868 0.2099, 5.2386 2.3941 0.2539, 5.2795 2.4019 0.3107, 5.3053 2.4103 0.3777, 5.3132 2.4186 0.4486, 5.3035 2.4259 0.5166, 5.2771 2.4336 0.581, 5.234 2.442 0.6383, 5.1779 2.4503 0.6827, 5.1147 2.4578 0.7106, 5.0465 2.4653 0.7221, 4.9752 2.4736 0.716, 4.9077 2.482 0.6918, 4.8503 2.4896 0.6527, 4.8047 2.497 0.6012, 4.7722 2.5053 0.5377, 4.7569 2.5137 0.4675, 4.7597 2.5215 0.3977, 4.7792 2.5288 0.332, 4.8158 2.5369 0.271, 4.8672 2.5454 0.2208, 4.9283 2.5533 0.186, 4.9941 2.5605 0.1679, 5.065 2.5686 0.1666, 5.1348 2.5771 0.1836, 5.197 2.5851 0.2172, 5.2472 2.5923 0.2635, 5.2856 2.6003 0.3226, 5.3082 2.6087 0.3909, 5.3127 2.6169 0.4617, 5.2999 2.6241 0.5289, 5.2702 2.632 0.5924, 5.2243 2.6404 0.6477, 5.1664 2.6486 0.6892, 5.1025 2.6559 0.7139, 5.0332 2.6637 0.7223, 4.9621 2.6721 0.7128, 4.8961 2.6804 0.6855, 4.841 2.6878 0.6441, 4.7975 2.6954 0.5901, 4.768 2.7037 0.5249, 4.7561 2.7121 0.4542, 4.7621 2.7197 0.3851, 4.7847 2.7271 0.3201, 4.8244 2.7354 0.2607, 4.8781 2.7438 0.213, 4.9403 2.7515 0.1814, 5.0071 2.7588 0.1663, 5.0783 2.767 0.1684, 5.1472 2.7755 0.1888, 5.2073 2.7833 0.225, 5.2554 2.7906 0.2736, 5.2911 2.7987 0.3349, 5.3104 2.8072 0.4042, 5.3115 2.8152 0.4747, 5.2957 2.8224 0.5411, 5.2628 2.8304 0.6036, 5.2142 2.8388 0.6567, 5.1547 2.8469 0.6951, 5.09 2.8542 0.7168, 5.0198 2.8621 0.722, 4.9491 2.8705 0.7089, 4.8848 2.8787 0.6787, 4.832 2.886 0.6351, 5.2825 2.0313 0.5523, 5.1977 2.0473 0.6615, 5.1381 2.0552 0.6954, 5.0737 2.0624 0.713, 5.0045 2.0706 0.7142, 4.9362 2.079 0.6975, 4.8756 2.087 0.6646, 4.8267 2.0942 0.6194, 4.7892 2.1022 0.5615, 4.7672 2.1107 0.4948, 4.763 2.1188 0.4257, 4.7755 2.126 0.3602, 4.8046 2.1339 0.298, 4.8495 2.1424 0.2441, 4.9061 2.1506 0.2037, 4.9685 2.1578 0.1796, 5.0362 2.1656 0.1715, 5.1057 2.174 0.1809, 5.1701 2.1823 0.2076, 5.2238 2.1897 0.248, 5.2663 2.1973 0.3009, 5.295 2.2057 0.3647, 5.3065 2.214 0.4337, 5.3006 2.2216 0.501, 5.2784 2.229 0.5646, 5.2396 2.2373 0.6227, 5.1871 2.2457 0.6691, 5.1264 2.2534 0.6999, 5.061 2.2607 0.7145, 4.9914 2.269 0.7124, 4.9242 2.2774 0.6924, 4.8656 2.2853 0.657, 4.8187 2.2925 0.6095, 4.7838 2.3006 0.5495, 4.7651 2.3091 0.4818, 4.7641 2.3171 0.413, 4.7797 2.3243 0.3482, 4.8119 2.3323 0.2871, 4.8594 2.3408 0.2354, 4.9175 2.3488 0.1979, 4.9807 2.3561 0.1769, 5.0493 2.364 0.1719, 5.1183 2.3724 0.1847, 5.1811 2.3806 0.2143, 5.2326 2.3879 0.2569, 5.2729 2.3957 0.3122, 5.2985 2.4041 0.3774, 5.3067 2.4124 0.4466, 5.2977 2.4197 0.5131, 5.2723 2.4274 0.5761, 5.2306 2.4358 0.6324, 5.1761 2.4441 0.6761, 5.1146 2.4516 0.7038, 5.0481 2.4591 0.7155, 4.9785 2.4674 0.71, 4.9124 2.4758 0.6869, 4.856 2.4834 0.6491, 4.8111 2.4908 0.5991, 4.779 2.4991 0.5373, 4.7635 2.5075 0.4689, 4.7658 2.5153 0.4006, 4.7844 2.5226 0.3364, 4.8197 2.5307 0.2766, 4.8696 2.5392 0.2272, 4.929 2.5471 0.1928, 4.9932 2.5543 0.1746, 5.0624 2.5624 0.1729, 5.1307 2.5709 0.189, 5.1917 2.5789 0.2214, 5.241 2.5861 0.2663, 5.2789 2.5941 0.3238, 5.3014 2.6025 0.3903, 5.3063 2.6107 0.4594, 5.2943 2.6179 0.5251, 5.2657 2.6258 0.5874, 5.2213 2.6342 0.6417, 5.165 2.6424 0.6825, 5.1027 2.6497 0.7072, 5.0351 2.6575 0.7158, 4.9656 2.6659 0.707, 4.9009 2.6742 0.6808, 4.8468 2.6816 0.6407, 4.804 2.6892 0.5883, 4.7747 2.6975 0.5248, 4.7627 2.7059 0.4559, 4.7681 2.7135 0.3884, 4.7898 2.7209 0.3247, 4.8281 2.7292 0.2664, 4.8802 2.7376 0.2195, 4.9407 2.7453 0.1882, 5.0059 2.7526 0.173, 5.0754 2.7608 0.1746, 5.1429 2.7693 0.194, 5.2018 2.7771 0.229, 5.249 2.7844 0.2761, 5.2844 2.7925 0.3357, 5.3037 2.801 0.4032, 5.3052 2.8089 0.4721, 5.2902 2.8162 0.537, 5.2585 2.8242 0.5983, 5.2115 2.8326 0.6505, 5.1536 2.8407 0.6884, 5.0905 2.8479 0.71, 5.0221 2.8558 0.7155, 4.9529 2.8643 0.7033, 4.8899 2.8725 0.6742, 5.2448 2.0313 0.6081, 5.1375 2.047 0.6899, 5.0745 2.0542 0.7076, 5.0066 2.0623 0.7091, 4.9396 2.0708 0.6931, 4.88 2.0788 0.6613, 4.8317 2.086 0.6172, 4.7946 2.094 0.5606, 4.7727 2.1025 0.4953, 4.7681 2.1106 0.4276, 4.78 2.1178 0.3633, 4.8082 2.1257 0.3022, 4.8519 2.1341 0.249, 4.9072 2.1423 0.2091, 4.9682 2.1496 0.1851, 5.0346 2.1574 0.1767, 5.1028 2.1658 0.1856, 5.1662 2.1741 0.2114, 5.219 2.1815 0.2507, 5.261 2.1891 0.3023, 5.2896 2.1974 0.3648, 5.3012 2.2058 0.4323, 5.2958 2.2133 0.4984, 5.2744 2.2208 0.5609, 5.2366 2.2291 0.6181, 5.1854 2.2375 0.6639, 5.1261 2.2452 0.6944, 5.062 2.2525 0.7092, 4.9938 2.2608 0.7075, 4.9277 2.2692 0.6883, 4.8701 2.277 0.6539, 4.8238 2.2843 0.6075, 4.7893 2.2924 0.5489, 4.7705 2.3009 0.4826, 4.7691 2.3088 0.4152, 4.784 2.316 0.3515, 4.8153 2.3241 0.2914, 4.8615 2.3326 0.2404, 4.9183 2.3406 0.2034, 4.9802 2.3478 0.1823, 5.0475 2.3558 0.177, 5.1152 2.3642 0.1892, 5.177 2.3724 0.2179, 5.2277 2.3796 0.2594, 5.2675 2.3874 0.3133, 5.2931 2.3959 0.3772, 5.3015 2.4041 0.445, 5.293 2.4115 0.5102, 5.2685 2.4191 0.5722, 5.2279 2.4275 0.6276, 5.1747 2.4359 0.6708, 5.1146 2.4433 0.6983, 5.0494 2.4509 0.7102, 4.9811 2.4592 0.7052, 4.9161 2.4676 0.6829, 4.8606 2.4752 0.6461, 4.8163 2.4826 0.5974, 4.7844 2.4909 0.5369, 4.7689 2.4993 0.4699, 4.7707 2.5071 0.403, 4.7886 2.5143 0.3399, 4.8229 2.5225 0.281, 4.8715 2.531 0.2323, 4.9296 2.5389 0.1982, 4.9925 2.5461 0.1801, 5.0603 2.5542 0.178, 5.1274 2.5626 0.1934, 5.1874 2.5707 0.2248, 5.236 2.5779 0.2685, 5.2735 2.5859 0.3247, 5.296 2.5943 0.3898, 5.3011 2.6024 0.4576, 5.2897 2.6097 0.522, 5.2621 2.6175 0.5833, 5.2188 2.626 0.6368, 5.1638 2.6342 0.6772, 5.1029 2.6415 0.7017, 5.0367 2.6492 0.7106, 4.9684 2.6576 0.7023, 4.9049 2.6659 0.677, 4.8516 2.6734 0.638, 4.8093 2.6809 0.5868, 4.7802 2.6893 0.5247, 4.768 2.6977 0.4572, 4.7729 2.7052 0.3909, 4.7938 2.7127 0.3284, 4.831 2.721 0.271, 4.8819 2.7294 0.2247, 4.9411 2.7371 0.1936, 5.0049 2.7444 0.1784, 5.0731 2.7526 0.1795, 5.1394 2.7611 0.1982, 5.1974 2.7689 0.2321, 5.2439 2.7761 0.2781, 5.279 2.7843 0.3364, 5.2983 2.7927 0.4025, 5.3002 2.8007 0.47, 5.2858 2.8079 0.5338, 5.2551 2.8159 0.5941, 5.2092 2.8244 0.6455, 5.1527 2.8325 0.683, 5.0909 2.8397 0.7046, 5.0239 2.8476 0.7104, 4.956 2.8561 0.6988, 5.1942 2.0313 0.6529, 5.0749 2.0457 0.7045, 5.0078 2.0538 0.7063, 4.9415 2.0623 0.6907, 4.8824 2.0702 0.6594, 4.8345 2.0775 0.6159, 4.7977 2.0855 0.5601, 4.7757 2.0939 0.4956, 4.771 2.102 0.4287, 4.7826 2.1093 0.365, 4.8102 2.1171 0.3045, 4.8533 2.1256 0.2517, 4.9078 2.1338 0.2121, 4.9681 2.1411 0.1882, 5.0337 2.1488 0.1797, 5.1012 2.1572 0.1882, 5.1639 2.1655 0.2135, 5.2164 2.1729 0.2523, 5.258 2.1805 0.3031, 5.2865 2.1889 0.3648, 5.2983 2.1973 0.4316, 5.2931 2.2048 0.4969, 5.2721 2.2122 0.5588, 5.235 2.2206 0.6155, 5.1845 2.229 0.6609, 5.1259 2.2367 0.6913, 5.0626 2.244 0.7061, 4.9951 2.2522 0.7047, 4.9297 2.2607 0.6859, 4.8726 2.2685 0.6521, 4.8267 2.2757 0.6064, 4.7923 2.2839 0.5486, 4.7735 2.2923 0.4831, 4.772 2.3003 0.4164, 4.7865 2.3075 0.3534, 4.8172 2.3155 0.2938, 4.8628 2.324 0.2432, 4.9188 2.3321 0.2064, 4.98 2.3393 0.1854, 5.0464 2.3472 0.1799, 5.1135 2.3557 0.1918, 5.1746 2.3638 0.2199, 5.2249 2.3711 0.2608, 5.2645 2.3789 0.314, 5.29 2.3873 0.3771, 5.2985 2.3956 0.4441, 5.2904 2.4029 0.5086, 5.2663 2.4106 0.57, 5.2264 2.419 0.625, 5.174 2.4273 0.6678, 5.1145 2.4348 0.6952, 5.0501 2.4423 0.7072, 4.9825 2.4507 0.7025, 4.9182 2.459 0.6806, 4.8632 2.4667 0.6445, 4.8192 2.474 0.5964, 4.7875 2.4823 0.5367, 4.7719 2.4907 0.4705, 4.7735 2.4985 0.4043, 4.791 2.5058 0.3418, 4.8247 2.514 0.2835, 4.8726 2.5224 0.2352, 4.93 2.5303 0.2013, 4.9921 2.5376 0.1831, 5.0591 2.5456 0.1808, 5.1256 2.5541 0.1959, 5.185 2.5621 0.2267, 5.2332 2.5693 0.2698, 5.2705 2.5773 0.3252, 5.2929 2.5858 0.3895, 5.2982 2.5939 0.4565, 5.2872 2.6011 0.5203, 5.26 2.609 0.581, 5.2174 2.6174 0.6341, 5.1632 2.6257 0.6742, 5.103 2.633 0.6986, 5.0375 2.6407 0.7076, 4.97 2.6491 0.6996, 4.9071 2.6574 0.6748, 4.8542 2.6648 0.6365, 4.8122 2.6724 0.586, 4.7833 2.6808 0.5246, 4.771 2.6891 0.4579, 4.7756 2.6967 0.3924, 4.7961 2.7041 0.3304, 4.8327 2.7124 0.2735, 4.8828 2.7208 0.2276, 4.9413 2.7285 0.1967, 5.0044 2.7359 0.1814, 5.0718 2.7441 0.1823, 5.1374 2.7525 0.2005, 5.1949 2.7604 0.2339, 5.2411 2.7676 0.2792, 5.2759 2.7757 0.3367, 5.2952 2.7842 0.4021, 5.2973 2.7922 0.4688, 5.2833 2.7994 0.5319, 5.2531 2.8074 0.5917, 5.208 2.8159 0.6427, 5.1522 2.824 0.68, 5.0912 2.8312 0.7015, 5.0249 2.8391 0.7075, 4.9746 3.6172 0.7003, 5.042 3.6088 0.7071, 5.0414 3.6007 0.7093, 5.107 3.5931 0.6993, 5.1069 3.5855 0.7034, 5.1682 3.5781 0.6778, 5.1697 3.5709 0.684, 5.2263 3.5626 0.6419, 5.2298 3.5574 0.6485, 5.2757 3.549 0.5918, 5.2817 3.5456 0.5983, 5.3124 3.5378 0.5319, 5.3205 3.5366 0.5372, 5.3347 3.5293 0.4647, 5.3429 3.5303 0.4675, 5.3389 3.5221 0.3887, 5.3476 3.5252 0.3893, 5.3233 3.5167 0.311, 5.3309 3.5218 0.3096, 5.2879 3.5138 0.2397, 5.2936 3.5205 0.237, 5.2356 3.5133 0.1802, 5.2391 3.5209 0.1774, 5.1653 3.5128 0.1344, 5.1669 3.5215 0.1323, 5.0828 3.513 0.1087, 5.0831 3.5231 0.1082, 4.9971 3.515 0.1068, 4.9969 3.5232 0.1082, 4.9165 3.516 0.1274, 4.9169 3.5239 0.1306, 4.8421 3.5159 0.1701, 4.8442 3.5237 0.1753, 4.7819 3.5152 0.2329, 4.7859 3.5212 0.2384, 4.7421 3.513 0.3079, 4.7486 3.5174 0.3131, 4.7254 3.5101 0.3866, 4.7339 3.5124 0.3905, 4.7301 3.5046 0.4672, 4.7397 3.5045 0.4689, 4.7559 3.4961 0.5435, 4.7658 3.4935 0.5427, 4.7997 3.4852 0.6076, 4.8073 3.4808 0.605, 4.8536 3.4734 0.6556, 4.8592 3.4672 0.6518, 4.9164 3.4595 0.6888, 4.9201 3.4513 0.6848, 4.9854 3.4429 0.706, 4.9868 3.4344 0.7033, 5.0545 3.4261 0.7069, 5.0547 3.4171 0.7059, 5.1184 3.4096 0.6929, 5.1184 3.403 0.6935, 5.1775 3.3955 0.6651, 5.1781 3.3874 0.6673, 5.2303 3.379 0.6233, 5.2324 3.3714 0.6268, 5.2726 3.363 0.5703, 5.2771 3.3558 0.5748, 5.302 3.3482 0.5108, 5.3085 3.343 0.5146, 5.3176 3.3356 0.4453, 5.3261 3.3322 0.4478, 5.3175 3.3239 0.3735, 5.3272 3.3227 0.3738, 5.2996 3.3143 0.3014, 5.3081 3.3153 0.2993, 5.2637 3.3075 0.2359, 5.2714 3.3106 0.2318, 5.2125 3.3033 0.1804, 5.2183 3.3083 0.1753, 5.1443 3.3001 0.1375, 5.1478 3.3068 0.1322, 5.0644 3.2983 0.1136, 5.0658 3.3059 0.1094, 4.9812 3.2981 0.1122, 4.9814 3.3067 0.1095, 4.9017 3.2995 0.1324, 4.9016 3.3095 0.1318, 4.8272 3.3014 0.1755, 4.8278 3.3096 0.1768, 4.7664 3.3011 0.2386, 4.7685 3.309 0.2411, 4.7261 3.301 0.3144, 4.7306 3.3088 0.3177, 4.7091 3.3016 0.3953, 4.7154 3.3076 0.3979, 4.7142 3.2996 0.4796, 4.7224 3.3039 0.4806, 4.7422 3.2954 0.5593, 4.7515 3.2977 0.5581, 4.7895 3.2896 0.6258, 4.7985 3.2895 0.6222, 4.849 3.2823 0.6742, 4.857 3.2797 0.6684, 4.9188 3.2718 0.7057, 4.924 3.2673 0.6995, 4.9931 3.2589 0.7192, 4.9959 3.2527 0.7131, 5.0654 3.2445 0.7141, 5.0663 3.2363 0.7087, 5.13 3.229 0.6929, 5.1298 3.2204 0.6899, 5.188 3.2127 0.6584, 5.1877 3.2037 0.6574, 5.2373 3.1953 0.6112, 5.2376 3.1887 0.6117, 5.2736 3.1804 0.5546, 5.2753 3.1723 0.5561, 5.2955 3.1649 0.4937, 5.2991 3.1573 0.4956, 5.3038 3.1497 0.4286, 5.31 3.1425 0.4301, 5.2974 3.1341 0.3603, 5.305 3.1289 0.3601, 5.2748 3.1205 0.294, 5.2832 3.1171 0.2915, 5.2381 3.1096 0.2349, 5.2464 3.1084 0.2301, 5.1874 3.1009 0.1846, 5.1937 3.1019 0.1784, 5.1209 3.0936 0.1467, 5.1254 3.0967 0.1392, 5.0447 3.0883 0.1261, 5.0468 3.0933 0.1187, 4.9658 3.0856 0.1258, 4.966 3.0923 0.1194, 4.8888 3.0849 0.146, 4.8878 3.0925 0.1417, 4.816 3.0843 0.1888, 4.8148 3.0929 0.1864, 4.7563 3.0845 0.2511, 4.7559 3.0946 0.2507, 4.7166 3.0867 0.3263, 4.7178 3.0949 0.327, 4.6989 3.0877 0.4077, 4.7019 3.0955 0.4088, 4.7039 3.0874 0.494, 4.7094 3.0952 0.4944, 4.7333 3.0867 0.5759, 4.74 3.0927 0.5747, 4.7823 3.0847 0.6444, 4.7898 3.089 0.6409, 4.8451 3.0818 0.6945, 4.8524 3.0841 0.6887, 4.9199 3.0761 0.7267, 4.9257 3.076 0.7189, 4.9998 3.0676 0.7376, 5.0034 3.0649 0.7284, 5.0762 3.0569 0.7271, 5.0772 3.0524 0.7191, 5.1429 3.0452 0.7004, 5.1421 3.039 0.6937, 5.2013 3.0311 0.6588, 5.1993 3.0228 0.6537, 5.2476 3.0144 0.6045, 5.2457 3.0058 0.602, 5.2789 2.9977 0.5435, 5.1982 3.0143 0.6508, 5.1414 3.0308 0.6883, 5.0781 3.0462 0.7123, 5.0065 3.0605 0.7209, 4.9316 3.0734 0.711, 4.8599 3.0841 0.6826, 4.7983 3.0913 0.637, 4.7481 3.097 0.5733, 4.7163 3.1011 0.495, 4.7072 3.1033 0.4106, 4.7205 3.1028 0.3288, 4.7569 3.1027 0.2517, 4.8145 3.103 0.1858, 4.8872 3.1012 0.139, 4.9661 3.0999 0.115, 5.0485 3.0999 0.1126, 5.1293 3.1017 0.1325, 5.1999 3.105 0.1723, 5.2539 3.1094 0.2256, 5.2925 3.1159 0.2889, 5.3138 3.1255 0.3599, 5.3173 3.1372 0.4318, 5.3048 3.1501 0.4986, 5.2783 3.1647 0.5589, 5.2388 3.1806 0.6136, 5.1879 3.1971 0.658, 5.1297 3.2115 0.6888, 5.0669 3.2277 0.7057, 4.9982 3.2445 0.7081, 4.9283 3.2611 0.6942, 4.8635 3.2752 0.6637, 4.8076 3.2869 0.6185, 4.7611 3.2977 0.5569, 4.7316 3.3062 0.4818, 4.7231 3.3119 0.401, 4.7361 3.3148 0.3217, 4.772 3.3168 0.2454, 4.8292 3.3175 0.1797, 4.9019 3.3177 0.1333, 4.9815 3.3168 0.1089, 5.0667 3.3146 0.1068, 5.1502 3.3144 0.1285, 5.223 3.315 0.1711, 5.2782 3.3156 0.2282, 5.3166 3.3183 0.2973, 5.3359 3.3237 0.374, 5.3353 3.331 0.4505, 5.3162 3.3396 0.5191, 5.2825 3.3506 0.5801, 5.2357 3.3642 0.6323, 5.1792 3.3798 0.6712, 5.1185 3.3949 0.6958, 5.0546 3.4105 0.7064, 4.9873 3.4254 0.7024, 4.9221 3.4428 0.6825, 4.8638 3.459 0.6488, 4.8137 3.4746 0.6027, 4.7738 3.489 0.5421, 4.7494 3.5019 0.4707, 4.7427 3.5124 0.3945, 4.7559 3.5197 0.3189, 4.7909 3.5255 0.245, 4.8467 3.5296 0.1816, 4.9176 3.5317 0.1361, 4.9965 3.5311 0.1114, 5.0825 3.5312 0.1095, 5.1673 3.5315 0.1318, 5.2412 3.5295 0.1757, 5.2977 3.5281 0.2351, 5.3371 3.5284 0.3085, 5.3553 3.5302 0.3899, 5.3512 3.5334 0.4703, 5.3278 3.5376 0.5419, 5.2882 3.5444 0.6054, 5.2339 3.554 0.6563, 5.1714 3.5657 0.6914, 5.1068 3.5783 0.7098, 5.0403 3.5931 0.7132, 4.9734 3.6091 0.7022, 5.1411 3.0222 0.6852, 5.0788 3.038 0.7069, 5.009 3.0543 0.7146, 4.9364 3.0689 0.7045, 4.8676 3.0815 0.6764, 4.8071 3.0913 0.633, 4.7573 3.0993 0.5716, 4.7245 3.1055 0.4957, 4.7136 3.1093 0.4129, 4.7251 3.1106 0.3319, 4.759 3.1106 0.2541, 4.8152 3.1112 0.1871, 4.8871 3.1112 0.1384, 4.9661 3.1085 0.1123, 5.0497 3.1076 0.1083, 5.1326 3.1083 0.1271, 5.2054 3.11 0.1669, 5.2615 3.1124 0.2212, 5.3009 3.1169 0.2864, 5.3234 3.1243 0.3597, 5.3259 3.1338 0.4339, 5.3115 3.1449 0.5021, 5.2831 3.1575 0.5631, 5.2411 3.173 0.617, 5.1886 3.189 0.6602, 5.1298 3.2048 0.6894, 5.0671 3.2187 0.7046, 4.9995 3.2359 0.7053, 4.9318 3.2529 0.69, 4.869 3.269 0.6597, 4.8151 3.2825 0.6155, 4.7709 3.295 0.5556, 4.7412 3.3061 0.4831, 4.7317 3.3142 0.4045, 4.7428 3.3191 0.3266, 4.7763 3.3228 0.2506, 4.8315 3.3253 0.1848, 4.9024 3.3256 0.1364, 4.9814 3.3249 0.1103, 5.0668 3.3246 0.1062, 5.1517 3.323 0.1262, 5.2263 3.3226 0.1681, 5.2838 3.3223 0.2253, 5.3241 3.3234 0.2955, 5.3446 3.3268 0.3742, 5.3437 3.332 0.4529, 5.3245 3.3384 0.524, 5.2888 3.3472 0.5863, 5.2395 3.359 0.6388, 5.181 3.3725 0.6773, 5.1186 3.3873 0.6999, 5.0541 3.4024 0.7087, 4.9871 3.4188 0.7029, 4.9228 3.4338 0.6817, 4.8664 3.4505 0.6471, 4.8189 3.4663 0.6009, 4.7806 3.4828 0.5415, 4.7573 3.4974 0.4721, 4.7517 3.5097 0.3987, 4.7634 3.5196 0.325, 4.7964 3.5278 0.2525, 4.8498 3.534 0.1893, 4.9185 3.5376 0.1429, 4.9959 3.5389 0.1169, 5.0814 3.5391 0.1125, 5.1665 3.5397 0.1329, 5.2416 3.5396 0.1753, 5.3001 3.5368 0.2339, 5.3415 3.536 0.3076, 5.3616 3.5369 0.3904, 5.3585 3.5384 0.4728, 5.3351 3.5406 0.5466, 5.2941 3.5453 0.6119, 5.2384 3.5528 0.6649, 5.1734 3.5623 0.7, 5.1066 3.573 0.7173, 5.0386 3.5859 0.7194, 4.9713 3.6015 0.7058, 4.9096 3.6174 0.6782, 5.0791 3.0294 0.7039, 5.011 3.046 0.7095, 4.9405 3.0627 0.6991, 4.8739 3.077 0.6714, 4.816 3.0887 0.6289, 4.7669 3.0992 0.5699, 4.7338 3.1077 0.4964, 4.7214 3.1136 0.4156, 4.7308 3.1165 0.3356, 4.7627 3.1184 0.2582, 4.8166 3.119 0.19, 4.8874 3.1194 0.1398, 4.9662 3.1186 0.1117, 5.0505 3.1162 0.1057, 5.1348 3.116 0.1232, 5.2099 3.1167 0.1624, 5.2681 3.1175 0.2173, 5.3093 3.12 0.284, 5.3322 3.1252 0.3595, 5.3353 3.1326 0.4361, 5.3193 3.1414 0.5062, 5.2887 3.1522 0.5682, 5.2446 3.1658 0.6224, 5.1899 3.1814 0.664, 5.1299 3.1967 0.6917, 5.067 3.2121 0.7052, 4.9999 3.2269 0.7044, 4.9337 3.2444 0.6876, 4.8734 3.2608 0.6565, 4.8214 3.2763 0.6129, 4.7789 3.2906 0.5546, 4.751 3.3035 0.4844, 4.7407 3.3141 0.4081, 4.7503 3.3214 0.3321, 4.7816 3.3271 0.257, 4.8343 3.3312 0.191, 4.9034 3.3334 0.1419, 4.9812 3.3328 0.1135, 5.0664 3.3328 0.1076, 5.1521 3.3331 0.1257, 5.2283 3.3313 0.1663, 5.2878 3.3299 0.2232, 5.3303 3.33 0.2941, 5.3523 3.3318 0.3744, 5.3521 3.3351 0.4553, 5.332 3.3394 0.5284, 5.2957 3.346 0.5931, 5.244 3.3556 0.6464, 5.183 3.3673 0.6846, 5.1188 3.3801 0.7062, 5.0532 3.3947 0.7127, 4.986 3.4107 0.7049, 4.9225 3.4272 0.6822, 4.8672 3.4415 0.6466, 4.8218 3.4578 0.5999, 4.786 3.4746 0.5411, 4.764 3.4912 0.4733, 4.759 3.5053 0.402, 4.7711 3.517 0.3312, 4.8022 3.5277 0.2603, 4.8533 3.5363 0.198, 4.9195 3.5419 0.1511, 4.9951 3.5448 0.1237, 5.0793 3.5469 0.1177, 5.1646 3.5476 0.1355, 5.2405 3.5478 0.1762, 5.3007 3.5468 0.2337, 5.3442 3.5447 0.3071, 5.3661 3.5445 0.3907, 5.3645 3.5451 0.4748, 5.3416 3.5457 0.5509, 5.3 3.5484 0.6183, 5.2425 3.5538 0.6726, 5.1756 3.5611 0.7094, 5.1065 3.5696 0.7262, 5.0366 3.5807 0.7267, 4.9681 3.5943 0.7113, 4.9067 3.6098 0.6811, 5.0122 3.0375 0.7067, 4.9438 3.0545 0.6947, 4.8792 3.0708 0.6671, 4.8234 3.0842 0.6255, 4.7766 3.0966 0.5682, 4.7435 3.1077 0.4972, 4.7302 3.1159 0.4187, 4.7377 3.1209 0.3402, 4.7673 3.1244 0.2633, 4.8192 3.1268 0.1949, 4.8881 3.1273 0.143, 4.9661 3.1267 0.1131, 5.0506 3.1263 0.1051, 5.1362 3.1246 0.1209, 5.2131 3.1243 0.1593, 5.2736 3.1241 0.2141, 5.3167 3.125 0.2819, 5.3409 3.1283 0.3593, 5.3438 3.1336 0.4382, 5.3278 3.1402 0.5107, 5.2953 3.1488 0.5741, 5.2487 3.1605 0.6287, 5.192 3.1742 0.6701, 5.1302 3.1891 0.6958, 5.0666 3.204 0.7074, 4.9997 3.2203 0.7049, 4.9344 3.2354 0.6868, 4.8759 3.2523 0.6547, 4.8265 3.268 0.6109, 4.7856 3.2844 0.5537, 4.759 3.299 0.4854, 4.7499 3.3115 0.4118, 4.7582 3.3213 0.3378, 4.7875 3.3294 0.2643, 4.8377 3.3355 0.1985, 4.9046 3.3393 0.1486, 4.9808 3.3406 0.119, 5.0654 3.3407 0.1106, 5.1513 3.3413 0.1269, 5.2288 3.3413 0.1659, 5.2902 3.3385 0.2219, 5.3346 3.3376 0.2931, 5.3587 3.3384 0.3746, 5.3595 3.3401 0.4575, 5.3395 3.3425 0.5328, 5.3019 3.347 0.5993, 5.2489 3.3544 0.6547, 5.1854 3.3639 0.6931, 5.119 3.3749 0.7138, 5.0518 3.3875 0.7189, 4.9841 3.4031 0.7085, 4.9209 3.4191 0.6839, 4.8668 3.4349 0.6469, 4.8227 3.4488 0.5996, 4.7891 3.466 0.5408, 4.7694 3.483 0.4743, 4.7652 3.4991 0.4049, 4.7774 3.5125 0.3362, 4.8081 3.5251 0.2682, 4.8569 3.5362 0.207, 4.9207 3.5442 0.1603, 4.9941 3.5491 0.1319, 5.0768 3.5529 0.124, 5.1613 3.5554 0.14, 5.238 3.5556 0.1782, 5.2994 3.555 0.2343, 5.3448 3.5547 0.307, 5.3688 3.5531 0.3909, 5.3687 3.5527 0.4763, 5.3469 3.5523 0.5543, 5.3052 3.5535 0.624, 5.2466 3.5569 0.6803, 5.1776 3.562 0.7179, 5.1063 3.5684 0.7358, 5.0343 3.5773 0.7352, 4.9643 3.5891 0.7178, 4.9022 3.6026 0.6856, 4.9456 3.046 0.6922, 4.8835 3.0626 0.6637, 4.8295 3.078 0.6227, 4.7845 3.0921 0.5668, 4.7533 3.1051 0.498, 4.7394 3.1158 0.4219, 4.7455 3.1231 0.3453, 4.7729 3.1287 0.2694, 4.8223 3.1328 0.201, 4.8893 3.1351 0.1484, 4.966 3.1346 0.1163, 5.0502 3.1344 0.1065, 5.1365 3.1347 0.1204, 5.215 3.1329 0.1574, 5.2775 3.1317 0.2119, 5.3228 3.1317 0.2801, 5.3486 3.1333 0.3591, 5.3523 3.1367 0.4402, 5.3356 3.1412 0.5148, 5.3025 3.1476 0.5805, 5.2536 3.1571 0.636, 5.1944 3.1689 0.6772, 5.1307 3.1819 0.7021, 5.0659 3.1964 0.7115, 4.9987 3.2122 0.707, 4.934 3.2288 0.6873, 4.8767 3.2433 0.654, 4.8293 3.2595 0.6097, 4.791 3.2761 0.553, 4.7657 3.2928 0.4863, 4.7574 3.307 0.4148, 4.7662 3.3187 0.3436, 4.7936 3.3293 0.2717, 4.8416 3.3378 0.207, 4.906 3.3437 0.1568, 4.9803 3.3466 0.1259, 5.0636 3.3485 0.1159, 5.1495 3.3491 0.1296, 5.2277 3.3495 0.1668, 5.2907 3.3486 0.2217, 5.3373 3.3463 0.2924, 5.3631 3.3461 0.3747, 5.3656 3.3467 0.4592, 5.3462 3.3475 0.5367, 5.3081 3.3501 0.6054, 5.2534 3.3553 0.6623, 5.188 3.3627 0.7024, 5.1192 3.3715 0.7226, 5.0501 3.3823 0.7263, 4.9812 3.3958 0.7142, 4.9182 3.4115 0.6869, 4.8649 3.4268 0.6481, 4.8222 3.4422 0.5997, 4.7901 3.457 0.5408, 4.7724 3.4745 0.4748, 4.7701 3.4908 0.4071, 4.7827 3.5063 0.3405, 4.8129 3.5207 0.2747, 4.8605 3.5336 0.2161, 4.9219 3.5442 0.1699, 4.993 3.5514 0.1412, 5.0738 3.5572 0.1317, 5.1572 3.5613 0.1455, 5.2337 3.5634 0.1817, 5.2964 3.5629 0.2357, 5.3433 3.5629 0.3073, 5.3694 3.5632 0.3909, 5.3713 3.5613 0.4772, 5.3507 3.5599 0.5567, 5.3095 3.5601 0.6286, 5.2502 3.5619 0.6871, 5.1795 3.5651 0.7264, 5.1061 3.5694 0.7446, 5.0317 3.5761 0.7445, 4.9599 3.5857 0.7255, 4.8906 3.594 0.6972, 4.955 3.5844 0.7338, 5.0294 3.577 0.7529, 5.106 3.5725 0.7533, 5.1813 3.5701 0.7339, 5.2531 3.5685 0.6928, 5.3125 3.5677 0.6319, 5.3529 3.5686 0.5582, 5.3718 3.5714 0.4774, 5.368 3.5714 0.3908, 5.3402 3.5708 0.3079, 5.2914 3.5707 0.238, 5.2284 3.5694 0.1861, 5.1523 3.5656 0.1522, 5.0704 3.5595 0.1404, 4.9918 3.5514 0.1508, 4.9232 3.5416 0.1798, 4.8635 3.5291 0.2236, 4.817 3.5145 0.2802, 4.787 3.4981 0.3439, 4.7729 3.4823 0.4084, 4.7734 3.4655 0.475, 4.7896 3.4504 0.5408, 4.8201 3.4341 0.6005, 4.8614 3.4192 0.6504, 4.9139 3.4043 0.6916, 4.9777 3.3906 0.7209, 5.0482 3.3789 0.7349, 5.1195 3.3703 0.7323, 5.1904 3.3637 0.7108, 5.2578 3.3584 0.6698, 5.3135 3.3551 0.6108, 5.3517 3.3541 0.5399, 5.3699 3.3543 0.4605, 5.3658 3.3547 0.3748, 5.3378 3.3563 0.2923, 5.2894 3.3568 0.2223, 5.2253 3.3573 0.169, 5.1464 3.3569 0.1342, 5.0614 3.3544 0.1224, 4.9797 3.3509 0.1341, 4.9076 3.346 0.166, 4.8456 3.3378 0.2158, 4.7999 3.3267 0.2794, 4.7727 3.3142 0.3483, 4.7636 3.3008 0.4174, 4.7712 3.2846 0.487, 4.7941 3.2676 0.5526, 4.8303 3.2505 0.6093, 4.8763 3.2367 0.6544, 4.9326 3.2207 0.689, 4.997 3.2046 0.7107, 5.0648 3.1892 0.7178, 5.1312 3.1767 0.7097, 5.1972 3.1655 0.6856, 5.2589 3.1559 0.6441, 5.309 3.1486 0.5864, 5.3433 3.1443 0.5189, 5.3598 3.1417 0.442, 5.3549 3.14 0.359, 5.3271 3.1393 0.2789, 5.2798 3.1404 0.2105, 5.2154 3.143 0.157, 5.1358 3.1428 0.1216, 5.0494 3.1423 0.1095, 4.9659 3.1424 0.1219, 4.8908 3.141 0.1551, 4.8261 3.1371 0.2083, 4.7791 3.131 0.2763, 4.7536 3.1231 0.3507, 4.7487 3.1132 0.4252, 4.7614 3.1006 0.4987, 4.7912 3.0859 0.5656, 4.8345 3.0698 0.6204, 4.8859 3.054 0.6618, 4.9577 2.8475 0.6962, 4.894 2.8643 0.6706, 4.838 2.8798 0.632, 4.7907 2.8937 0.5786, 4.7563 2.9066 0.5116, 4.7387 2.9175 0.4358, 4.7413 2.925 0.3587, 4.7648 2.9303 0.2822, 4.8108 2.9344 0.2115, 4.8755 2.9367 0.1556, 4.9512 2.9365 0.1198, 5.0341 2.9361 0.1061, 5.1207 2.9362 0.1158, 5.2011 2.9346 0.1491, 5.2667 2.9336 0.2011, 5.3147 2.9333 0.2666, 5.3441 2.9349 0.344, 5.3517 2.9383 0.425, 5.3385 2.943 0.501, 5.3086 2.9493 0.5677, 5.2626 2.9587 0.6252, 5.2054 2.9705 0.6693, 5.1425 2.9837 0.6974, 5.0784 2.9981 0.7097, 5.0115 3.0138 0.7084, 4.9459 3.0304 0.6918, 4.8867 3.045 0.6612, 4.8373 3.0612 0.6191, 4.7966 3.0777 0.5646, 4.7681 3.0944 0.4993, 4.7563 3.1088 0.4278, 4.7618 3.1205 0.3561, 4.7856 3.1309 0.2835, 4.8304 3.1394 0.2166, 4.8926 3.1454 0.1631, 4.9657 3.1484 0.1287, 5.0478 3.1501 0.1149, 5.1342 3.1507 0.1244, 5.2144 3.1511 0.158, 5.2803 3.1504 0.2102, 5.3297 3.1479 0.2781, 5.3594 3.1476 0.3588, 5.3659 3.1484 0.4435, 5.3501 3.1493 0.5225, 5.3154 3.1517 0.5922, 5.2637 3.1569 0.6514, 5.2002 3.1643 0.6948, 5.1319 3.1733 0.7185, 5.0634 3.184 0.7252, 4.9944 3.1974 0.7165, 4.93 3.2131 0.6922, 4.8744 3.2286 0.6557, 4.8298 3.2439 0.6096, 4.7951 3.2586 0.5525, 4.7742 3.2761 0.4874, 4.7687 3.2926 0.4194, 4.7782 3.308 0.3523, 4.805 3.3222 0.2856, 4.8497 3.3352 0.2248, 4.9093 3.3459 0.1755, 4.979 3.3532 0.1434, 5.0588 3.3588 0.1302, 5.1427 3.3629 0.1399, 5.2212 3.3651 0.1727, 5.2866 3.3646 0.2238, 5.3364 3.3645 0.2926, 5.3664 3.3648 0.3748, 5.3725 3.363 0.4612, 5.3555 3.3618 0.5422, 5.3181 3.3617 0.6153, 5.2617 3.3634 0.6764, 5.1928 3.3668 0.7192, 5.1197 3.3712 0.741, 5.046 3.3777 0.7443, 4.9736 3.3872 0.7288, 4.9088 3.399 0.6972, 4.8561 3.412 0.6539, 4.8162 3.4265 0.6018, 4.7873 3.4423 0.541, 4.7729 3.4589 0.4749, 4.7739 3.4733 0.4089, 4.7894 3.4895 0.3458, 4.8202 3.5062 0.2846, 4.866 3.5229 0.2299, 4.9242 3.5371 0.1878, 4.9907 3.5488 0.1606, 5.0669 3.5594 0.1495, 5.1468 3.5679 0.1597, 5.222 3.5737 0.1913, 5.2852 3.5766 0.2409, 5.3347 3.5786 0.3089, 5.3647 3.5792 0.3906, 5.3705 3.5795 0.4769, 5.3535 3.5786 0.5585, 5.3144 3.5764 0.6339, 5.2552 3.5762 0.6967, 5.1827 3.5768 0.7401, 5.1058 3.5775 0.761, 5.0271 3.5801 0.7613, 4.9506 3.5854 0.7414, 4.8838 3.5928 0.704, 4.8963 2.8557 0.6685, 4.8429 2.8715 0.6295, 4.7973 2.8875 0.5771, 4.7643 2.9022 0.5119, 4.7481 2.9149 0.4387, 4.7496 2.9249 0.3637, 4.7714 2.9326 0.2888, 4.815 2.9387 0.2187, 4.8773 2.9427 0.1622, 4.9513 2.9443 0.1253, 5.0334 2.9439 0.1092, 5.1201 2.9444 0.1171, 5.2016 2.9446 0.1487, 5.2689 2.9422 0.1996, 5.3189 2.9409 0.2652, 5.3505 2.9416 0.3435, 5.3593 2.9433 0.4264, 5.3464 2.9461 0.5046, 5.3154 2.9503 0.5733, 5.2683 2.9575 0.633, 5.2086 2.9671 0.6775, 5.1434 2.9785 0.7049, 5.0776 2.9909 0.716, 5.01 3.0062 0.7122, 4.9445 3.0223 0.6937, 4.8863 3.0384 0.6615, 4.8383 3.0522 0.6187, 4.7996 3.0692 0.5641, 4.7736 3.0862 0.4997, 4.7627 3.1026 0.4301, 4.7685 3.116 0.3606, 4.7923 3.1283 0.2909, 4.8348 3.1394 0.2252, 4.8947 3.1476 0.1722, 4.9655 3.1527 0.137, 5.046 3.1561 0.1215, 5.1313 3.1585 0.1292, 5.2121 3.159 0.1602, 5.2791 3.1586 0.2109, 5.3303 3.158 0.278, 5.3621 3.1563 0.3588, 5.3703 3.156 0.4445, 5.3557 3.156 0.5254, 5.3212 3.1567 0.5974, 5.2685 3.16 0.6587, 5.203 3.1653 0.703, 5.1326 3.1721 0.7281, 5.0619 3.1806 0.7339, 4.9912 3.1922 0.7233, 4.9259 3.2059 0.6971, 4.8711 3.221 0.6581, 4.8277 3.2358 0.6104, 4.7946 3.252 0.5525, 4.7752 3.2671 0.4876, 4.7716 3.2841 0.4206, 4.7826 3.2998 0.3556, 4.8093 3.316 0.2909, 4.8531 3.3307 0.2321, 4.911 3.3433 0.1852, 4.9783 3.3531 0.1531, 5.0558 3.3611 0.1391, 5.1381 3.3672 0.1468, 5.2161 3.3711 0.1772, 5.2817 3.3724 0.2264, 5.3333 3.3724 0.2934, 5.365 3.3729 0.3747, 5.3731 3.373 0.4614, 5.3579 3.3704 0.5435, 5.3212 3.3693 0.6184, 5.2649 3.3701 0.6819, 5.1949 3.3718 0.7266, 5.1199 3.3743 0.7497, 5.0441 3.3787 0.7528, 4.9692 3.386 0.7373, 4.9029 3.3956 0.7038, 4.8498 3.4067 0.6581, 4.8102 3.4193 0.604, 4.7832 3.4347 0.5413, 4.7706 3.4508 0.4745, 4.7734 3.4667 0.4086, 4.7902 3.4806 0.3465, 4.822 3.4977 0.287, 4.8681 3.5147 0.235, 4.925 3.5309 0.1945, 4.9897 3.5443 0.1686, 5.0633 3.5568 0.1587, 5.1411 3.5679 0.1675, 5.2148 3.576 0.1972, 5.2777 3.5809 0.2444, 5.328 3.5845 0.3102, 5.3592 3.587 0.3902, 5.3674 3.5874 0.4759, 5.3523 3.5868 0.5578, 5.3148 3.5864 0.6343, 5.2565 3.5848 0.6991, 5.1837 3.5844 0.7444, 5.1057 3.5842 0.7673, 5.025 3.5852 0.7688, 4.9463 3.5885 0.7489, 4.8776 3.5938 0.7102, 4.8456 2.863 0.628, 4.8027 2.8793 0.5759, 4.7711 2.896 0.5121, 4.7559 2.9104 0.441, 4.7581 2.9223 0.3687, 4.7783 2.9325 0.2956, 4.8196 2.941 0.2268, 4.8795 2.947 0.1702, 4.9515 2.9502 0.1321, 5.0321 2.9517 0.1146, 5.1186 2.9523 0.1199, 5.2006 2.9528 0.1497, 5.2695 2.9523 0.1993, 5.3215 2.9496 0.2643, 5.3549 2.9492 0.3432, 5.3656 2.95 0.4276, 5.3534 2.9511 0.5079, 5.3221 2.9534 0.5788, 5.2735 2.9585 0.6401, 5.2121 2.9659 0.6865, 5.1444 2.9751 0.7137, 5.0766 2.9857 0.7235, 5.0076 2.999 0.7181, 4.9421 3.0147 0.6969, 4.8845 3.0303 0.6629, 4.8378 3.0456 0.6189, 4.8006 3.0602 0.5639, 4.7766 3.0776 0.5, 4.7679 3.0943 0.4319, 4.7742 3.1098 0.3643, 4.7977 3.1238 0.2968, 4.8394 3.1367 0.234, 4.8968 3.1476 0.1817, 4.9652 3.155 0.1463, 5.0437 3.1604 0.1294, 5.1278 3.1645 0.135, 5.2082 3.1668 0.1641, 5.2763 3.1665 0.2126, 5.3289 3.1661 0.2784, 5.3627 3.1663 0.3588, 5.3729 3.1646 0.4451, 5.3597 3.1636 0.5275, 5.3259 3.1634 0.6016, 5.2727 3.165 0.6651, 5.2058 3.1684 0.7113, 5.1332 3.1731 0.7368, 5.0602 3.1794 0.7434, 4.9875 3.1888 0.7314, 4.9211 3.2006 0.703, 4.866 3.2138 0.6619, 4.8239 3.2282 0.6119, 4.7923 3.2439 0.5528, 4.7747 3.2605 0.4875, 4.7725 3.2751 0.421, 4.7851 3.2913 0.3574, 4.8128 3.3078 0.2951, 4.8559 3.3245 0.2383, 4.9124 3.3388 0.1932, 4.9776 3.3505 0.1629, 5.0527 3.361 0.1482, 5.133 3.3695 0.1546, 5.2099 3.3754 0.1828, 5.2756 3.3784 0.2296, 5.3279 3.3802 0.2946, 5.3618 3.3808 0.3747, 5.3717 3.3812 0.461, 5.3584 3.3805 0.5438, 5.3232 3.378 0.6203, 5.2672 3.3777 0.6857, 5.1966 3.3785 0.7327, 5.1201 3.3794 0.7574, 5.0422 3.3818 0.7613, 4.9652 3.387 0.7451, 4.8964 3.3944 0.7109, 4.8424 3.4033 0.6629, 4.803 3.414 0.6065, 4.7768 3.4275 0.5418, 4.7666 3.4432 0.4738, 4.7713 3.4586 0.4077, 4.7897 3.4739 0.3461, 4.8227 3.4887 0.2879, 4.8692 3.5061 0.2379, 4.9257 3.5226 0.1999, 4.9889 3.5381 0.1753, 5.0603 3.5523 0.1662, 5.1353 3.5653 0.1755, 5.2073 3.576 0.2033, 5.2693 3.5832 0.2484, 5.3199 3.5889 0.3117, 5.3524 3.593 0.3897, 5.3622 3.5952 0.4741, 5.3496 3.5947 0.556, 5.3138 3.5946 0.6333, 5.2567 3.5949 0.6996, 5.1843 3.5931 0.7471, 5.1056 3.5918 0.7718, 5.0233 3.5918 0.7749, 4.9424 3.5935 0.7556, 4.8715 3.5969 0.7163, 4.8057 2.8708 0.5752, 4.7766 2.8877 0.5123, 4.7624 2.9042 0.4429, 4.765 2.9178 0.3728, 4.7852 2.9299 0.3026, 4.8245 2.9409 0.2352, 4.882 2.9493 0.1792, 4.9516 2.9545 0.1404, 5.0306 2.9577 0.1213, 5.116 2.9601 0.1248, 5.1984 2.9607 0.1521, 5.2682 2.9604 0.2001, 5.3221 2.9596 0.2641, 5.3576 2.9578 0.343, 5.3699 2.9576 0.4284, 5.3591 2.9578 0.5106, 5.3281 2.9584 0.5836, 5.2786 2.9615 0.6471, 5.2153 2.9669 0.6947, 5.1456 2.9739 0.7233, 5.0755 2.9823 0.7323, 5.0048 2.9938 0.7251, 4.9382 3.0075 0.7021, 4.8813 3.0227 0.6655, 4.8357 3.0375 0.6199, 4.8001 3.0536 0.564, 4.7777 3.0686 0.5, 4.7708 3.0858 0.4329, 4.7788 3.1016 0.3673, 4.8022 3.1176 0.3019, 4.8431 3.1323 0.2412, 4.8989 3.145 0.1913, 4.965 3.1549 0.156, 5.0411 3.1627 0.1384, 5.1236 3.1688 0.1422, 5.2033 3.1728 0.1689, 5.2715 3.1743 0.2154, 5.3258 3.174 0.2793, 5.3613 3.1745 0.3588, 5.3735 3.1747 0.4453, 5.3621 3.1723 0.5288, 5.3292 3.171 0.6046, 5.2762 3.1717 0.6704, 5.2082 3.1734 0.7186, 5.1338 3.1762 0.7455, 5.0587 3.1804 0.752, 4.9835 3.1876 0.7401, 4.9155 3.1972 0.7098, 4.8599 3.2085 0.6663, 4.818 3.221 0.6143, 4.7882 3.2363 0.5534, 4.7724 3.2524 0.4872, 4.772 3.2685 0.4208, 4.7859 3.2823 0.358, 4.8147 3.2993 0.2975, 4.8582 3.3163 0.2433, 4.9135 3.3326 0.1999, 4.977 3.346 0.171, 5.0495 3.3584 0.1576, 5.1276 3.3695 0.1627, 5.203 3.3777 0.189, 5.2683 3.3827 0.2334, 5.3213 3.3861 0.2962, 5.3563 3.3886 0.3745, 5.3686 3.3891 0.4601, 5.3571 3.3886 0.5431, 5.3236 3.388 0.6207, 5.2686 3.3864 0.688, 5.1978 3.3861 0.737, 5.1203 3.386 0.7638, 5.0405 3.3868 0.7688, 4.9612 3.3901 0.7528, 4.8905 3.3954 0.7174, 4.8344 3.4021 0.6682, 4.7947 3.4106 0.6094, 4.7693 3.4223 0.5424, 4.7603 3.436 0.4727, 4.7676 3.451 0.406, 4.788 3.4658 0.3447, 4.8223 3.4821 0.2874, 4.8696 3.4972 0.2388, 4.9261 3.5141 0.203, 4.9882 3.5299 0.1808, 5.0579 3.5461 0.1725, 5.1305 3.5608 0.182, 5.1996 3.5733 0.2095, 5.2605 3.5832 0.2525, 5.3107 3.5911 0.3134, 5.3442 3.5973 0.3891, 5.3557 3.6012 0.4719, 5.3449 3.6025 0.553, 5.3116 3.6025 0.6309, 5.2561 3.603 0.6984, 5.1845 3.6031 0.7477, 5.1056 3.6004 0.7745, 5.0221 3.5994 0.7792, 4.9392 3.6002 0.761, 4.866 3.6019 0.7218, 4.7797 2.8792 0.5124, 4.7676 2.896 0.4445, 4.7708 2.9116 0.3763, 4.7909 2.9254 0.3084, 4.8294 2.9383 0.2437, 4.8845 2.9493 0.1885, 4.9518 2.9568 0.1498, 5.0287 2.962 0.1293, 5.1128 2.966 0.1309, 5.1946 2.9685 0.1562, 5.2655 2.9683 0.2018, 5.3207 2.9678 0.2646, 5.3582 2.9679 0.343, 5.3726 2.9663 0.4289, 5.3632 2.9654 0.5125, 5.333 2.9651 0.5877, 5.2832 2.9666 0.6533, 5.2184 2.97 0.7028, 5.1466 2.9748 0.7319, 5.0743 2.9811 0.7419, 5.0015 2.9903 0.7333, 4.9337 3.0022 0.7081, 4.8763 3.0155 0.6695, 4.832 3.0299 0.6216, 4.7978 3.0455 0.5644, 4.7771 3.062 0.5, 4.7718 3.0768 0.4333, 4.7813 3.093 0.369, 4.8059 3.1094 0.3059, 4.8462 3.1261 0.2472, 4.9007 3.1405 0.1992, 4.9647 3.1523 0.1659, 5.0385 3.1626 0.1477, 5.1189 3.1711 0.1502, 5.1974 3.1771 0.1747, 5.2656 3.1802 0.2188, 5.3205 3.1818 0.2808, 5.3581 3.1824 0.3589, 5.3721 3.1829 0.4449, 5.3626 3.1823 0.529, 5.3312 3.1796 0.6064, 5.2787 3.1793 0.6742, 5.2103 3.1801 0.7246, 5.1344 3.1812 0.7532, 5.0572 3.1834 0.7606, 4.9799 3.1886 0.7481, 4.9094 3.196 0.7172, 4.8527 3.2051 0.6715, 4.8109 3.2157 0.6172, 4.7819 3.2291 0.5542, 4.7684 3.2447 0.4867, 4.7699 3.2604 0.4199, 4.7855 3.2757 0.3577, 4.8154 3.2903 0.2983, 4.8595 3.3077 0.2461, 4.9145 3.3244 0.2053, 4.9765 3.3398 0.1778, 5.0469 3.3539 0.1652, 5.1222 3.3668 0.1709, 5.1958 3.3777 0.1955, 5.26 3.385 0.2378, 5.3132 3.3905 0.2981, 5.3494 3.3945 0.3743, 5.3633 3.3969 0.4586, 5.3544 3.3965 0.5415, 5.3226 3.3962 0.6197, 5.2689 3.3964 0.6886, 5.1986 3.3947 0.7396, 5.1204 3.3936 0.7682, 5.0391 3.3934 0.775, 4.9576 3.3951 0.7597, 4.8847 3.3985 0.7238, 4.8271 3.4031 0.6731, 4.7856 3.4094 0.6126, 4.7605 3.4189 0.5431, 4.7529 3.4307 0.4713, 4.7618 3.4438 0.4033, 4.7848 3.4582 0.3421, 4.821 3.474 0.2856, 4.8694 3.4905 0.2383, 4.9263 3.5051 0.204, 4.9879 3.5213 0.1838, 5.0559 3.5379 0.1776, 5.1265 3.5546 0.1875, 5.1933 3.5689 0.2146, 5.2516 3.5806 0.2567, 5.3012 3.5911 0.3152, 5.3348 3.5996 0.3884, 5.3479 3.6055 0.4692, 5.3392 3.6084 0.5493, 5.3079 3.6103 0.6268, 5.2546 3.6109 0.6955, 5.1842 3.6113 0.7463, 5.1056 3.6105 0.7751, 5.0214 3.6081 0.7818, 4.9369 3.6078 0.7649, 4.8615 3.6085 0.7263, 4.7706 2.8875 0.4454, 4.7755 2.9034 0.3791, 4.7957 2.9192 0.3132, 4.8335 2.9338 0.2507, 4.8871 2.9466 0.1981, 4.952 2.9568 0.1594, 5.0266 2.9643 0.1384, 5.1089 2.9703 0.1382, 5.19 2.9744 0.1612, 5.2609 2.9761 0.2048, 5.3177 2.9757 0.2656, 5.3568 2.976 0.3431, 5.3732 2.9763 0.429, 5.3656 2.9741 0.5137, 5.3365 2.9727 0.5905, 5.2869 2.9732 0.6585, 5.2213 2.975 0.71, 5.1476 2.9779 0.7406, 5.0732 2.9821 0.7505, 4.9979 2.9891 0.7423, 4.9285 2.9988 0.7152, 4.8704 3.0103 0.6742, 4.8261 3.0227 0.6242, 4.7938 3.0379 0.5651, 4.7748 3.0539 0.4998, 4.7712 3.0702 0.4331, 4.7822 3.0841 0.3696, 4.808 3.1009 0.3082, 4.8487 3.1178 0.2521, 4.9022 3.1343 0.2058, 4.9645 3.1478 0.1739, 5.0358 3.16 0.1572, 5.1139 3.171 0.1585, 5.1907 3.1794 0.1813, 5.2585 3.1846 0.223, 5.3139 3.1878 0.2827, 5.3525 3.1902 0.359, 5.369 3.1907 0.4442, 5.3613 3.1905 0.5284, 5.3317 3.1897 0.6068, 5.2802 3.1879 0.6764, 5.2117 3.1877 0.7289, 5.1348 3.1878 0.7595, 5.0559 3.1885 0.7682, 4.9762 3.1916 0.756, 4.9038 3.197 0.724, 4.8449 3.2039 0.6772, 4.8028 3.2123 0.6205, 4.7744 3.2238 0.5551, 4.762 3.2375 0.4858, 4.7661 3.2528 0.4184, 4.7836 3.2676 0.3563, 4.815 3.2837 0.2978, 4.8599 3.2987 0.247, 4.915 3.3158 0.2083, 4.9761 3.3316 0.1832, 5.0448 3.3477 0.1717, 5.1177 3.3624 0.1777, 5.1884 3.375 0.202, 5.2515 3.385 0.2423, 5.3041 3.3927 0.3003, 5.3411 3.3989 0.3741, 5.3567 3.4028 0.4567, 5.3496 3.4043 0.5387, 5.3203 3.4041 0.6175, 5.2682 3.4046 0.6873, 5.1987 3.4048 0.7402, 5.1205 3.4023 0.7709, 5.0381 3.4011 0.7794, 4.9547 3.4018 0.7653, 4.8795 3.4035 0.7295, 4.8198 3.4062 0.6778, 4.7773 3.4104 0.6154, 4.7509 3.4177 0.5439, 4.7442 3.4273 0.4698, 4.7549 3.4386 0.4001, 4.7798 3.451 0.3381, 4.8185 3.4664 0.2823, 4.8685 3.4825 0.2362, 4.9262 3.4985 0.2034, 4.9877 3.5123 0.1849, 5.0547 3.5294 0.1804, 5.1233 3.5464 0.1919, 5.1881 3.5627 0.2189, 5.2443 3.5761 0.2601, 5.2915 3.5885 0.317, 5.3252 3.5995 0.3877, 5.3391 3.6078 0.4662, 5.3322 3.6127 0.5448, 5.3033 3.6162 0.6218, 5.252 3.6187 0.6906, 5.1834 3.6192 0.7431, 5.1056 3.6186 0.7737, 5.0213 3.6181 0.7824, 4.9356 3.6165 0.7672, 4.8584 3.6161 0.7295, 4.7782 2.8948 0.3807, 4.7996 2.911 0.317, 4.8369 2.9276 0.2566, 4.8893 2.9422 0.2058, 4.9522 2.9542 0.1693, 5.0244 2.9642 0.1479, 5.1045 2.9726 0.1465, 5.1844 2.9787 0.1673, 5.2552 2.9821 0.2086, 5.3124 2.9835 0.2674, 5.3536 2.9839 0.3433, 5.3718 2.9845 0.4288, 5.3662 2.9841 0.5139, 5.3386 2.9813 0.5922, 5.2895 2.9808 0.6621, 5.2236 2.9817 0.7159, 5.1486 2.983 0.7483, 5.0721 2.9852 0.7592, 4.9946 2.9901 0.7504, 4.9227 2.9976 0.7229, 4.8635 3.0069 0.6797, 4.8193 3.0175 0.6274, 4.7875 3.0307 0.5662, 4.7708 3.0463 0.4995, 4.7691 3.0621 0.4323, 4.7817 3.0774 0.3693, 4.8087 3.0919 0.309, 4.8501 3.1093 0.2548, 4.9034 3.1261 0.2112, 4.9643 3.1416 0.1807, 5.0336 3.1555 0.165, 5.1089 3.1684 0.167, 5.1838 3.1793 0.1881, 5.2504 3.1868 0.2277, 5.3059 3.1921 0.285, 5.3457 3.1961 0.3592, 5.3636 3.1985 0.4429, 5.3585 3.1983 0.5269, 5.3306 3.1979 0.6058, 5.2805 3.198 0.6769, 5.2125 3.1963 0.7314, 5.1352 3.1954 0.764, 5.0548 3.1951 0.7744, 4.973 3.1967 0.763, 4.8983 3.2001 0.7307, 4.8379 3.2049 0.6824, 4.7938 3.2111 0.6241, 4.7656 3.2204 0.5563, 4.7545 3.2323 0.4849, 4.7602 3.2456 0.416, 4.7803 3.26 0.3539, 4.8136 3.2756 0.2961, 4.8597 3.2921 0.2465, 4.9152 3.3069 0.2093, 4.9759 3.3231 0.1863, 5.043 3.3395 0.1769, 5.114 3.3562 0.1833, 5.1824 3.3706 0.2074, 5.2427 3.3823 0.2469, 5.2947 3.3927 0.3025, 5.3318 3.4012 0.3739, 5.3487 3.4072 0.4543, 5.3437 3.4102 0.5352, 5.3163 3.4119 0.6136, 5.2665 3.4125 0.6846, 5.1984 3.4129 0.7388, 5.1205 3.4123 0.7715, 5.0375 3.4097 0.782, 4.9526 3.4094 0.7693, 4.8752 3.4102 0.7342, 4.8134 3.4112 0.6821, 4.7691 3.4135 0.6183, 4.7422 3.4186 0.5446, 4.7347 3.4261 0.468, 4.7469 3.4351 0.3965, 4.7739 3.4458 0.3334, 4.8147 3.4592 0.2772, 4.867 3.4748 0.2324, 4.9259 3.4904 0.2012, 4.9878 3.5057 0.1843, 5.0544 3.5204 0.1814, 5.1214 3.5378 0.1944, 5.1838 3.5544 0.2224, 5.2381 3.5699 0.263, 5.2835 3.584 0.3185, 5.3153 3.5969 0.3869, 5.3299 3.6077 0.463, 5.3244 3.615 0.5397, 5.2977 3.6205 0.6157, 5.2488 3.6246 0.6846, 4.8017 2.9025 0.3192, 4.8396 2.9194 0.2613, 4.8911 2.936 0.2124, 4.9523 2.9497 0.1774, 5.0221 2.9616 0.1575, 5.1 2.9726 0.155, 5.1781 2.981 0.1742, 5.2482 2.9864 0.2131, 5.3059 2.9894 0.2696, 5.348 2.9917 0.3437, 5.3686 2.9924 0.4282, 5.3649 2.9923 0.5133, 5.339 2.9914 0.5926, 5.2911 2.9895 0.6643, 5.2252 2.9893 0.72, 5.1493 2.9896 0.7545, 5.0711 2.9902 0.7668, 4.9914 2.9932 0.7584, 4.9175 2.9986 0.7299, 4.856 3.0057 0.6858, 4.8113 3.0141 0.6311, 4.7801 3.0254 0.5676, 4.7644 3.0391 0.4989, 4.7652 3.0545 0.431, 4.7798 3.0693 0.368, 4.8083 3.0853 0.3086, 4.8506 3.1003 0.2557, 4.9041 3.1175 0.2142, 4.9642 3.1334 0.1862, 5.0317 3.1493 0.1715, 5.1048 3.1639 0.174, 5.1768 3.1767 0.195, 5.2421 3.1868 0.2326, 5.297 3.1944 0.2876, 5.3374 3.2004 0.3594, 5.3569 3.2045 0.4413, 5.3536 3.2061 0.5243, 5.3282 3.2057 0.6037, 5.2797 3.2061 0.6757, 5.2127 3.2064 0.732, 5.1354 3.2041 0.7667, 5.054 3.2027 0.7788, 4.9704 3.2033 0.7688, 4.8934 3.2051 0.7367, 4.8308 3.208 0.6875, 4.7857 3.2121 0.6273, 4.7561 3.2192 0.5575, 4.7458 3.2289 0.4837, 4.7532 3.2403 0.4131, 4.7751 3.2528 0.3501, 4.811 3.268 0.2929, 4.8587 3.284 0.2444, 4.9151 3.3002 0.2088, 4.9758 3.3141 0.1873, 5.042 3.3309 0.1798, 5.111 3.3479 0.1879, 5.1774 3.3644 0.212, 5.2356 3.3779 0.2506, 5.2851 3.3901 0.3048, 5.3221 3.4011 0.3737, 5.3398 3.4095 0.4517, 5.3365 3.4146 0.531, 5.3115 3.4178 0.6088, 5.2637 3.4203 0.6798, 5.1975 3.4208 0.7357, 5.1205 3.4205 0.7701, 5.0374 3.4198 0.7826, 4.9514 3.418 0.7717, 4.8722 3.4178 0.7375, 4.8081 3.4179 0.6856, 4.7618 3.4185 0.6209, 4.7335 3.4217 0.5453, 4.7261 3.4271 0.4665, 4.7381 3.4339 0.3924, 4.767 3.4424 0.3278, 4.8102 3.4539 0.2711, 4.8646 3.4676 0.2265, 4.9254 3.4828 0.1971, 4.9881 3.4976 0.182, 5.0546 3.5137 0.1809, 5.1208 3.5288 0.1952, 5.1815 3.5459 0.2243, 5.2332 3.5616 0.2653, 5.2769 3.5778 0.3197, 5.3073 3.5925 0.3863, 5.3205 3.6051 0.4598, 5.3163 3.615 0.5344, 5.2913 3.6228 0.6088, 4.8412 2.9109 0.264, 4.8925 2.9277 0.2177, 4.9524 2.9435 0.1842, 5.0203 2.9572 0.1653, 5.0954 2.97 0.1637, 5.1715 2.981 0.1813, 5.2404 2.9887 0.2181, 5.2981 2.9937 0.2723, 5.3412 2.9977 0.3442, 5.3632 3.0002 0.4272, 5.3619 3.0002 0.512, 5.3379 2.9995 0.5917, 5.2915 2.9995 0.6647, 5.2262 2.9979 0.7226, 5.1498 2.9972 0.759, 5.0703 2.9968 0.7731, 4.9885 2.9982 0.7656, 4.9123 3.0017 0.7369, 4.8492 3.0066 0.6912, 4.8025 3.0129 0.6351, 4.7714 3.022 0.5691, 4.7569 3.0339 0.4983, 4.7592 3.0473 0.4288, 4.7764 3.0617 0.3658, 4.8067 3.0772 0.3069, 4.8503 3.0937 0.2552, 4.9043 3.1086 0.2152, 4.9641 3.1249 0.1892, 5.0302 3.1411 0.1768, 5.1013 3.1577 0.1798, 5.1711 3.1722 0.2007, 5.2335 3.1842 0.2376, 5.2877 3.1943 0.2903, 5.3281 3.2027 0.3596, 5.3489 3.2088 0.4394, 5.3475 3.2121 0.5211, 5.3241 3.2135 0.6, 5.2779 3.214 0.673, 5.2123 3.2146 0.7307, 5.1354 3.2142 0.7673, 5.0535 3.2114 0.7815, 4.9685 3.2109 0.7728, 4.8893 3.2118 0.7415, 4.8246 3.213 0.692, 4.7776 3.2152 0.6306, 4.7474 3.2202 0.5586, 4.7362 3.2277 0.4824, 4.745 3.2369 0.4098, 4.769 3.2475 0.3457, 4.8069 3.2607 0.288, 4.857 3.2764 0.2407, 4.9147 3.2921 0.2065, 4.9758 3.3075 0.1868, 5.0417 3.322 0.1808, 5.1093 3.3394 0.1905, 5.1733 3.3561 0.2156, 5.2296 3.3717 0.2538, 5.2772 3.3856 0.3067, 5.3123 3.3985 0.3734, 5.3305 3.4094 0.4491, 5.3285 3.4169 0.5263, 5.3056 3.4222 0.6029, 5.2602 3.4262 0.6739, 5.196 3.4286 0.7304, 5.1204 3.4284 0.7669, 5.0377 3.4279 0.7812, 4.9511 3.4281 0.7722, 4.8704 3.4264 0.7395, 4.8043 3.4255 0.6881, 4.7559 3.4252 0.623, 4.7258 3.4268 0.5459, 4.7175 3.4302 0.465, 4.7302 3.4349 0.3888, 4.7595 3.4412 0.3218, 4.805 3.4505 0.264, 4.8618 3.4624 0.2194, 4.9246 3.4756 0.1908, 4.9886 3.49 0.178, 5.0554 3.5057 0.1788, 5.1212 3.5222 0.1948, 5.1807 3.5369 0.225, 5.2304 3.5531 0.2666, 5.2715 3.5696 0.3207, 5.3005 3.5863 0.3858, 5.3129 3.6006 0.4572, 5.308 3.6124 0.529, 5.2848 3.6228 0.6017, 4.8933 2.9192 0.2206, 4.9525 2.9353 0.1896, 5.0188 2.951 0.1719, 5.0916 2.9655 0.1709, 5.1648 2.9784 0.1885, 5.2323 2.9886 0.2234, 5.2893 2.996 0.2753, 5.333 3.002 0.3448, 5.3565 3.0061 0.4259, 5.3569 3.008 0.5096, 5.3354 3.0074 0.5896, 5.2906 3.0077 0.6636, 5.2264 3.008 0.7231, 5.1502 3.0059 0.7617, 5.0697 3.0044 0.7776, 4.9862 3.0049 0.7715, 4.9076 3.0067 0.7431, 4.8424 3.0097 0.6967, 4.7945 3.0138 0.6387, 4.7619 3.0208 0.5708, 4.7481 3.0305 0.4976, 4.7521 3.042 0.4263, 4.7711 3.0545 0.3622, 4.804 3.0695 0.3038, 4.8493 3.0856 0.2532, 4.9042 3.1019 0.2146, 4.9641 3.1159 0.1903, 5.0294 3.1326 0.1797, 5.0985 3.1495 0.1845, 5.1662 3.166 0.2055, 5.2266 3.1797 0.2417, 5.2782 3.1917 0.293, 5.3184 3.2027 0.3598, 5.3398 3.2111 0.4372, 5.3402 3.2164 0.5172, 5.319 3.2195 0.5954, 5.2749 3.2218 0.6684, 5.2113 3.2224 0.7276, 5.1353 3.2223 0.7658, 5.0534 3.2214 0.7821, 4.9674 3.2196 0.7753, 4.8865 3.2194 0.745, 4.8195 3.2197 0.6958, 4.7705 3.2202 0.6335, 4.7388 3.2233 0.5597, 4.7276 3.2287 0.4813, 4.736 3.2357 0.4062, 4.7619 3.2441 0.3405, 4.8021 3.2555 0.2821, 4.8544 3.2692 0.2349, 4.914 3.2845 0.2025, 4.976 3.2994 0.1845, 5.0419 3.3153 0.1802, 5.1087 3.3304 0.1913, 5.171 3.3476 0.2177, 5.2247 3.3634 0.2564, 5.2706 3.3794 0.3082, 5.3042 3.394 0.3732, 5.321 3.4068 0.4463, 5.3201 3.4168 0.5214, 5.2989 3.4244 0.5964, 5.256 3.4305 0.6668, 5.1941 3.4346 0.7238, 5.1203 3.4362 0.7613, 5.0384 3.4358 0.7781, 4.9518 3.4362 0.7709, 4.87 3.4365 0.74, 4.8021 3.4341 0.6895, 4.7516 3.4328 0.6244, 4.7195 3.4334 0.5464, 4.7099 3.4352 0.4636, 4.7223 3.438 0.3851, 4.7527 3.4422 0.3163, 4.7992 3.4493 0.2563, 4.8586 3.459 0.2112, 4.9236 3.4704 0.1833, 4.9893 3.4828 0.1716, 5.0569 3.498 0.1749, 5.1225 3.5141 0.1929, 5.1811 3.5303 0.2246, 5.2294 3.5441 0.2671, 5.2685 3.561 0.3213, 5.2951 3.578 0.3854, 5.3065 3.5944 0.455, 5.3012 3.6079 0.5246, 5.2781 3.6202 0.5944, 4.9526 2.9267 0.1927, 5.0175 2.9427 0.1773, 5.0884 2.9593 0.1769, 5.1593 2.9739 0.1945, 5.224 2.986 0.2288, 5.2801 2.996 0.2784, 5.3237 3.0043 0.3455, 5.3483 3.0104 0.4243, 5.3507 3.0139 0.5067, 5.3312 3.0152 0.5861, 5.2888 3.0156 0.661, 5.2259 3.0162 0.7218, 5.1502 3.0159 0.7623, 5.0694 3.0131 0.7802, 4.9845 3.0125 0.7756, 4.9039 3.0134 0.7482, 4.8363 3.0148 0.7015, 4.7866 3.0169 0.6424, 4.7533 3.0218 0.5723, 4.7384 3.0293 0.4968, 4.7437 3.0386 0.4234, 4.7648 3.0493 0.3581, 4.7997 3.0623 0.2991, 4.8474 3.078 0.2495, 4.9037 3.0938 0.2124, 4.9641 3.1093 0.1897, 5.0291 3.1236 0.1807, 5.0969 3.141 0.1871, 5.1623 3.1578 0.2093, 5.2207 3.1735 0.2451, 5.2704 3.1872 0.2952, 5.3085 3.2001 0.36, 5.3304 3.211 0.435, 5.3319 3.2187 0.5129, 5.3129 3.2238 0.5899, 5.2711 3.2278 0.6627, 5.2095 3.2302 0.7223, 5.1351 3.2302 0.7626, 5.0537 3.2296 0.7807, 4.9671 3.2296 0.7758, 4.8848 3.228 0.7471, 4.8158 3.2273 0.6984, 4.7646 3.2269 0.6359, 4.7311 3.2283 0.5607, 4.7189 3.2318 0.4802, 4.7279 3.2367 0.4029, 4.7541 3.2429 0.3348, 4.7965 3.2521 0.2753, 4.8512 3.264 0.228, 4.9129 3.2773 0.1962, 4.9763 3.2918 0.1804, 5.0426 3.3072 0.1781, 5.109 3.3238 0.1909, 5.1702 3.3386 0.2184, 5.222 3.3549 0.2578, 5.2653 3.3712 0.3095, 5.2974 3.3878 0.373, 5.3132 3.4023 0.4441, 5.3116 3.4142 0.5164, 5.2921 3.4244 0.5896, 5.2513 3.4328 0.6587, 5.1919 3.4389 0.7158, 5.1201 3.4421 0.7545, 5.0396 3.4436 0.7727, 4.9532 3.4441 0.7681, 4.871 3.4446 0.7389, 4.8016 3.4442 0.6899, 4.7491 3.4414 0.6253, 4.715 3.441 0.5468, 4.7037 3.4419 0.4625, 4.7152 3.443 0.3819, 4.7459 3.4453 0.3109, 4.794 3.4503 0.2492, 4.855 3.4578 0.2023, 4.9225 3.467 0.1745, 4.9902 3.4776 0.1641, 5.0592 3.4908 0.169, 5.1249 3.5065 0.1896, 5.1829 3.5222 0.2232, 5.2299 3.5375 0.2668, 5.2675 3.552 0.3215, 5.292 3.5695 0.3852, 5.3013 3.5862 0.4533, 5.2955 3.6017 0.5209, 5.2726 3.6157 0.5885, 5.0168 2.9342 0.1803, 5.0859 2.951 0.1817, 5.1547 2.9677 0.1995, 5.2172 2.9815 0.2332, 5.2708 2.9934 0.2816, 5.314 3.0042 0.3461, 5.3392 3.0127 0.4226, 5.3432 3.0182 0.5032, 5.3259 3.0212 0.5818, 5.2855 3.0234 0.6565, 5.2247 3.024 0.7188, 5.1501 3.0241 0.7609, 5.0693 3.0231 0.7808, 4.9835 3.0211 0.7782, 4.9012 3.021 0.7518, 4.8314 3.0214 0.7055, 4.7796 3.022 0.6456, 4.7447 3.0249 0.5739, 4.7297 3.0303 0.4961, 4.7346 3.0374 0.4202, 4.7574 3.0459 0.3532, 4.7946 3.0571 0.2935, 4.8445 3.0708 0.2439, 4.9028 3.0862 0.2084, 4.9641 3.1012 0.1874, 5.0293 3.1169 0.1802, 5.0964 3.132 0.188, 5.1601 3.1493 0.2115, 5.216 3.1653 0.2479, 5.2639 3.181 0.2971, 5.3005 3.1956 0.3602, 5.3208 3.2084 0.4327, 5.3234 3.2187 0.5084, 5.3059 3.2261 0.5836, 5.2666 3.2321 0.6558, 5.2073 3.2362 0.7159, 5.1347 3.238 0.7571, 5.0542 3.2375 0.7775, 4.9677 3.2378 0.7745, 4.8844 3.2381 0.7475, 4.8136 3.2359 0.7, 4.7604 3.2345 0.6375, 4.7248 3.235 0.5615, 4.7113 3.2368 0.4792, 4.7199 3.2398 0.3997, 4.747 3.2439 0.3297, 4.7904 3.2509 0.2678, 4.8476 3.2606 0.22, 4.9116 3.2721 0.1887, 4.9767 3.2846 0.174, 5.0439 3.2996 0.1742, 5.1103 3.3157 0.189, 5.1706 3.332 0.218, 5.2211 3.3459 0.2583, 5.2623 3.3626 0.3102, 5.2919 3.3796 0.3729, 5.3067 3.3961 0.4422, 5.3046 3.4097 0.5124, 5.285 3.4218 0.5826, 5.2463 3.4328 0.6504, 5.1893 3.4412 0.7069, 5.1199 3.4464 0.7462, 5.0411 3.4496 0.766, 4.9558 3.4519 0.7631, 4.8731 3.4525 0.7365, 4.8028 3.4523 0.6891, 4.7485 3.4515 0.6255, 4.7123 3.4497 0.547, 4.6993 3.4495 0.4617, 4.7095 3.4497 0.3793, 4.7399 3.4503 0.306, 4.7888 3.4534 0.2423, 4.8517 3.4588 0.1942, 4.9213 3.4658 0.1649, 4.9913 3.4742 0.1554, 5.062 3.4856 0.162, 5.1287 3.4993 0.1845, 5.186 3.5146 0.2206, 5.232 3.5294 0.2659, 5.268 3.5454 0.3214, 5.291 3.5605 0.3851, 5.2984 3.5777 0.4523, 5.2909 3.5935 0.518, 5.268 3.6095 0.5835, 5.2277 3.6241 0.6445, 5.1797 3.6356 0.6903, 5.2245 3.6179 0.6385, 5.2643 3.6013 0.5795, 5.2884 3.5849 0.5163, 5.2974 3.5687 0.4519, 5.2915 3.5539 0.3852, 5.2703 3.5373 0.321, 5.2357 3.5218 0.2641, 5.191 3.5074 0.2166, 5.1332 3.4941 0.1784, 5.0652 3.4822 0.1537, 4.9924 3.473 0.1458, 4.9202 3.4667 0.1563, 4.8485 3.4619 0.1861, 4.7842 3.4584 0.2361, 4.7349 3.4569 0.3021, 4.7054 3.4573 0.3774, 4.6966 3.4581 0.4612, 4.7117 3.4597 0.547, 4.7499 3.4597 0.6251, 4.8055 3.4602 0.6873, 4.8768 3.4603 0.7324, 4.9589 3.4579 0.7571, 5.043 3.4539 0.7579, 5.1196 3.4487 0.7369, 5.1867 3.4411 0.6975, 5.2413 3.4302 0.6419, 5.2793 3.4173 0.577, 5.2988 3.4035 0.5089, 5.3015 3.3879 0.4406, 5.2889 3.371 0.3728, 5.2613 3.3536 0.3105, 5.2216 3.3393 0.258, 5.1723 3.3239 0.2165, 5.1125 3.3081 0.1855, 5.046 3.2924 0.1681, 4.9773 3.2793 0.1665, 4.9101 3.2687 0.18, 4.8435 3.2594 0.2112, 4.7849 3.2519 0.2611, 4.74 3.247 0.3245, 4.7127 3.2448 0.3968, 4.705 3.2434 0.4784, 4.7204 3.2426 0.5621, 4.7579 3.2431 0.6386, 4.8132 3.246 0.7003, 4.8853 3.2462 0.7464, 4.9691 3.2457 0.7716, 5.0552 3.2453 0.7721, 5.1342 3.2439 0.7503, 5.2047 3.2405 0.708, 5.2614 3.2344 0.648, 5.2987 3.226 0.5772, 5.3146 3.216 0.5038, 5.3129 3.204 0.4308, 5.2937 3.1894 0.3604, 5.2586 3.1728 0.2986, 5.2133 3.1567 0.2494, 5.1594 3.1403 0.2122, 5.0967 3.1253 0.1876, 5.0299 3.1089 0.178, 4.9642 3.0936 0.1833, 4.9014 3.079 0.2022, 4.841 3.0655 0.2372, 4.7887 3.0537 0.2869, 4.7493 3.0447 0.3479, 4.7264 3.0384 0.4173, 4.7211 3.0333 0.4954, 4.7371 3.0299 0.5752, 4.7739 3.0286 0.6482, 4.8279 3.029 0.7083, 4.8996 3.0296 0.7539, 4.9833 3.0312 0.7787, 5.0695 3.0313 0.7794, 5.1497 3.032 0.7577, 5.2227 3.0318 0.7136, 5.2815 3.0293 0.651, 5.3194 3.0255 0.5766, 5.3348 3.0205 0.4992, 5.3296 3.0127 0.4208, 5.3041 3.0016 0.3469, 5.2631 2.9889 0.2842, 5.2115 2.9753 0.2369, 5.151 2.9594 0.2035, 5.0844 2.9425 0.1844, 5.1489 2.9509 0.2057, 5.2069 2.9671 0.2398, 5.2567 2.9827 0.2864, 5.2961 2.9971 0.3474, 5.3199 3.01 0.419, 5.326 3.0205 0.4951, 5.3122 3.0278 0.5707, 5.2766 3.0337 0.6443, 5.2202 3.0378 0.7072, 5.149 3.0398 0.7522, 5.0699 3.0392 0.7762, 4.9838 3.0394 0.7774, 4.8992 3.0397 0.7544, 4.8258 3.0377 0.71, 4.7698 3.0362 0.6501, 4.7309 3.0366 0.5763, 4.7134 3.0384 0.4948, 4.7182 3.0415 0.4145, 4.7421 3.0457 0.3431, 4.7822 3.0525 0.2798, 4.837 3.0621 0.2293, 4.8997 3.0738 0.1948, 4.9644 3.0864 0.177, 5.031 3.1012 0.174, 5.0979 3.1173 0.1856, 5.1598 3.1337 0.2118, 5.2124 3.1477 0.25, 5.2557 3.1643 0.2995, 5.2882 3.1811 0.3605, 5.3063 3.1978 0.4292, 5.3075 3.2116 0.5, 5.2914 3.2234 0.5706, 5.2561 3.2343 0.6399, 5.2017 3.2428 0.6992, 5.1336 3.2483 0.742, 5.0564 3.2512 0.7653, 4.9714 3.2535 0.7666, 4.8874 3.2541 0.744, 4.8143 3.2541 0.6995, 4.7574 3.2532 0.6388, 4.7177 3.2512 0.5625, 4.7005 3.2511 0.4778, 4.7068 3.2515 0.3944, 4.7338 3.252 0.32, 4.7794 3.255 0.2544, 4.8399 3.2604 0.2033, 4.9084 3.2675 0.1705, 4.9779 3.2759 0.1577, 5.0484 3.2872 0.161, 5.1161 3.3009 0.1802, 5.1754 3.3163 0.2137, 5.2236 3.3312 0.2569, 5.2619 3.347 0.3103, 5.2878 3.3621 0.3728, 5.2985 3.3793 0.4398, 5.2941 3.3953 0.5062, 5.2745 3.4111 0.5722, 5.2372 3.4257 0.6349, 5.184 3.4385 0.688, 5.1193 3.4487 0.7272, 5.045 3.4562 0.7488, 4.9628 3.4622 0.7497, 4.8814 3.4663 0.7274, 4.8101 3.468 0.6843, 4.7529 3.4675 0.624, 4.7132 3.4679 0.5469, 4.696 3.4682 0.4611, 4.703 3.466 0.3763, 4.7314 3.4645 0.2993, 4.7804 3.4651 0.231, 4.8456 3.4669 0.1789, 4.9191 3.4698 0.1476, 4.9935 3.4739 0.1371, 5.0687 3.481 0.1448, 5.1384 3.4907 0.1712, 5.1968 3.5022 0.2118, 5.2415 3.5146 0.2614, 5.2743 3.5297 0.3202, 5.2938 3.5458 0.3854, 5.2979 3.5621 0.4521, 5.2875 3.5759 0.5157, 5.2623 3.5927 0.5772, 5.222 3.6097 0.6337, 5.0954 3.6356 0.7097, 5.1069 3.6335 0.7061, 5.1676 3.6179 0.6751, 5.2206 3.6011 0.631, 5.2616 3.5837 0.5765, 5.2879 3.5693 0.516, 5.3001 3.554 0.4528, 5.2979 3.5382 0.3857, 5.2806 3.5225 0.319, 5.2484 3.5094 0.2582, 5.2037 3.4987 0.2062, 5.1441 3.4895 0.1635, 5.0719 3.482 0.1366, 4.9945 3.477 0.1285, 4.9181 3.4748 0.14, 4.8433 3.4735 0.173, 4.7778 3.4727 0.2274, 4.7293 3.4732 0.2976, 4.7024 3.476 0.376, 4.6974 3.4763 0.4613, 4.7164 3.4758 0.5467, 4.7581 3.4753 0.6222, 4.8158 3.474 0.6805, 4.887 3.4706 0.7213, 4.9671 3.4645 0.7414, 5.0471 3.4561 0.7394, 5.1191 3.4461 0.7174, 5.1818 3.434 0.6803, 5.2338 3.4195 0.6291, 5.2706 3.4029 0.5683, 5.2914 3.3867 0.5046, 5.2975 3.3704 0.4395, 5.2884 3.3554 0.3728, 5.2641 3.3389 0.3098, 5.2272 3.3236 0.255, 5.1801 3.3091 0.2095, 5.1202 3.2956 0.1739, 5.0512 3.2838 0.1526, 4.9786 3.2747 0.148, 4.9069 3.2685 0.1619, 4.8363 3.2634 0.1954, 4.7745 3.26 0.2484, 4.7286 3.2587 0.3162, 4.7027 3.2591 0.3927, 4.6979 3.2597 0.4774, 4.7171 3.2613 0.5625, 4.7587 3.2614 0.6382, 4.8169 3.262 0.6976, 4.8909 3.2619 0.7397, 4.9742 3.2594 0.7604, 5.0578 3.2555 0.7572, 5.1329 3.2506 0.7327, 5.1986 3.2427 0.69, 5.2507 3.2317 0.6316, 5.2854 3.219 0.5652, 5.3015 3.2054 0.4969, 5.301 3.1895 0.4279, 5.2851 3.1726 0.3606, 5.2547 3.1553 0.2998, 5.2129 3.1411 0.2497, 5.1614 3.1256 0.2102, 5.0999 3.1096 0.1821, 5.0328 3.094 0.1679, 4.9646 3.0811 0.1694, 4.8978 3.0704 0.1862, 4.8325 3.0609 0.2207, 4.7764 3.0535 0.2733, 4.7348 3.0488 0.3383, 4.7109 3.0465 0.4119, 4.707 3.045 0.4942, 4.7265 3.0442 0.5771, 4.7673 3.0449 0.6512, 4.8253 3.0477 0.7103, 4.9001 3.0478 0.7533, 4.985 3.0472 0.7744, 5.0706 3.047 0.7707, 5.1482 3.0457 0.7454, 5.2172 3.0421 0.6995, 5.2711 3.0359 0.6368, 5.3047 3.0277 0.5645, 5.3171 3.0179 0.4909, 5.312 3.0056 0.4175, 5.2893 2.9909 0.3479, 5.2515 2.9745 0.2882, 5.2043 2.9586 0.2415, 5.2486 2.9659 0.2892, 5.2839 2.9827 0.3483, 5.3053 2.9994 0.4162, 5.3098 3.0134 0.4875, 5.2971 3.0251 0.5583, 5.2654 3.0359 0.6289, 5.2138 3.0444 0.6908, 5.1472 3.05 0.7371, 5.0715 3.0529 0.7639, 4.9871 3.055 0.7693, 4.902 3.0557 0.7507, 4.8264 3.0559 0.7094, 4.7668 3.0549 0.6515, 4.7238 3.0528 0.5776, 4.7026 3.0526 0.4939, 4.7049 3.0532 0.4098, 4.7283 3.0538 0.334, 4.7706 3.0566 0.2669, 4.8285 3.0619 0.213, 4.8957 3.0692 0.1768, 4.9649 3.0777 0.1606, 5.0348 3.0888 0.1606, 5.1032 3.1024 0.1766, 5.1643 3.118 0.2073, 5.2149 3.133 0.2485, 5.2552 3.1487 0.2996, 5.2841 3.1636 0.3606, 5.298 3.181 0.4272, 5.2966 3.1971 0.4943, 5.2803 3.2128 0.5606, 5.2463 3.2272 0.6249, 5.1955 3.2401 0.6806, 5.1322 3.2505 0.7231, 5.0594 3.2578 0.748, 4.9777 3.2637 0.7528, 4.8952 3.2679 0.7344, 4.8214 3.2698 0.6943, 4.7617 3.2692 0.637, 4.7185 3.2695 0.5624, 4.6973 3.2698 0.4773, 4.7002 3.2677 0.3917, 4.725 3.2663 0.3136, 4.7704 3.2667 0.2435, 4.8331 3.2685 0.1883, 4.9054 3.2716 0.1534, 4.9793 3.2757 0.1393, 5.0543 3.2826 0.1435, 5.1251 3.2922 0.1665, 5.1858 3.3039 0.2044, 5.2329 3.3164 0.2521, 5.2681 3.3313 0.3089, 5.2907 3.3474 0.3729, 5.2981 3.3637 0.4396, 5.2905 3.3778 0.5041, 5.2684 3.3943 0.5662, 5.231 3.4112 0.6244, 5.1799 3.4278 0.6737, 5.1189 3.4416 0.7093, 5.0493 3.4535 0.7297, 4.9715 3.4644 0.7328, 4.8933 3.4729 0.7143, 4.8227 3.4783 0.6759, 4.7646 3.4813 0.6199, 4.7219 3.4836 0.5462, 4.7006 3.4842 0.4619, 4.7037 3.4842 0.3766, 4.7289 3.4833 0.2972, 4.7761 3.4813 0.2252, 4.8416 3.4812 0.1689, 4.9173 3.4815 0.1337, 4.9954 3.4821 0.1208, 5.0751 3.4851 0.1285, 5.1492 3.4904 0.1564, 5.2112 3.4975 0.2001, 5.2563 3.506 0.2545, 5.288 3.5173 0.3177, 5.3042 3.531 0.3861, 5.304 3.5464 0.4542, 5.2899 3.5612 0.5173, 5.2619 3.5771 0.5769, 5.2201 3.5922 0.6301, 5.1669 3.6094 0.6721, 5.0408 3.6356 0.7111, 5.0411 3.633 0.7105, 5.107 3.6168 0.6975, 5.1667 3.6004 0.6711, 5.2203 3.5855 0.6306, 5.2635 3.569 0.5786, 5.2933 3.5536 0.5195, 5.31 3.5391 0.4562, 5.3118 3.5257 0.3867, 5.2967 3.5139 0.316, 5.2651 3.5048 0.2504, 5.2179 3.4985 0.1946, 5.1544 3.4935 0.1494, 5.0779 3.4901 0.1213, 4.9962 3.4887 0.1145, 4.9168 3.4891 0.1293, 4.8406 3.4898 0.1664, 4.7758 3.4914 0.2247, 4.73 3.4914 0.2981, 4.7066 3.4921 0.378, 4.7061 3.492 0.4629, 4.7287 3.4895 0.5457, 4.7724 3.4856 0.6172, 4.8305 3.4806 0.6708, 4.8998 3.4728 0.7072, 4.9761 3.4618 0.7241, 5.0511 3.449 0.7219, 5.1187 3.4354 0.7025, 5.1784 3.4196 0.6685, 5.2294 3.4027 0.6217, 5.2676 3.3854 0.5654, 5.291 3.3711 0.5044, 5.3003 3.3556 0.4403, 5.2948 3.3397 0.373, 5.2743 3.3241 0.3074, 5.2396 3.3112 0.2485, 5.1924 3.3004 0.1985, 5.1304 3.291 0.1585, 5.0571 3.2836 0.1352, 4.9799 3.2788 0.1307, 4.9041 3.2766 0.1457, 4.8305 3.2751 0.1826, 4.7676 3.2743 0.24, 4.7228 3.2749 0.312, 4.6996 3.2778 0.3915, 4.6987 3.2779 0.4775, 4.7217 3.2773 0.5619, 4.7668 3.277 0.635, 4.8269 3.2758 0.6903, 4.9005 3.2722 0.728, 4.9816 3.266 0.7444, 5.0611 3.2578 0.7384, 5.1315 3.2479 0.7132, 5.1929 3.2357 0.673, 5.2425 3.221 0.6192, 5.2762 3.2045 0.557, 5.2939 3.1886 0.4929, 5.297 3.172 0.427, 5.2846 3.157 0.3606, 5.2574 3.1406 0.299, 5.2184 3.1254 0.2465, 5.1689 3.1108 0.2028, 5.1071 3.0972 0.1701, 5.0372 3.0854 0.1521, 4.9651 3.0765 0.1509, 4.8938 3.0702 0.1683, 4.8245 3.065 0.2052, 4.7654 3.0616 0.2611, 4.7231 3.0604 0.3305, 4.7007 3.0608 0.4083, 4.6999 3.0613 0.4936, 4.7232 3.0629 0.5777, 4.7681 3.0631 0.6509, 4.829 3.0638 0.7074, 4.9053 3.0635 0.7463, 4.9896 3.061 0.7629, 5.0725 3.0573 0.7557, 5.1461 3.0523 0.7279, 5.2103 3.0443 0.6818, 5.2595 3.0333 0.621, 5.2908 3.0206 0.5532, 5.3036 3.0072 0.4846, 5.3 2.9911 0.4152, 5.2808 2.9742 0.3485, 5.2969 2.9826 0.4146, 5.2987 2.9989 0.4823, 5.2856 3.0144 0.5489, 5.2548 3.0288 0.6144, 5.2067 3.0417 0.6726, 5.145 3.0523 0.7183, 5.0737 3.0595 0.7465, 4.9927 3.0653 0.7552, 4.9094 3.0695 0.7408, 4.8333 3.0716 0.704, 4.771 3.071 0.6495, 4.7246 3.071 0.5775, 4.6993 3.0713 0.4936, 4.6981 3.0694 0.4074, 4.7193 3.068 0.3281, 4.7611 3.0682 0.2564, 4.821 3.07 0.1984, 4.8919 3.0733 0.1598, 4.9653 3.0775 0.1422, 5.0399 3.0842 0.1429, 5.1116 3.0938 0.1625, 5.1743 3.1055 0.1975, 5.2239 3.1182 0.2432, 5.2614 3.133 0.2979, 5.2869 3.1489 0.3605, 5.2976 3.1654 0.4271, 5.293 3.1796 0.4924, 5.2739 3.196 0.5549, 5.2395 3.2128 0.6147, 5.1908 3.2295 0.6665, 5.1309 3.2434 0.7052, 5.0628 3.2552 0.7287, 4.9856 3.266 0.7356, 4.9064 3.2745 0.7208, 4.8336 3.2801 0.6854, 4.7732 3.283 0.6324, 4.7272 3.2851 0.5612, 4.7019 3.2858 0.478, 4.701 3.2859 0.392, 4.7223 3.285 0.3117, 4.7659 3.2829 0.2379, 4.8286 3.2827 0.1785, 4.903 3.2832 0.1395, 4.9805 3.2838 0.123, 5.0599 3.2867 0.1269, 5.1352 3.292 0.1512, 5.1995 3.2992 0.1921, 5.2474 3.3077 0.2444, 5.2816 3.3189 0.3056, 5.3011 3.3325 0.3731, 5.3042 3.348 0.4414, 5.293 3.3631 0.5055, 5.268 3.3787 0.5658, 5.2289 3.3937 0.6208, 5.1776 3.4111 0.6655, 5.1185 3.4272 0.697, 5.0526 3.4428 0.7152, 4.9798 3.4573 0.7169, 4.9064 3.4702 0.6998, 4.8386 3.4805 0.6655, 4.7812 3.4879 0.6141, 4.737 3.4938 0.545, 4.7128 3.498 0.4641, 4.7117 3.4999 0.3803, 4.7325 3.4993 0.3001, 4.7766 3.4996 0.2259, 4.8404 3.4999 0.1658, 4.9164 3.4978 0.1266, 4.9967 3.4963 0.1101, 5.0802 3.4967 0.1154, 5.159 3.4986 0.1432, 5.2247 3.5016 0.1891, 5.273 3.5057 0.2467, 5.3061 3.5127 0.3143, 5.3206 3.5223 0.3873, 5.3172 3.5339 0.4587, 5.2987 3.5464 0.523, 5.2663 3.5614 0.5816, 5.2214 3.5775 0.6326, 5.1668 3.5938 0.6716, 5.107 3.6078 0.6965, 4.974 3.6356 0.7011, 4.9743 3.6328 0.7007, 5.0422 3.6154 0.7065, 5.107 3.6012 0.697, 5.1673 3.5857 0.6738, 5.2233 3.5698 0.6362, 5.2706 3.5542 0.5863, 5.305 3.5412 0.5271, 5.3255 3.5305 0.4615, 5.3302 3.5211 0.388, 5.3147 3.5137 0.3126, 5.2809 3.5088 0.243, 5.2307 3.5066 0.1842, 5.1627 3.5052 0.138, 5.0819 3.5044 0.1113, 4.997 3.505 0.1074, 4.9163 3.5078 0.126, 4.8409 3.508 0.1671, 4.7786 3.5074 0.2285, 4.7368 3.5071 0.3036, 4.7179 3.5058 0.3831, 4.7209 3.5023 0.4656, 4.7463 3.4961 0.5443, 4.7903 3.4879 0.6109, 4.8468 3.4779 0.66, 4.9118 3.4657 0.6939, 4.9829 3.4511 0.7109, 5.0538 3.4346 0.7099, 5.1185 3.4186 0.694, 5.1773 3.4021 0.6645, 5.2292 3.3871 0.6213, 5.2697 3.3706 0.5674, 5.2965 3.3554 0.5076, 5.3103 3.3408 0.4432, 5.3087 3.3273 0.3733, 5.2902 3.3155 0.3036, 5.2559 3.3065 0.2399, 5.206 3.3002 0.1863, 5.14 3.2951 0.1439, 5.0623 3.2917 0.1196, 4.9809 3.2905 0.1166, 4.9022 3.2908 0.1351, 4.8275 3.2914 0.176, 4.7655 3.293 0.2375, 4.7235 3.2931 0.3125, 4.7039 3.2938 0.3932, 4.7074 3.2936 0.4787, 4.734 3.2911 0.5604, 4.7808 3.2873 0.6293, 4.8412 3.2824 0.6799, 4.9126 3.2744 0.7133, 4.9897 3.2634 0.7266, 5.0642 3.2507 0.7208, 5.1304 3.2372 0.6984, 5.189 3.2212 0.6613, 5.2378 3.2043 0.6121, 5.2732 3.187 0.5542, 5.2935 3.173 0.4927, 5.2998 3.1573 0.4276, 5.291 3.1413 0.3604, 5.2675 3.1257 0.2961, 5.2305 3.113 0.2394, 5.1806 3.1021 0.1913, 5.1165 3.0926 0.1542, 5.0423 3.0852 0.1345, 4.9656 3.0806 0.1335, 4.8902 3.0783 0.1522, 4.8181 3.0767 0.1927, 4.7581 3.0759 0.2531, 4.7171 3.0767 0.3266, 4.6976 3.0795 0.4072, 4.7007 3.0795 0.4937, 4.7278 3.0789 0.5769, 4.776 3.0788 0.6472, 4.8386 3.0775 0.6997, 4.9143 3.0738 0.7341, 4.9962 3.0676 0.7466, 5.0749 3.0595 0.7369, 5.1438 3.0497 0.7084, 5.2038 3.0373 0.6651, 5.2508 3.0226 0.609, 5.2813 3.0062 0.5454, 5.2959 2.9904 0.481, 5.1364 2.0313 0.6845
            ]
        }
        coordIndex [
            0,1,2,-1,0,2,3,-1,3,2,4,-1,3,4,5,-1,6,7,4,-1,4,7,8,-1,4,8,5,-1,9,10,11,-1,6,4,12,-1,12,4,13,-1,12,13,11,-1,11,13,14,-1,11,14,9,-1,15,3,5,-1,16,9,14,-1,17,18,19,-1,20,21,22,-1,23,24,25,-1,26,27,28,-1,29,30,31,-1,32,33,34,-1,35,36,37,-1,38,39,40,-1,40,39,41,-1,42,43,44,-1,44,43,45,-1,46,47,48,-1,48,47,49,-1,0,3,50,-1,50,3,15,-1,50,15,49,-1,51,52,53,-1,53,52,54,-1,53,54,55,-1,56,57,58,-1,58,57,59,-1,58,59,36,-1,36,59,60,-1,36,60,37,-1,61,62,63,-1,63,64,61,-1,61,64,65,-1,61,65,66,-1,67,68,34,-1,34,68,69,-1,69,70,34,-1,34,70,71,-1,34,71,32,-1,72,73,74,-1,74,73,75,-1,76,77,78,-1,79,80,81,-1,82,83,84,-1,85,86,87,-1,88,89,90,-1,1,91,92,-1,93,94,95,-1,96,97,98,-1,99,100,101,-1,102,103,104,-1,105,106,107,-1,107,106,108,-1,109,110,111,-1,112,113,111,-1,111,113,114,-1,111,114,115,-1,115,116,111,-1,111,116,117,-1,111,117,118,-1,118,119,111,-1,111,119,120,-1,111,120,121,-1,121,122,111,-1,111,122,123,-1,111,123,109,-1,124,125,126,-1,125,127,126,-1,126,127,128,-1,126,128,129,-1,130,131,132,-1,132,131,133,-1,132,133,134,-1,130,135,136,-1,136,135,137,-1,138,139,140,-1,140,139,141,-1,140,141,142,-1,142,141,143,-1,144,145,146,-1,146,145,147,-1,146,147,148,-1,149,150,151,-1,151,150,152,-1,151,152,153,-1,154,155,156,-1,156,155,157,-1,156,157,158,-1,159,160,154,-1,154,160,161,-1,154,161,155,-1,155,161,162,-1,155,162,157,-1,27,163,28,-1,28,163,164,-1,28,164,159,-1,165,26,166,-1,24,167,166,-1,166,167,168,-1,166,168,165,-1,169,170,25,-1,25,170,171,-1,25,171,23,-1,172,173,22,-1,22,173,174,-1,22,174,20,-1,175,176,177,-1,177,176,178,-1,177,178,179,-1,179,180,177,-1,177,180,181,-1,177,181,182,-1,182,183,177,-1,177,183,184,-1,177,184,172,-1,185,186,187,-1,187,188,185,-1,185,188,189,-1,185,189,190,-1,191,192,193,-1,194,195,196,-1,18,17,197,-1,198,199,200,-1,200,199,201,-1,202,203,204,-1,205,206,207,-1,208,209,210,-1,210,211,208,-1,208,211,206,-1,208,206,212,-1,212,206,205,-1,212,205,213,-1,213,205,214,-1,213,214,215,-1,215,214,216,-1,215,216,217,-1,217,216,218,-1,217,218,219,-1,219,218,220,-1,219,220,221,-1,221,220,222,-1,221,222,223,-1,223,222,224,-1,223,224,225,-1,225,224,226,-1,225,226,227,-1,227,226,228,-1,227,228,229,-1,229,228,230,-1,229,230,231,-1,231,230,232,-1,231,232,233,-1,233,232,234,-1,233,234,235,-1,235,234,236,-1,235,236,237,-1,237,236,238,-1,237,238,239,-1,239,238,240,-1,239,240,241,-1,241,240,242,-1,241,242,243,-1,243,242,244,-1,243,244,245,-1,245,244,246,-1,245,246,247,-1,247,246,248,-1,247,248,249,-1,249,248,250,-1,249,250,251,-1,251,250,252,-1,251,252,253,-1,253,252,254,-1,253,254,255,-1,255,254,256,-1,255,256,257,-1,257,256,258,-1,257,258,259,-1,259,258,260,-1,259,260,261,-1,261,260,262,-1,261,262,263,-1,263,262,264,-1,263,264,265,-1,265,264,266,-1,265,266,267,-1,267,266,268,-1,267,268,269,-1,269,268,270,-1,269,270,271,-1,271,270,272,-1,271,272,273,-1,273,272,274,-1,273,274,275,-1,275,274,276,-1,275,276,277,-1,277,276,278,-1,277,278,279,-1,279,278,280,-1,279,280,281,-1,281,280,282,-1,281,282,283,-1,283,282,284,-1,283,284,285,-1,285,284,286,-1,285,286,287,-1,287,286,288,-1,287,288,289,-1,289,288,290,-1,289,290,291,-1,291,290,292,-1,291,292,293,-1,293,292,294,-1,293,294,295,-1,295,294,296,-1,295,296,297,-1,297,296,298,-1,297,298,299,-1,299,298,300,-1,299,300,301,-1,301,300,302,-1,301,302,303,-1,303,302,304,-1,303,304,305,-1,305,304,306,-1,305,306,307,-1,307,306,308,-1,307,308,309,-1,309,308,310,-1,309,310,311,-1,311,310,312,-1,311,312,313,-1,313,312,314,-1,313,314,315,-1,315,314,316,-1,315,316,317,-1,317,316,318,-1,317,318,319,-1,319,318,320,-1,319,320,321,-1,321,320,322,-1,321,322,323,-1,323,322,324,-1,323,324,325,-1,325,324,326,-1,325,326,327,-1,327,326,328,-1,327,328,329,-1,329,328,330,-1,329,330,331,-1,331,330,332,-1,331,332,333,-1,333,332,334,-1,333,334,335,-1,335,334,336,-1,335,336,337,-1,337,336,338,-1,337,338,339,-1,339,338,340,-1,339,340,341,-1,341,340,342,-1,341,342,343,-1,343,342,344,-1,343,344,345,-1,345,344,346,-1,345,346,347,-1,347,346,348,-1,347,348,349,-1,349,348,350,-1,349,350,351,-1,351,350,352,-1,351,352,353,-1,353,352,354,-1,353,354,355,-1,355,354,356,-1,355,356,357,-1,357,356,358,-1,357,358,359,-1,359,358,360,-1,359,360,361,-1,361,360,362,-1,361,362,363,-1,363,362,364,-1,363,364,365,-1,365,364,366,-1,365,366,367,-1,367,366,368,-1,367,368,369,-1,369,368,370,-1,369,370,371,-1,371,370,372,-1,371,372,373,-1,373,372,374,-1,373,374,375,-1,375,374,376,-1,375,376,377,-1,377,376,378,-1,377,378,379,-1,379,378,380,-1,379,380,381,-1,381,380,382,-1,381,382,383,-1,383,382,384,-1,383,384,385,-1,385,384,386,-1,385,386,387,-1,387,386,388,-1,387,388,389,-1,389,388,390,-1,389,390,391,-1,391,390,392,-1,391,392,393,-1,393,392,394,-1,393,394,395,-1,395,394,396,-1,395,396,397,-1,397,396,398,-1,397,398,399,-1,399,398,400,-1,399,400,401,-1,401,400,402,-1,401,402,403,-1,403,402,404,-1,403,404,405,-1,405,404,406,-1,405,406,407,-1,407,406,408,-1,407,408,409,-1,409,408,410,-1,409,410,411,-1,411,410,412,-1,411,412,413,-1,413,412,414,-1,413,414,415,-1,415,414,416,-1,415,416,417,-1,417,416,418,-1,417,418,419,-1,419,418,420,-1,419,420,421,-1,421,420,422,-1,421,422,423,-1,423,422,424,-1,423,424,425,-1,425,424,426,-1,425,426,427,-1,427,426,428,-1,427,428,429,-1,429,428,430,-1,429,430,431,-1,431,430,432,-1,431,432,433,-1,433,432,434,-1,433,434,435,-1,435,434,436,-1,435,436,437,-1,437,436,438,-1,437,438,439,-1,439,438,440,-1,439,440,441,-1,441,440,442,-1,441,442,443,-1,443,442,444,-1,443,444,445,-1,445,444,446,-1,445,446,447,-1,447,446,448,-1,447,448,449,-1,449,448,450,-1,449,450,451,-1,451,450,452,-1,451,452,453,-1,453,452,454,-1,453,454,455,-1,455,454,456,-1,455,456,457,-1,457,456,458,-1,457,458,459,-1,459,458,460,-1,459,460,461,-1,207,462,205,-1,205,462,203,-1,205,203,214,-1,214,203,202,-1,214,202,216,-1,216,202,463,-1,216,463,218,-1,218,463,464,-1,218,464,220,-1,220,464,465,-1,220,465,222,-1,222,465,466,-1,222,466,224,-1,224,466,467,-1,224,467,226,-1,226,467,468,-1,226,468,228,-1,228,468,469,-1,228,469,230,-1,230,469,470,-1,230,470,232,-1,232,470,471,-1,232,471,234,-1,234,471,472,-1,234,472,236,-1,236,472,473,-1,236,473,238,-1,238,473,474,-1,238,474,240,-1,240,474,475,-1,240,475,242,-1,242,475,476,-1,242,476,244,-1,244,476,477,-1,244,477,246,-1,246,477,478,-1,246,478,248,-1,248,478,479,-1,248,479,250,-1,250,479,480,-1,250,480,252,-1,252,480,481,-1,252,481,254,-1,254,481,482,-1,254,482,256,-1,256,482,483,-1,256,483,258,-1,258,483,484,-1,258,484,260,-1,260,484,485,-1,260,485,262,-1,262,485,486,-1,262,486,264,-1,264,486,487,-1,264,487,266,-1,266,487,488,-1,266,488,268,-1,268,488,489,-1,268,489,270,-1,270,489,490,-1,270,490,272,-1,272,490,491,-1,272,491,274,-1,274,491,492,-1,274,492,276,-1,276,492,493,-1,276,493,278,-1,278,493,494,-1,278,494,280,-1,280,494,495,-1,280,495,282,-1,282,495,496,-1,282,496,284,-1,284,496,497,-1,284,497,286,-1,286,497,498,-1,286,498,288,-1,288,498,499,-1,288,499,290,-1,290,499,500,-1,290,500,292,-1,292,500,501,-1,292,501,294,-1,294,501,502,-1,294,502,296,-1,296,502,503,-1,296,503,298,-1,298,503,504,-1,298,504,300,-1,300,504,505,-1,300,505,302,-1,302,505,506,-1,302,506,304,-1,304,506,507,-1,304,507,306,-1,306,507,508,-1,306,508,308,-1,308,508,509,-1,308,509,310,-1,310,509,510,-1,310,510,312,-1,312,510,511,-1,312,511,314,-1,314,511,512,-1,314,512,316,-1,316,512,513,-1,316,513,318,-1,318,513,514,-1,318,514,320,-1,320,514,515,-1,320,515,322,-1,322,515,516,-1,322,516,324,-1,324,516,517,-1,324,517,326,-1,326,517,518,-1,326,518,328,-1,328,518,519,-1,328,519,330,-1,330,519,520,-1,330,520,332,-1,332,520,521,-1,332,521,334,-1,334,521,522,-1,334,522,336,-1,336,522,523,-1,336,523,338,-1,338,523,524,-1,338,524,340,-1,340,524,525,-1,340,525,342,-1,342,525,526,-1,342,526,344,-1,344,526,527,-1,344,527,346,-1,346,527,528,-1,346,528,348,-1,348,528,529,-1,348,529,350,-1,350,529,530,-1,350,530,352,-1,352,530,531,-1,352,531,354,-1,354,531,532,-1,354,532,356,-1,356,532,533,-1,356,533,358,-1,358,533,534,-1,358,534,360,-1,360,534,535,-1,360,535,362,-1,362,535,536,-1,362,536,364,-1,364,536,537,-1,364,537,366,-1,366,537,538,-1,366,538,368,-1,368,538,539,-1,368,539,370,-1,370,539,540,-1,370,540,372,-1,372,540,541,-1,372,541,374,-1,374,541,542,-1,374,542,376,-1,376,542,543,-1,376,543,378,-1,378,543,544,-1,378,544,380,-1,380,544,545,-1,380,545,382,-1,382,545,546,-1,382,546,384,-1,384,546,547,-1,384,547,386,-1,386,547,548,-1,386,548,388,-1,388,548,549,-1,388,549,390,-1,390,549,550,-1,390,550,392,-1,392,550,551,-1,392,551,394,-1,394,551,552,-1,394,552,396,-1,396,552,553,-1,396,553,398,-1,398,553,554,-1,398,554,400,-1,400,554,555,-1,400,555,402,-1,402,555,556,-1,402,556,404,-1,404,556,557,-1,404,557,406,-1,406,557,558,-1,406,558,408,-1,408,558,559,-1,408,559,410,-1,410,559,560,-1,410,560,412,-1,412,560,561,-1,412,561,414,-1,414,561,562,-1,414,562,416,-1,416,562,563,-1,416,563,418,-1,418,563,564,-1,418,564,420,-1,420,564,565,-1,420,565,422,-1,422,565,566,-1,422,566,424,-1,424,566,567,-1,424,567,426,-1,426,567,568,-1,426,568,428,-1,428,568,569,-1,428,569,430,-1,430,569,570,-1,430,570,432,-1,432,570,571,-1,432,571,434,-1,434,571,572,-1,434,572,436,-1,436,572,573,-1,436,573,438,-1,438,573,574,-1,438,574,440,-1,440,574,575,-1,440,575,442,-1,442,575,576,-1,442,576,444,-1,444,576,577,-1,444,577,446,-1,446,577,578,-1,446,578,448,-1,448,578,579,-1,448,579,450,-1,450,579,580,-1,450,580,452,-1,452,580,581,-1,452,581,454,-1,454,581,582,-1,454,582,456,-1,456,582,583,-1,456,583,458,-1,458,583,584,-1,458,584,460,-1,204,585,202,-1,202,585,201,-1,202,201,463,-1,463,201,199,-1,463,199,464,-1,464,199,586,-1,464,586,465,-1,465,586,587,-1,465,587,466,-1,466,587,588,-1,466,588,467,-1,467,588,589,-1,467,589,468,-1,468,589,590,-1,468,590,469,-1,469,590,591,-1,469,591,470,-1,470,591,592,-1,470,592,471,-1,471,592,593,-1,471,593,472,-1,472,593,594,-1,472,594,473,-1,473,594,595,-1,473,595,474,-1,474,595,596,-1,474,596,475,-1,475,596,597,-1,475,597,476,-1,476,597,598,-1,476,598,477,-1,477,598,599,-1,477,599,478,-1,478,599,600,-1,478,600,479,-1,479,600,601,-1,479,601,480,-1,480,601,602,-1,480,602,481,-1,481,602,603,-1,481,603,482,-1,482,603,604,-1,482,604,483,-1,483,604,605,-1,483,605,484,-1,484,605,606,-1,484,606,485,-1,485,606,607,-1,485,607,486,-1,486,607,608,-1,486,608,487,-1,487,608,609,-1,487,609,488,-1,488,609,610,-1,488,610,489,-1,489,610,611,-1,489,611,490,-1,490,611,612,-1,490,612,491,-1,491,612,613,-1,491,613,492,-1,492,613,614,-1,492,614,493,-1,493,614,615,-1,493,615,494,-1,494,615,616,-1,494,616,495,-1,495,616,617,-1,495,617,496,-1,496,617,618,-1,496,618,497,-1,497,618,619,-1,497,619,498,-1,498,619,620,-1,498,620,499,-1,499,620,621,-1,499,621,500,-1,500,621,622,-1,500,622,501,-1,501,622,623,-1,501,623,502,-1,502,623,624,-1,502,624,503,-1,503,624,625,-1,503,625,504,-1,504,625,626,-1,504,626,505,-1,505,626,627,-1,505,627,506,-1,506,627,628,-1,506,628,507,-1,507,628,629,-1,507,629,508,-1,508,629,630,-1,508,630,509,-1,509,630,631,-1,509,631,510,-1,510,631,632,-1,510,632,511,-1,511,632,633,-1,511,633,512,-1,512,633,634,-1,512,634,513,-1,513,634,635,-1,513,635,514,-1,514,635,636,-1,514,636,515,-1,515,636,637,-1,515,637,516,-1,516,637,638,-1,516,638,517,-1,517,638,639,-1,517,639,518,-1,518,639,640,-1,518,640,519,-1,519,640,641,-1,519,641,520,-1,520,641,642,-1,520,642,521,-1,521,642,643,-1,521,643,522,-1,522,643,644,-1,522,644,523,-1,523,644,645,-1,523,645,524,-1,524,645,646,-1,524,646,525,-1,525,646,647,-1,525,647,526,-1,526,647,648,-1,526,648,527,-1,527,648,649,-1,527,649,528,-1,528,649,650,-1,528,650,529,-1,529,650,651,-1,529,651,530,-1,530,651,652,-1,530,652,531,-1,531,652,653,-1,531,653,532,-1,532,653,654,-1,532,654,533,-1,533,654,655,-1,533,655,534,-1,534,655,656,-1,534,656,535,-1,535,656,657,-1,535,657,536,-1,536,657,658,-1,536,658,537,-1,537,658,659,-1,537,659,538,-1,538,659,660,-1,538,660,539,-1,539,660,661,-1,539,661,540,-1,540,661,662,-1,540,662,541,-1,541,662,663,-1,541,663,542,-1,542,663,664,-1,542,664,543,-1,543,664,665,-1,543,665,544,-1,544,665,666,-1,544,666,545,-1,545,666,667,-1,545,667,546,-1,546,667,668,-1,546,668,547,-1,547,668,669,-1,547,669,548,-1,548,669,670,-1,548,670,549,-1,549,670,671,-1,549,671,550,-1,550,671,672,-1,550,672,551,-1,551,672,673,-1,551,673,552,-1,552,673,674,-1,552,674,553,-1,553,674,675,-1,553,675,554,-1,554,675,676,-1,554,676,555,-1,555,676,677,-1,555,677,556,-1,556,677,678,-1,556,678,557,-1,557,678,679,-1,557,679,558,-1,558,679,680,-1,558,680,559,-1,559,680,681,-1,559,681,560,-1,560,681,682,-1,560,682,561,-1,561,682,683,-1,561,683,562,-1,562,683,684,-1,562,684,563,-1,563,684,685,-1,563,685,564,-1,564,685,686,-1,564,686,565,-1,565,686,687,-1,565,687,566,-1,566,687,688,-1,566,688,567,-1,567,688,689,-1,567,689,568,-1,568,689,690,-1,568,690,569,-1,569,690,691,-1,569,691,570,-1,570,691,692,-1,570,692,571,-1,571,692,693,-1,571,693,572,-1,572,693,694,-1,572,694,573,-1,573,694,695,-1,573,695,574,-1,574,695,696,-1,574,696,575,-1,575,696,697,-1,575,697,576,-1,576,697,698,-1,576,698,577,-1,577,698,699,-1,577,699,578,-1,578,699,700,-1,578,700,579,-1,579,700,701,-1,579,701,580,-1,580,701,702,-1,580,702,581,-1,581,702,703,-1,581,703,582,-1,582,703,704,-1,582,704,583,-1,583,704,705,-1,583,705,584,-1,198,19,199,-1,199,19,18,-1,199,18,586,-1,586,18,197,-1,586,197,587,-1,587,197,706,-1,587,706,588,-1,588,706,707,-1,588,707,589,-1,589,707,708,-1,589,708,590,-1,590,708,709,-1,590,709,591,-1,591,709,710,-1,591,710,592,-1,592,710,711,-1,592,711,593,-1,593,711,712,-1,593,712,594,-1,594,712,713,-1,594,713,595,-1,595,713,714,-1,595,714,596,-1,596,714,715,-1,596,715,597,-1,597,715,716,-1,597,716,598,-1,598,716,717,-1,598,717,599,-1,599,717,718,-1,599,718,600,-1,600,718,719,-1,600,719,601,-1,601,719,720,-1,601,720,602,-1,602,720,721,-1,602,721,603,-1,603,721,722,-1,603,722,604,-1,604,722,723,-1,604,723,605,-1,605,723,724,-1,605,724,606,-1,606,724,725,-1,606,725,607,-1,607,725,726,-1,607,726,608,-1,608,726,727,-1,608,727,609,-1,609,727,728,-1,609,728,610,-1,610,728,729,-1,610,729,611,-1,611,729,730,-1,611,730,612,-1,612,730,731,-1,612,731,613,-1,613,731,732,-1,613,732,614,-1,614,732,733,-1,614,733,615,-1,615,733,734,-1,615,734,616,-1,616,734,735,-1,616,735,617,-1,617,735,736,-1,617,736,618,-1,618,736,737,-1,618,737,619,-1,619,737,738,-1,619,738,620,-1,620,738,739,-1,620,739,621,-1,621,739,740,-1,621,740,622,-1,622,740,741,-1,622,741,623,-1,623,741,742,-1,623,742,624,-1,624,742,743,-1,624,743,625,-1,625,743,744,-1,625,744,626,-1,626,744,745,-1,626,745,627,-1,627,745,746,-1,627,746,628,-1,628,746,747,-1,628,747,629,-1,629,747,748,-1,629,748,630,-1,630,748,749,-1,630,749,631,-1,631,749,750,-1,631,750,632,-1,632,750,751,-1,632,751,633,-1,633,751,752,-1,633,752,634,-1,634,752,753,-1,634,753,635,-1,635,753,754,-1,635,754,636,-1,636,754,755,-1,636,755,637,-1,637,755,756,-1,637,756,638,-1,638,756,757,-1,638,757,639,-1,639,757,758,-1,639,758,640,-1,640,758,759,-1,640,759,641,-1,641,759,760,-1,641,760,642,-1,642,760,761,-1,642,761,643,-1,643,761,762,-1,643,762,644,-1,644,762,763,-1,644,763,645,-1,645,763,764,-1,645,764,646,-1,646,764,765,-1,646,765,647,-1,647,765,766,-1,647,766,648,-1,648,766,767,-1,648,767,649,-1,649,767,768,-1,649,768,650,-1,650,768,769,-1,650,769,651,-1,651,769,770,-1,651,770,652,-1,652,770,771,-1,652,771,653,-1,653,771,772,-1,653,772,654,-1,654,772,773,-1,654,773,655,-1,655,773,774,-1,655,774,656,-1,656,774,775,-1,656,775,657,-1,657,775,776,-1,657,776,658,-1,658,776,777,-1,658,777,659,-1,659,777,778,-1,659,778,660,-1,660,778,779,-1,660,779,661,-1,661,779,780,-1,661,780,662,-1,662,780,781,-1,662,781,663,-1,663,781,782,-1,663,782,664,-1,664,782,783,-1,664,783,665,-1,665,783,784,-1,665,784,666,-1,666,784,785,-1,666,785,667,-1,667,785,786,-1,667,786,668,-1,668,786,787,-1,668,787,669,-1,669,787,788,-1,669,788,670,-1,670,788,789,-1,670,789,671,-1,671,789,790,-1,671,790,672,-1,672,790,791,-1,672,791,673,-1,673,791,792,-1,673,792,674,-1,674,792,793,-1,674,793,675,-1,675,793,794,-1,675,794,676,-1,676,794,795,-1,676,795,677,-1,677,795,796,-1,677,796,678,-1,678,796,797,-1,678,797,679,-1,679,797,798,-1,679,798,680,-1,680,798,799,-1,680,799,681,-1,681,799,800,-1,681,800,682,-1,682,800,801,-1,682,801,683,-1,683,801,802,-1,683,802,684,-1,684,802,803,-1,684,803,685,-1,685,803,804,-1,685,804,686,-1,686,804,805,-1,686,805,687,-1,687,805,806,-1,687,806,688,-1,688,806,807,-1,688,807,689,-1,689,807,808,-1,689,808,690,-1,690,808,809,-1,690,809,691,-1,691,809,810,-1,691,810,692,-1,692,810,811,-1,692,811,693,-1,693,811,812,-1,693,812,694,-1,694,812,813,-1,694,813,695,-1,695,813,814,-1,695,814,696,-1,696,814,815,-1,696,815,697,-1,697,815,816,-1,697,816,698,-1,698,816,817,-1,698,817,699,-1,699,817,818,-1,699,818,700,-1,700,818,819,-1,700,819,701,-1,701,819,820,-1,701,820,702,-1,702,820,821,-1,702,821,703,-1,703,821,822,-1,703,822,704,-1,704,822,823,-1,704,823,705,-1,17,195,197,-1,197,195,194,-1,197,194,706,-1,706,194,824,-1,706,824,707,-1,707,824,825,-1,707,825,708,-1,708,825,826,-1,708,826,709,-1,709,826,827,-1,709,827,710,-1,710,827,828,-1,710,828,711,-1,711,828,829,-1,711,829,712,-1,712,829,830,-1,712,830,713,-1,713,830,831,-1,713,831,714,-1,714,831,832,-1,714,832,715,-1,715,832,833,-1,715,833,716,-1,716,833,834,-1,716,834,717,-1,717,834,835,-1,717,835,718,-1,718,835,836,-1,718,836,719,-1,719,836,837,-1,719,837,720,-1,720,837,838,-1,720,838,721,-1,721,838,839,-1,721,839,722,-1,722,839,840,-1,722,840,723,-1,723,840,841,-1,723,841,724,-1,724,841,842,-1,724,842,725,-1,725,842,843,-1,725,843,726,-1,726,843,844,-1,726,844,727,-1,727,844,845,-1,727,845,728,-1,728,845,846,-1,728,846,729,-1,729,846,847,-1,729,847,730,-1,730,847,848,-1,730,848,731,-1,731,848,849,-1,731,849,732,-1,732,849,850,-1,732,850,733,-1,733,850,851,-1,733,851,734,-1,734,851,852,-1,734,852,735,-1,735,852,853,-1,735,853,736,-1,736,853,854,-1,736,854,737,-1,737,854,855,-1,737,855,738,-1,738,855,856,-1,738,856,739,-1,739,856,857,-1,739,857,740,-1,740,857,858,-1,740,858,741,-1,741,858,859,-1,741,859,742,-1,742,859,860,-1,742,860,743,-1,743,860,861,-1,743,861,744,-1,744,861,862,-1,744,862,745,-1,745,862,863,-1,745,863,746,-1,746,863,864,-1,746,864,747,-1,747,864,865,-1,747,865,748,-1,748,865,866,-1,748,866,749,-1,749,866,867,-1,749,867,750,-1,750,867,868,-1,750,868,751,-1,751,868,869,-1,751,869,752,-1,752,869,870,-1,752,870,753,-1,753,870,871,-1,753,871,754,-1,754,871,872,-1,754,872,755,-1,755,872,873,-1,755,873,756,-1,756,873,874,-1,756,874,757,-1,757,874,875,-1,757,875,758,-1,758,875,876,-1,758,876,759,-1,759,876,877,-1,759,877,760,-1,760,877,878,-1,760,878,761,-1,761,878,879,-1,761,879,762,-1,762,879,880,-1,762,880,763,-1,763,880,881,-1,763,881,764,-1,764,881,882,-1,764,882,765,-1,765,882,883,-1,765,883,766,-1,766,883,884,-1,766,884,767,-1,767,884,885,-1,767,885,768,-1,768,885,886,-1,768,886,769,-1,769,886,887,-1,769,887,770,-1,770,887,888,-1,770,888,771,-1,771,888,889,-1,771,889,772,-1,772,889,890,-1,772,890,773,-1,773,890,891,-1,773,891,774,-1,774,891,892,-1,774,892,775,-1,775,892,893,-1,775,893,776,-1,776,893,894,-1,776,894,777,-1,777,894,895,-1,777,895,778,-1,778,895,896,-1,778,896,779,-1,779,896,897,-1,779,897,780,-1,780,897,898,-1,780,898,781,-1,781,898,899,-1,781,899,782,-1,782,899,900,-1,782,900,783,-1,783,900,901,-1,783,901,784,-1,784,901,902,-1,784,902,785,-1,785,902,903,-1,785,903,786,-1,786,903,904,-1,786,904,787,-1,787,904,905,-1,787,905,788,-1,788,905,906,-1,788,906,789,-1,789,906,907,-1,789,907,790,-1,790,907,908,-1,790,908,791,-1,791,908,909,-1,791,909,792,-1,792,909,910,-1,792,910,793,-1,793,910,911,-1,793,911,794,-1,794,911,912,-1,794,912,795,-1,795,912,913,-1,795,913,796,-1,796,913,914,-1,796,914,797,-1,797,914,915,-1,797,915,798,-1,798,915,916,-1,798,916,799,-1,799,916,917,-1,799,917,800,-1,800,917,918,-1,800,918,801,-1,801,918,919,-1,801,919,802,-1,802,919,920,-1,802,920,803,-1,803,920,921,-1,803,921,804,-1,804,921,922,-1,804,922,805,-1,805,922,923,-1,805,923,806,-1,806,923,924,-1,806,924,807,-1,807,924,925,-1,807,925,808,-1,808,925,926,-1,808,926,809,-1,809,926,927,-1,809,927,810,-1,810,927,928,-1,810,928,811,-1,811,928,929,-1,811,929,812,-1,812,929,930,-1,812,930,813,-1,813,930,931,-1,813,931,814,-1,814,931,932,-1,814,932,815,-1,815,932,933,-1,815,933,816,-1,816,933,934,-1,816,934,817,-1,817,934,935,-1,817,935,818,-1,818,935,936,-1,818,936,819,-1,819,936,937,-1,819,937,820,-1,820,937,938,-1,820,938,821,-1,821,938,939,-1,821,939,822,-1,822,939,940,-1,822,940,823,-1,196,941,194,-1,194,941,186,-1,194,186,824,-1,824,186,185,-1,824,185,825,-1,825,185,942,-1,825,942,826,-1,826,942,943,-1,826,943,827,-1,827,943,944,-1,827,944,828,-1,828,944,945,-1,828,945,829,-1,829,945,946,-1,829,946,830,-1,830,946,947,-1,830,947,831,-1,831,947,948,-1,831,948,832,-1,832,948,949,-1,832,949,833,-1,833,949,950,-1,833,950,834,-1,834,950,951,-1,834,951,835,-1,835,951,952,-1,835,952,836,-1,836,952,953,-1,836,953,837,-1,837,953,954,-1,837,954,838,-1,838,954,955,-1,838,955,839,-1,839,955,956,-1,839,956,840,-1,840,956,957,-1,840,957,841,-1,841,957,958,-1,841,958,842,-1,842,958,959,-1,842,959,843,-1,843,959,960,-1,843,960,844,-1,844,960,961,-1,844,961,845,-1,845,961,962,-1,845,962,846,-1,846,962,963,-1,846,963,847,-1,847,963,964,-1,847,964,848,-1,848,964,965,-1,848,965,849,-1,849,965,966,-1,849,966,850,-1,850,966,967,-1,850,967,851,-1,851,967,968,-1,851,968,852,-1,852,968,969,-1,852,969,853,-1,853,969,970,-1,853,970,854,-1,854,970,971,-1,854,971,855,-1,855,971,972,-1,855,972,856,-1,856,972,973,-1,856,973,857,-1,857,973,974,-1,857,974,858,-1,858,974,975,-1,858,975,859,-1,859,975,976,-1,859,976,860,-1,860,976,977,-1,860,977,861,-1,861,977,978,-1,861,978,862,-1,862,978,979,-1,862,979,863,-1,863,979,980,-1,863,980,864,-1,864,980,981,-1,864,981,865,-1,865,981,982,-1,865,982,866,-1,866,982,983,-1,866,983,867,-1,867,983,984,-1,867,984,868,-1,868,984,985,-1,868,985,869,-1,869,985,986,-1,869,986,870,-1,870,986,987,-1,870,987,871,-1,871,987,988,-1,871,988,872,-1,872,988,989,-1,872,989,873,-1,873,989,990,-1,873,990,874,-1,874,990,991,-1,874,991,875,-1,875,991,992,-1,875,992,876,-1,876,992,993,-1,876,993,877,-1,877,993,994,-1,877,994,878,-1,878,994,995,-1,878,995,879,-1,879,995,996,-1,879,996,880,-1,880,996,997,-1,880,997,881,-1,881,997,998,-1,881,998,882,-1,882,998,999,-1,882,999,883,-1,883,999,1000,-1,883,1000,884,-1,884,1000,1001,-1,884,1001,885,-1,885,1001,1002,-1,885,1002,886,-1,886,1002,1003,-1,886,1003,887,-1,887,1003,1004,-1,887,1004,888,-1,888,1004,1005,-1,888,1005,889,-1,889,1005,1006,-1,889,1006,890,-1,890,1006,1007,-1,890,1007,891,-1,891,1007,1008,-1,891,1008,892,-1,892,1008,1009,-1,892,1009,893,-1,893,1009,1010,-1,893,1010,894,-1,894,1010,1011,-1,894,1011,895,-1,895,1011,1012,-1,895,1012,896,-1,896,1012,1013,-1,896,1013,897,-1,897,1013,1014,-1,897,1014,898,-1,898,1014,1015,-1,898,1015,899,-1,899,1015,1016,-1,899,1016,900,-1,900,1016,1017,-1,900,1017,901,-1,901,1017,1018,-1,901,1018,902,-1,902,1018,1019,-1,902,1019,903,-1,903,1019,1020,-1,903,1020,904,-1,904,1020,1021,-1,904,1021,905,-1,905,1021,1022,-1,905,1022,906,-1,906,1022,1023,-1,906,1023,907,-1,907,1023,1024,-1,907,1024,908,-1,908,1024,1025,-1,908,1025,909,-1,909,1025,1026,-1,909,1026,910,-1,910,1026,1027,-1,910,1027,911,-1,911,1027,1028,-1,911,1028,912,-1,912,1028,1029,-1,912,1029,913,-1,913,1029,1030,-1,913,1030,914,-1,914,1030,1031,-1,914,1031,915,-1,915,1031,1032,-1,915,1032,916,-1,916,1032,1033,-1,916,1033,917,-1,917,1033,1034,-1,917,1034,918,-1,918,1034,1035,-1,918,1035,919,-1,919,1035,1036,-1,919,1036,920,-1,920,1036,1037,-1,920,1037,921,-1,921,1037,1038,-1,921,1038,922,-1,922,1038,1039,-1,922,1039,923,-1,923,1039,1040,-1,923,1040,924,-1,924,1040,1041,-1,924,1041,925,-1,925,1041,1042,-1,925,1042,926,-1,926,1042,1043,-1,926,1043,927,-1,927,1043,1044,-1,927,1044,928,-1,928,1044,1045,-1,928,1045,929,-1,929,1045,1046,-1,929,1046,930,-1,930,1046,1047,-1,930,1047,931,-1,931,1047,1048,-1,931,1048,932,-1,932,1048,1049,-1,932,1049,933,-1,933,1049,1050,-1,933,1050,934,-1,934,1050,1051,-1,934,1051,935,-1,935,1051,1052,-1,935,1052,936,-1,936,1052,1053,-1,936,1053,937,-1,937,1053,1054,-1,937,1054,938,-1,938,1054,1055,-1,938,1055,939,-1,939,1055,1056,-1,939,1056,940,-1,190,191,185,-1,185,191,193,-1,185,193,942,-1,942,193,1057,-1,942,1057,943,-1,943,1057,1058,-1,943,1058,944,-1,944,1058,1059,-1,944,1059,945,-1,945,1059,1060,-1,945,1060,946,-1,946,1060,1061,-1,946,1061,947,-1,947,1061,1062,-1,947,1062,948,-1,948,1062,1063,-1,948,1063,949,-1,949,1063,1064,-1,949,1064,950,-1,950,1064,1065,-1,950,1065,951,-1,951,1065,1066,-1,951,1066,952,-1,952,1066,1067,-1,952,1067,953,-1,953,1067,1068,-1,953,1068,954,-1,954,1068,1069,-1,954,1069,955,-1,955,1069,1070,-1,955,1070,956,-1,956,1070,1071,-1,956,1071,957,-1,957,1071,1072,-1,957,1072,958,-1,958,1072,1073,-1,958,1073,959,-1,959,1073,1074,-1,959,1074,960,-1,960,1074,1075,-1,960,1075,961,-1,961,1075,1076,-1,961,1076,962,-1,962,1076,1077,-1,962,1077,963,-1,963,1077,1078,-1,963,1078,964,-1,964,1078,1079,-1,964,1079,965,-1,965,1079,1080,-1,965,1080,966,-1,966,1080,1081,-1,966,1081,967,-1,967,1081,1082,-1,967,1082,968,-1,968,1082,1083,-1,968,1083,969,-1,969,1083,1084,-1,969,1084,970,-1,970,1084,1085,-1,970,1085,971,-1,971,1085,1086,-1,971,1086,972,-1,972,1086,1087,-1,972,1087,973,-1,973,1087,1088,-1,973,1088,974,-1,974,1088,1089,-1,974,1089,975,-1,975,1089,1090,-1,975,1090,976,-1,976,1090,1091,-1,976,1091,977,-1,977,1091,1092,-1,977,1092,978,-1,978,1092,1093,-1,978,1093,979,-1,979,1093,1094,-1,979,1094,980,-1,980,1094,1095,-1,980,1095,981,-1,981,1095,1096,-1,981,1096,982,-1,982,1096,1097,-1,982,1097,983,-1,983,1097,1098,-1,983,1098,984,-1,984,1098,1099,-1,984,1099,985,-1,985,1099,1100,-1,985,1100,986,-1,986,1100,1101,-1,986,1101,987,-1,987,1101,1102,-1,987,1102,988,-1,988,1102,1103,-1,988,1103,989,-1,989,1103,1104,-1,989,1104,990,-1,990,1104,1105,-1,990,1105,991,-1,991,1105,1106,-1,991,1106,992,-1,992,1106,1107,-1,992,1107,993,-1,993,1107,1108,-1,993,1108,994,-1,994,1108,1109,-1,994,1109,995,-1,995,1109,1110,-1,995,1110,996,-1,996,1110,1111,-1,996,1111,997,-1,997,1111,1112,-1,997,1112,998,-1,998,1112,1113,-1,998,1113,999,-1,999,1113,1114,-1,999,1114,1000,-1,1000,1114,1115,-1,1000,1115,1001,-1,1001,1115,1116,-1,1001,1116,1002,-1,1002,1116,1117,-1,1002,1117,1003,-1,1003,1117,1118,-1,1003,1118,1004,-1,1004,1118,1119,-1,1004,1119,1005,-1,1005,1119,1120,-1,1005,1120,1006,-1,1006,1120,1121,-1,1006,1121,1007,-1,1007,1121,1122,-1,1007,1122,1008,-1,1008,1122,1123,-1,1008,1123,1009,-1,1009,1123,1124,-1,1009,1124,1010,-1,1010,1124,1125,-1,1010,1125,1011,-1,1011,1125,1126,-1,1011,1126,1012,-1,1012,1126,1127,-1,1012,1127,1013,-1,1013,1127,1128,-1,1013,1128,1014,-1,1014,1128,1129,-1,1014,1129,1015,-1,1015,1129,1130,-1,1015,1130,1016,-1,1016,1130,1131,-1,1016,1131,1017,-1,1017,1131,1132,-1,1017,1132,1018,-1,1018,1132,1133,-1,1018,1133,1019,-1,1019,1133,1134,-1,1019,1134,1020,-1,1020,1134,1135,-1,1020,1135,1021,-1,1021,1135,1136,-1,1021,1136,1022,-1,1022,1136,1137,-1,1022,1137,1023,-1,1023,1137,1138,-1,1023,1138,1024,-1,1024,1138,1139,-1,1024,1139,1025,-1,1025,1139,1140,-1,1025,1140,1026,-1,1026,1140,1141,-1,1026,1141,1027,-1,1027,1141,1142,-1,1027,1142,1028,-1,1028,1142,1143,-1,1028,1143,1029,-1,1029,1143,1144,-1,1029,1144,1030,-1,1030,1144,1145,-1,1030,1145,1031,-1,1031,1145,1146,-1,1031,1146,1032,-1,1032,1146,1147,-1,1032,1147,1033,-1,1033,1147,1148,-1,1033,1148,1034,-1,1034,1148,1149,-1,1034,1149,1035,-1,1035,1149,1150,-1,1035,1150,1036,-1,1036,1150,1151,-1,1036,1151,1037,-1,1037,1151,1152,-1,1037,1152,1038,-1,1038,1152,1153,-1,1038,1153,1039,-1,1039,1153,1154,-1,1039,1154,1040,-1,1040,1154,1155,-1,1040,1155,1041,-1,1041,1155,1156,-1,1041,1156,1042,-1,1042,1156,1157,-1,1042,1157,1043,-1,1043,1157,1158,-1,1043,1158,1044,-1,1044,1158,1159,-1,1044,1159,1045,-1,1045,1159,1160,-1,1045,1160,1046,-1,1046,1160,1161,-1,1046,1161,1047,-1,1047,1161,1162,-1,1047,1162,1048,-1,1048,1162,1163,-1,1048,1163,1049,-1,1049,1163,1164,-1,1049,1164,1050,-1,1050,1164,1165,-1,1050,1165,1051,-1,1051,1165,1166,-1,1051,1166,1052,-1,1052,1166,1167,-1,1052,1167,1053,-1,1053,1167,1168,-1,1053,1168,1054,-1,1054,1168,1169,-1,1054,1169,1055,-1,1055,1169,1170,-1,1055,1170,1056,-1,192,175,193,-1,193,175,177,-1,193,177,1057,-1,1057,177,1171,-1,1057,1171,1058,-1,1058,1171,1172,-1,1058,1172,1059,-1,1059,1172,1173,-1,1059,1173,1060,-1,1060,1173,1174,-1,1060,1174,1061,-1,1061,1174,1175,-1,1061,1175,1062,-1,1062,1175,1176,-1,1062,1176,1063,-1,1063,1176,1177,-1,1063,1177,1064,-1,1064,1177,1178,-1,1064,1178,1065,-1,1065,1178,1179,-1,1065,1179,1066,-1,1066,1179,1180,-1,1066,1180,1067,-1,1067,1180,1181,-1,1067,1181,1068,-1,1068,1181,1182,-1,1068,1182,1069,-1,1069,1182,1183,-1,1069,1183,1070,-1,1070,1183,1184,-1,1070,1184,1071,-1,1071,1184,1185,-1,1071,1185,1072,-1,1072,1185,1186,-1,1072,1186,1073,-1,1073,1186,1187,-1,1073,1187,1074,-1,1074,1187,1188,-1,1074,1188,1075,-1,1075,1188,1189,-1,1075,1189,1076,-1,1076,1189,1190,-1,1076,1190,1077,-1,1077,1190,1191,-1,1077,1191,1078,-1,1078,1191,1192,-1,1078,1192,1079,-1,1079,1192,1193,-1,1079,1193,1080,-1,1080,1193,1194,-1,1080,1194,1081,-1,1081,1194,1195,-1,1081,1195,1082,-1,1082,1195,1196,-1,1082,1196,1083,-1,1083,1196,1197,-1,1083,1197,1084,-1,1084,1197,1198,-1,1084,1198,1085,-1,1085,1198,1199,-1,1085,1199,1086,-1,1086,1199,1200,-1,1086,1200,1087,-1,1087,1200,1201,-1,1087,1201,1088,-1,1088,1201,1202,-1,1088,1202,1089,-1,1089,1202,1203,-1,1089,1203,1090,-1,1090,1203,1204,-1,1090,1204,1091,-1,1091,1204,1205,-1,1091,1205,1092,-1,1092,1205,1206,-1,1092,1206,1093,-1,1093,1206,1207,-1,1093,1207,1094,-1,1094,1207,1208,-1,1094,1208,1095,-1,1095,1208,1209,-1,1095,1209,1096,-1,1096,1209,1210,-1,1096,1210,1097,-1,1097,1210,1211,-1,1097,1211,1098,-1,1098,1211,1212,-1,1098,1212,1099,-1,1099,1212,1213,-1,1099,1213,1100,-1,1100,1213,1214,-1,1100,1214,1101,-1,1101,1214,1215,-1,1101,1215,1102,-1,1102,1215,1216,-1,1102,1216,1103,-1,1103,1216,1217,-1,1103,1217,1104,-1,1104,1217,1218,-1,1104,1218,1105,-1,1105,1218,1219,-1,1105,1219,1106,-1,1106,1219,1220,-1,1106,1220,1107,-1,1107,1220,1221,-1,1107,1221,1108,-1,1108,1221,1222,-1,1108,1222,1109,-1,1109,1222,1223,-1,1109,1223,1110,-1,1110,1223,1224,-1,1110,1224,1111,-1,1111,1224,1225,-1,1111,1225,1112,-1,1112,1225,1226,-1,1112,1226,1113,-1,1113,1226,1227,-1,1113,1227,1114,-1,1114,1227,1228,-1,1114,1228,1115,-1,1115,1228,1229,-1,1115,1229,1116,-1,1116,1229,1230,-1,1116,1230,1117,-1,1117,1230,1231,-1,1117,1231,1118,-1,1118,1231,1232,-1,1118,1232,1119,-1,1119,1232,1233,-1,1119,1233,1120,-1,1120,1233,1234,-1,1120,1234,1121,-1,1121,1234,1235,-1,1121,1235,1122,-1,1122,1235,1236,-1,1122,1236,1123,-1,1123,1236,1237,-1,1123,1237,1124,-1,1124,1237,1238,-1,1124,1238,1125,-1,1125,1238,1239,-1,1125,1239,1126,-1,1126,1239,1240,-1,1126,1240,1127,-1,1127,1240,1241,-1,1127,1241,1128,-1,1128,1241,1242,-1,1128,1242,1129,-1,1129,1242,1243,-1,1129,1243,1130,-1,1130,1243,1244,-1,1130,1244,1131,-1,1131,1244,1245,-1,1131,1245,1132,-1,1132,1245,1246,-1,1132,1246,1133,-1,1133,1246,1247,-1,1133,1247,1134,-1,1134,1247,1248,-1,1134,1248,1135,-1,1135,1248,1249,-1,1135,1249,1136,-1,1136,1249,1250,-1,1136,1250,1137,-1,1137,1250,1251,-1,1137,1251,1138,-1,1138,1251,1252,-1,1138,1252,1139,-1,1139,1252,1253,-1,1139,1253,1140,-1,1140,1253,1254,-1,1140,1254,1141,-1,1141,1254,1255,-1,1141,1255,1142,-1,1142,1255,1256,-1,1142,1256,1143,-1,1143,1256,1257,-1,1143,1257,1144,-1,1144,1257,1258,-1,1144,1258,1145,-1,1145,1258,1259,-1,1145,1259,1146,-1,1146,1259,1260,-1,1146,1260,1147,-1,1147,1260,1261,-1,1147,1261,1148,-1,1148,1261,1262,-1,1148,1262,1149,-1,1149,1262,1263,-1,1149,1263,1150,-1,1150,1263,1264,-1,1150,1264,1151,-1,1151,1264,1265,-1,1151,1265,1152,-1,1152,1265,1266,-1,1152,1266,1153,-1,1153,1266,1267,-1,1153,1267,1154,-1,1154,1267,1268,-1,1154,1268,1155,-1,1155,1268,1269,-1,1155,1269,1156,-1,1156,1269,1270,-1,1156,1270,1157,-1,1157,1270,1271,-1,1157,1271,1158,-1,1158,1271,1272,-1,1158,1272,1159,-1,1159,1272,1273,-1,1159,1273,1160,-1,1160,1273,1274,-1,1160,1274,1161,-1,1161,1274,1275,-1,1161,1275,1162,-1,1162,1275,1276,-1,1162,1276,1163,-1,1163,1276,1277,-1,1163,1277,1164,-1,1164,1277,1278,-1,1164,1278,1165,-1,1165,1278,1279,-1,1165,1279,1166,-1,1166,1279,1280,-1,1166,1280,1167,-1,1167,1280,1281,-1,1167,1281,1168,-1,1168,1281,1282,-1,1168,1282,1169,-1,1169,1282,1283,-1,1169,1283,1170,-1,172,22,177,-1,177,22,1284,-1,177,1284,1171,-1,1171,1284,1285,-1,1171,1285,1172,-1,1172,1285,1286,-1,1172,1286,1173,-1,1173,1286,1287,-1,1173,1287,1174,-1,1174,1287,1288,-1,1174,1288,1175,-1,1175,1288,1289,-1,1175,1289,1176,-1,1176,1289,1290,-1,1176,1290,1177,-1,1177,1290,1291,-1,1177,1291,1178,-1,1178,1291,1292,-1,1178,1292,1179,-1,1179,1292,1293,-1,1179,1293,1180,-1,1180,1293,1294,-1,1180,1294,1181,-1,1181,1294,1295,-1,1181,1295,1182,-1,1182,1295,1296,-1,1182,1296,1183,-1,1183,1296,1297,-1,1183,1297,1184,-1,1184,1297,1298,-1,1184,1298,1185,-1,1185,1298,1299,-1,1185,1299,1186,-1,1186,1299,1300,-1,1186,1300,1187,-1,1187,1300,1301,-1,1187,1301,1188,-1,1188,1301,1302,-1,1188,1302,1189,-1,1189,1302,1303,-1,1189,1303,1190,-1,1190,1303,1304,-1,1190,1304,1191,-1,1191,1304,1305,-1,1191,1305,1192,-1,1192,1305,1306,-1,1192,1306,1193,-1,1193,1306,1307,-1,1193,1307,1194,-1,1194,1307,1308,-1,1194,1308,1195,-1,1195,1308,1309,-1,1195,1309,1196,-1,1196,1309,1310,-1,1196,1310,1197,-1,1197,1310,1311,-1,1197,1311,1198,-1,1198,1311,1312,-1,1198,1312,1199,-1,1199,1312,1313,-1,1199,1313,1200,-1,1200,1313,1314,-1,1200,1314,1201,-1,1201,1314,1315,-1,1201,1315,1202,-1,1202,1315,1316,-1,1202,1316,1203,-1,1203,1316,1317,-1,1203,1317,1204,-1,1204,1317,1318,-1,1204,1318,1205,-1,1205,1318,1319,-1,1205,1319,1206,-1,1206,1319,1320,-1,1206,1320,1207,-1,1207,1320,1321,-1,1207,1321,1208,-1,1208,1321,1322,-1,1208,1322,1209,-1,1209,1322,1323,-1,1209,1323,1210,-1,1210,1323,1324,-1,1210,1324,1211,-1,1211,1324,1325,-1,1211,1325,1212,-1,1212,1325,1326,-1,1212,1326,1213,-1,1213,1326,1327,-1,1213,1327,1214,-1,1214,1327,1328,-1,1214,1328,1215,-1,1215,1328,1329,-1,1215,1329,1216,-1,1216,1329,1330,-1,1216,1330,1217,-1,1217,1330,1331,-1,1217,1331,1218,-1,1218,1331,1332,-1,1218,1332,1219,-1,1219,1332,1333,-1,1219,1333,1220,-1,1220,1333,1334,-1,1220,1334,1221,-1,1221,1334,1335,-1,1221,1335,1222,-1,1222,1335,1336,-1,1222,1336,1223,-1,1223,1336,1337,-1,1223,1337,1224,-1,1224,1337,1338,-1,1224,1338,1225,-1,1225,1338,1339,-1,1225,1339,1226,-1,1226,1339,1340,-1,1226,1340,1227,-1,1227,1340,1341,-1,1227,1341,1228,-1,1228,1341,1342,-1,1228,1342,1229,-1,1229,1342,1343,-1,1229,1343,1230,-1,1230,1343,1344,-1,1230,1344,1231,-1,1231,1344,1345,-1,1231,1345,1232,-1,1232,1345,1346,-1,1232,1346,1233,-1,1233,1346,1347,-1,1233,1347,1234,-1,1234,1347,1348,-1,1234,1348,1235,-1,1235,1348,1349,-1,1235,1349,1236,-1,1236,1349,1350,-1,1236,1350,1237,-1,1237,1350,1351,-1,1237,1351,1238,-1,1238,1351,1352,-1,1238,1352,1239,-1,1239,1352,1353,-1,1239,1353,1240,-1,1240,1353,1354,-1,1240,1354,1241,-1,1241,1354,1355,-1,1241,1355,1242,-1,1242,1355,1356,-1,1242,1356,1243,-1,1243,1356,1357,-1,1243,1357,1244,-1,1244,1357,1358,-1,1244,1358,1245,-1,1245,1358,1359,-1,1245,1359,1246,-1,1246,1359,1360,-1,1246,1360,1247,-1,1247,1360,1361,-1,1247,1361,1248,-1,1248,1361,1362,-1,1248,1362,1249,-1,1249,1362,1363,-1,1249,1363,1250,-1,1250,1363,1364,-1,1250,1364,1251,-1,1251,1364,1365,-1,1251,1365,1252,-1,1252,1365,1366,-1,1252,1366,1253,-1,1253,1366,1367,-1,1253,1367,1254,-1,1254,1367,1368,-1,1254,1368,1255,-1,1255,1368,1369,-1,1255,1369,1256,-1,1256,1369,1370,-1,1256,1370,1257,-1,1257,1370,1371,-1,1257,1371,1258,-1,1258,1371,1372,-1,1258,1372,1259,-1,1259,1372,1373,-1,1259,1373,1260,-1,1260,1373,1374,-1,1260,1374,1261,-1,1261,1374,1375,-1,1261,1375,1262,-1,1262,1375,1376,-1,1262,1376,1263,-1,1263,1376,1377,-1,1263,1377,1264,-1,1264,1377,1378,-1,1264,1378,1265,-1,1265,1378,1379,-1,1265,1379,1266,-1,1266,1379,1380,-1,1266,1380,1267,-1,1267,1380,1381,-1,1267,1381,1268,-1,1268,1381,1382,-1,1268,1382,1269,-1,1269,1382,1383,-1,1269,1383,1270,-1,1270,1383,1384,-1,1270,1384,1271,-1,1271,1384,1385,-1,1271,1385,1272,-1,1272,1385,1386,-1,1272,1386,1273,-1,1273,1386,1387,-1,1273,1387,1274,-1,1274,1387,1388,-1,1274,1388,1275,-1,1275,1388,1389,-1,1275,1389,1276,-1,1276,1389,1390,-1,1276,1390,1277,-1,1277,1390,1391,-1,1277,1391,1278,-1,1278,1391,1392,-1,1278,1392,1279,-1,1279,1392,1393,-1,1279,1393,1280,-1,1280,1393,1394,-1,1280,1394,1281,-1,1281,1394,1395,-1,1281,1395,1282,-1,1282,1395,1396,-1,1282,1396,1283,-1,21,1397,22,-1,22,1397,1398,-1,22,1398,1284,-1,1284,1398,1399,-1,1284,1399,1285,-1,1285,1399,1400,-1,1285,1400,1286,-1,1286,1400,1401,-1,1286,1401,1287,-1,1287,1401,1402,-1,1287,1402,1288,-1,1288,1402,1403,-1,1288,1403,1289,-1,1289,1403,1404,-1,1289,1404,1290,-1,1290,1404,1405,-1,1290,1405,1291,-1,1291,1405,1406,-1,1291,1406,1292,-1,1292,1406,1407,-1,1292,1407,1293,-1,1293,1407,1408,-1,1293,1408,1294,-1,1294,1408,1409,-1,1294,1409,1295,-1,1295,1409,1410,-1,1295,1410,1296,-1,1296,1410,1411,-1,1296,1411,1297,-1,1297,1411,1412,-1,1297,1412,1298,-1,1298,1412,1413,-1,1298,1413,1299,-1,1299,1413,1414,-1,1299,1414,1300,-1,1300,1414,1415,-1,1300,1415,1301,-1,1301,1415,1416,-1,1301,1416,1302,-1,1302,1416,1417,-1,1302,1417,1303,-1,1303,1417,1418,-1,1303,1418,1304,-1,1304,1418,1419,-1,1304,1419,1305,-1,1305,1419,1420,-1,1305,1420,1306,-1,1306,1420,1421,-1,1306,1421,1307,-1,1307,1421,1422,-1,1307,1422,1308,-1,1308,1422,1423,-1,1308,1423,1309,-1,1309,1423,1424,-1,1309,1424,1310,-1,1310,1424,1425,-1,1310,1425,1311,-1,1311,1425,1426,-1,1311,1426,1312,-1,1312,1426,1427,-1,1312,1427,1313,-1,1313,1427,1428,-1,1313,1428,1314,-1,1314,1428,1429,-1,1314,1429,1315,-1,1315,1429,1430,-1,1315,1430,1316,-1,1316,1430,1431,-1,1316,1431,1317,-1,1317,1431,1432,-1,1317,1432,1318,-1,1318,1432,1433,-1,1318,1433,1319,-1,1319,1433,1434,-1,1319,1434,1320,-1,1320,1434,1435,-1,1320,1435,1321,-1,1321,1435,1436,-1,1321,1436,1322,-1,1322,1436,1437,-1,1322,1437,1323,-1,1323,1437,1438,-1,1323,1438,1324,-1,1324,1438,1439,-1,1324,1439,1325,-1,1325,1439,1440,-1,1325,1440,1326,-1,1326,1440,1441,-1,1326,1441,1327,-1,1327,1441,1442,-1,1327,1442,1328,-1,1328,1442,1443,-1,1328,1443,1329,-1,1329,1443,1444,-1,1329,1444,1330,-1,1330,1444,1445,-1,1330,1445,1331,-1,1331,1445,1446,-1,1331,1446,1332,-1,1332,1446,1447,-1,1332,1447,1333,-1,1333,1447,1448,-1,1333,1448,1334,-1,1334,1448,1449,-1,1334,1449,1335,-1,1335,1449,1450,-1,1335,1450,1336,-1,1336,1450,1451,-1,1336,1451,1337,-1,1337,1451,1452,-1,1337,1452,1338,-1,1338,1452,1453,-1,1338,1453,1339,-1,1339,1453,1454,-1,1339,1454,1340,-1,1340,1454,1455,-1,1340,1455,1341,-1,1341,1455,1456,-1,1341,1456,1342,-1,1342,1456,1457,-1,1342,1457,1343,-1,1343,1457,1458,-1,1343,1458,1344,-1,1344,1458,1459,-1,1344,1459,1345,-1,1345,1459,1460,-1,1345,1460,1346,-1,1346,1460,1461,-1,1346,1461,1347,-1,1347,1461,1462,-1,1347,1462,1348,-1,1348,1462,1463,-1,1348,1463,1349,-1,1349,1463,1464,-1,1349,1464,1350,-1,1350,1464,1465,-1,1350,1465,1351,-1,1351,1465,1466,-1,1351,1466,1352,-1,1352,1466,1467,-1,1352,1467,1353,-1,1353,1467,1468,-1,1353,1468,1354,-1,1354,1468,1469,-1,1354,1469,1355,-1,1355,1469,1470,-1,1355,1470,1356,-1,1356,1470,1471,-1,1356,1471,1357,-1,1357,1471,1472,-1,1357,1472,1358,-1,1358,1472,1473,-1,1358,1473,1359,-1,1359,1473,1474,-1,1359,1474,1360,-1,1360,1474,1475,-1,1360,1475,1361,-1,1361,1475,1476,-1,1361,1476,1362,-1,1362,1476,1477,-1,1362,1477,1363,-1,1363,1477,1478,-1,1363,1478,1364,-1,1364,1478,1479,-1,1364,1479,1365,-1,1365,1479,1480,-1,1365,1480,1366,-1,1366,1480,1481,-1,1366,1481,1367,-1,1367,1481,1482,-1,1367,1482,1368,-1,1368,1482,1483,-1,1368,1483,1369,-1,1369,1483,1484,-1,1369,1484,1370,-1,1370,1484,1485,-1,1370,1485,1371,-1,1371,1485,1486,-1,1371,1486,1372,-1,1372,1486,1487,-1,1372,1487,1373,-1,1373,1487,1488,-1,1373,1488,1374,-1,1374,1488,1489,-1,1374,1489,1375,-1,1375,1489,1490,-1,1375,1490,1376,-1,1376,1490,1491,-1,1376,1491,1377,-1,1377,1491,1492,-1,1377,1492,1378,-1,1378,1492,1493,-1,1378,1493,1379,-1,1379,1493,1494,-1,1379,1494,1380,-1,1380,1494,1495,-1,1380,1495,1381,-1,1381,1495,1496,-1,1381,1496,1382,-1,1382,1496,1497,-1,1382,1497,1383,-1,1383,1497,1498,-1,1383,1498,1384,-1,1384,1498,1499,-1,1384,1499,1385,-1,1385,1499,1500,-1,1385,1500,1386,-1,1386,1500,1501,-1,1386,1501,1387,-1,1387,1501,1502,-1,1387,1502,1388,-1,1388,1502,1503,-1,1388,1503,1389,-1,1389,1503,1504,-1,1389,1504,1390,-1,1390,1504,1505,-1,1390,1505,1391,-1,1391,1505,1506,-1,1391,1506,1392,-1,1392,1506,1507,-1,1392,1507,1393,-1,1393,1507,1508,-1,1393,1508,1394,-1,1394,1508,1509,-1,1394,1509,1395,-1,1395,1509,1510,-1,1395,1510,1396,-1,1397,170,1398,-1,1398,170,169,-1,1398,169,1399,-1,1399,169,1511,-1,1399,1511,1400,-1,1400,1511,1512,-1,1400,1512,1401,-1,1401,1512,1513,-1,1401,1513,1402,-1,1402,1513,1514,-1,1402,1514,1403,-1,1403,1514,1515,-1,1403,1515,1404,-1,1404,1515,1516,-1,1404,1516,1405,-1,1405,1516,1517,-1,1405,1517,1406,-1,1406,1517,1518,-1,1406,1518,1407,-1,1407,1518,1519,-1,1407,1519,1408,-1,1408,1519,1520,-1,1408,1520,1409,-1,1409,1520,1521,-1,1409,1521,1410,-1,1410,1521,1522,-1,1410,1522,1411,-1,1411,1522,1523,-1,1411,1523,1412,-1,1412,1523,1524,-1,1412,1524,1413,-1,1413,1524,1525,-1,1413,1525,1414,-1,1414,1525,1526,-1,1414,1526,1415,-1,1415,1526,1527,-1,1415,1527,1416,-1,1416,1527,1528,-1,1416,1528,1417,-1,1417,1528,1529,-1,1417,1529,1418,-1,1418,1529,1530,-1,1418,1530,1419,-1,1419,1530,1531,-1,1419,1531,1420,-1,1420,1531,1532,-1,1420,1532,1421,-1,1421,1532,1533,-1,1421,1533,1422,-1,1422,1533,1534,-1,1422,1534,1423,-1,1423,1534,1535,-1,1423,1535,1424,-1,1424,1535,1536,-1,1424,1536,1425,-1,1425,1536,1537,-1,1425,1537,1426,-1,1426,1537,1538,-1,1426,1538,1427,-1,1427,1538,1539,-1,1427,1539,1428,-1,1428,1539,1540,-1,1428,1540,1429,-1,1429,1540,1541,-1,1429,1541,1430,-1,1430,1541,1542,-1,1430,1542,1431,-1,1431,1542,1543,-1,1431,1543,1432,-1,1432,1543,1544,-1,1432,1544,1433,-1,1433,1544,1545,-1,1433,1545,1434,-1,1434,1545,1546,-1,1434,1546,1435,-1,1435,1546,1547,-1,1435,1547,1436,-1,1436,1547,1548,-1,1436,1548,1437,-1,1437,1548,1549,-1,1437,1549,1438,-1,1438,1549,1550,-1,1438,1550,1439,-1,1439,1550,1551,-1,1439,1551,1440,-1,1440,1551,1552,-1,1440,1552,1441,-1,1441,1552,1553,-1,1441,1553,1442,-1,1442,1553,1554,-1,1442,1554,1443,-1,1443,1554,1555,-1,1443,1555,1444,-1,1444,1555,1556,-1,1444,1556,1445,-1,1445,1556,1557,-1,1445,1557,1446,-1,1446,1557,1558,-1,1446,1558,1447,-1,1447,1558,1559,-1,1447,1559,1448,-1,1448,1559,1560,-1,1448,1560,1449,-1,1449,1560,1561,-1,1449,1561,1450,-1,1450,1561,1562,-1,1450,1562,1451,-1,1451,1562,1563,-1,1451,1563,1452,-1,1452,1563,1564,-1,1452,1564,1453,-1,1453,1564,1565,-1,1453,1565,1454,-1,1454,1565,1566,-1,1454,1566,1455,-1,1455,1566,1567,-1,1455,1567,1456,-1,1456,1567,1568,-1,1456,1568,1457,-1,1457,1568,1569,-1,1457,1569,1458,-1,1458,1569,1570,-1,1458,1570,1459,-1,1459,1570,1571,-1,1459,1571,1460,-1,1460,1571,1572,-1,1460,1572,1461,-1,1461,1572,1573,-1,1461,1573,1462,-1,1462,1573,1574,-1,1462,1574,1463,-1,1463,1574,1575,-1,1463,1575,1464,-1,1464,1575,1576,-1,1464,1576,1465,-1,1465,1576,1577,-1,1465,1577,1466,-1,1466,1577,1578,-1,1466,1578,1467,-1,1467,1578,1579,-1,1467,1579,1468,-1,1468,1579,1580,-1,1468,1580,1469,-1,1469,1580,1581,-1,1469,1581,1470,-1,1470,1581,1582,-1,1470,1582,1471,-1,1471,1582,1583,-1,1471,1583,1472,-1,1472,1583,1584,-1,1472,1584,1473,-1,1473,1584,1585,-1,1473,1585,1474,-1,1474,1585,1586,-1,1474,1586,1475,-1,1475,1586,1587,-1,1475,1587,1476,-1,1476,1587,1588,-1,1476,1588,1477,-1,1477,1588,1589,-1,1477,1589,1478,-1,1478,1589,1590,-1,1478,1590,1479,-1,1479,1590,1591,-1,1479,1591,1480,-1,1480,1591,1592,-1,1480,1592,1481,-1,1481,1592,1593,-1,1481,1593,1482,-1,1482,1593,1594,-1,1482,1594,1483,-1,1483,1594,1595,-1,1483,1595,1484,-1,1484,1595,1596,-1,1484,1596,1485,-1,1485,1596,1597,-1,1485,1597,1486,-1,1486,1597,1598,-1,1486,1598,1487,-1,1487,1598,1599,-1,1487,1599,1488,-1,1488,1599,1600,-1,1488,1600,1489,-1,1489,1600,1601,-1,1489,1601,1490,-1,1490,1601,1602,-1,1490,1602,1491,-1,1491,1602,1603,-1,1491,1603,1492,-1,1492,1603,1604,-1,1492,1604,1493,-1,1493,1604,1605,-1,1493,1605,1494,-1,1494,1605,1606,-1,1494,1606,1495,-1,1495,1606,1607,-1,1495,1607,1496,-1,1496,1607,1608,-1,1496,1608,1497,-1,1497,1608,1609,-1,1497,1609,1498,-1,1498,1609,1610,-1,1498,1610,1499,-1,1499,1610,1611,-1,1499,1611,1500,-1,1500,1611,1612,-1,1500,1612,1501,-1,1501,1612,1613,-1,1501,1613,1502,-1,1502,1613,1614,-1,1502,1614,1503,-1,1503,1614,1615,-1,1503,1615,1504,-1,1504,1615,1616,-1,1504,1616,1505,-1,1505,1616,1617,-1,1505,1617,1506,-1,1506,1617,1618,-1,1506,1618,1507,-1,1507,1618,1619,-1,1507,1619,1508,-1,1508,1619,1620,-1,1508,1620,1509,-1,1509,1620,1621,-1,1509,1621,1510,-1,24,166,25,-1,25,166,1622,-1,25,1622,169,-1,169,1622,1623,-1,169,1623,1511,-1,1511,1623,1624,-1,1511,1624,1512,-1,1512,1624,1625,-1,1512,1625,1513,-1,1513,1625,1626,-1,1513,1626,1514,-1,1514,1626,1627,-1,1514,1627,1515,-1,1515,1627,1628,-1,1515,1628,1516,-1,1516,1628,1629,-1,1516,1629,1517,-1,1517,1629,1630,-1,1517,1630,1518,-1,1518,1630,1631,-1,1518,1631,1519,-1,1519,1631,1632,-1,1519,1632,1520,-1,1520,1632,1633,-1,1520,1633,1521,-1,1521,1633,1634,-1,1521,1634,1522,-1,1522,1634,1635,-1,1522,1635,1523,-1,1523,1635,1636,-1,1523,1636,1524,-1,1524,1636,1637,-1,1524,1637,1525,-1,1525,1637,1638,-1,1525,1638,1526,-1,1526,1638,1639,-1,1526,1639,1527,-1,1527,1639,1640,-1,1527,1640,1528,-1,1528,1640,1641,-1,1528,1641,1529,-1,1529,1641,1642,-1,1529,1642,1530,-1,1530,1642,1643,-1,1530,1643,1531,-1,1531,1643,1644,-1,1531,1644,1532,-1,1532,1644,1645,-1,1532,1645,1533,-1,1533,1645,1646,-1,1533,1646,1534,-1,1534,1646,1647,-1,1534,1647,1535,-1,1535,1647,1648,-1,1535,1648,1536,-1,1536,1648,1649,-1,1536,1649,1537,-1,1537,1649,1650,-1,1537,1650,1538,-1,1538,1650,1651,-1,1538,1651,1539,-1,1539,1651,1652,-1,1539,1652,1540,-1,1540,1652,1653,-1,1540,1653,1541,-1,1541,1653,1654,-1,1541,1654,1542,-1,1542,1654,1655,-1,1542,1655,1543,-1,1543,1655,1656,-1,1543,1656,1544,-1,1544,1656,1657,-1,1544,1657,1545,-1,1545,1657,1658,-1,1545,1658,1546,-1,1546,1658,1659,-1,1546,1659,1547,-1,1547,1659,1660,-1,1547,1660,1548,-1,1548,1660,1661,-1,1548,1661,1549,-1,1549,1661,1662,-1,1549,1662,1550,-1,1550,1662,1663,-1,1550,1663,1551,-1,1551,1663,1664,-1,1551,1664,1552,-1,1552,1664,1665,-1,1552,1665,1553,-1,1553,1665,1666,-1,1553,1666,1554,-1,1554,1666,1667,-1,1554,1667,1555,-1,1555,1667,1668,-1,1555,1668,1556,-1,1556,1668,1669,-1,1556,1669,1557,-1,1557,1669,1670,-1,1557,1670,1558,-1,1558,1670,1671,-1,1558,1671,1559,-1,1559,1671,1672,-1,1559,1672,1560,-1,1560,1672,1673,-1,1560,1673,1561,-1,1561,1673,1674,-1,1561,1674,1562,-1,1562,1674,1675,-1,1562,1675,1563,-1,1563,1675,1676,-1,1563,1676,1564,-1,1564,1676,1677,-1,1564,1677,1565,-1,1565,1677,1678,-1,1565,1678,1566,-1,1566,1678,1679,-1,1566,1679,1567,-1,1567,1679,1680,-1,1567,1680,1568,-1,1568,1680,1681,-1,1568,1681,1569,-1,1569,1681,1682,-1,1569,1682,1570,-1,1570,1682,1683,-1,1570,1683,1571,-1,1571,1683,1684,-1,1571,1684,1572,-1,1572,1684,1685,-1,1572,1685,1573,-1,1573,1685,1686,-1,1573,1686,1574,-1,1574,1686,1687,-1,1574,1687,1575,-1,1575,1687,1688,-1,1575,1688,1576,-1,1576,1688,1689,-1,1576,1689,1577,-1,1577,1689,1690,-1,1577,1690,1578,-1,1578,1690,1691,-1,1578,1691,1579,-1,1579,1691,1692,-1,1579,1692,1580,-1,1580,1692,1693,-1,1580,1693,1581,-1,1581,1693,1694,-1,1581,1694,1582,-1,1582,1694,1695,-1,1582,1695,1583,-1,1583,1695,1696,-1,1583,1696,1584,-1,1584,1696,1697,-1,1584,1697,1585,-1,1585,1697,1698,-1,1585,1698,1586,-1,1586,1698,1699,-1,1586,1699,1587,-1,1587,1699,1700,-1,1587,1700,1588,-1,1588,1700,1701,-1,1588,1701,1589,-1,1589,1701,1702,-1,1589,1702,1590,-1,1590,1702,1703,-1,1590,1703,1591,-1,1591,1703,1704,-1,1591,1704,1592,-1,1592,1704,1705,-1,1592,1705,1593,-1,1593,1705,1706,-1,1593,1706,1594,-1,1594,1706,1707,-1,1594,1707,1595,-1,1595,1707,1708,-1,1595,1708,1596,-1,1596,1708,1709,-1,1596,1709,1597,-1,1597,1709,1710,-1,1597,1710,1598,-1,1598,1710,1711,-1,1598,1711,1599,-1,1599,1711,1712,-1,1599,1712,1600,-1,1600,1712,1713,-1,1600,1713,1601,-1,1601,1713,1714,-1,1601,1714,1602,-1,1602,1714,1715,-1,1602,1715,1603,-1,1603,1715,1716,-1,1603,1716,1604,-1,1604,1716,1717,-1,1604,1717,1605,-1,1605,1717,1718,-1,1605,1718,1606,-1,1606,1718,1719,-1,1606,1719,1607,-1,1607,1719,1720,-1,1607,1720,1608,-1,1608,1720,1721,-1,1608,1721,1609,-1,1609,1721,1722,-1,1609,1722,1610,-1,1610,1722,1723,-1,1610,1723,1611,-1,1611,1723,1724,-1,1611,1724,1612,-1,1612,1724,1725,-1,1612,1725,1613,-1,1613,1725,1726,-1,1613,1726,1614,-1,1614,1726,1727,-1,1614,1727,1615,-1,1615,1727,1728,-1,1615,1728,1616,-1,1616,1728,1729,-1,1616,1729,1617,-1,1617,1729,1730,-1,1617,1730,1618,-1,1618,1730,1731,-1,1618,1731,1619,-1,1619,1731,1732,-1,1619,1732,1620,-1,1620,1732,1733,-1,1620,1733,1621,-1,26,28,166,-1,166,28,1734,-1,166,1734,1622,-1,1622,1734,1735,-1,1622,1735,1623,-1,1623,1735,1736,-1,1623,1736,1624,-1,1624,1736,1737,-1,1624,1737,1625,-1,1625,1737,1738,-1,1625,1738,1626,-1,1626,1738,1739,-1,1626,1739,1627,-1,1627,1739,1740,-1,1627,1740,1628,-1,1628,1740,1741,-1,1628,1741,1629,-1,1629,1741,1742,-1,1629,1742,1630,-1,1630,1742,1743,-1,1630,1743,1631,-1,1631,1743,1744,-1,1631,1744,1632,-1,1632,1744,1745,-1,1632,1745,1633,-1,1633,1745,1746,-1,1633,1746,1634,-1,1634,1746,1747,-1,1634,1747,1635,-1,1635,1747,1748,-1,1635,1748,1636,-1,1636,1748,1749,-1,1636,1749,1637,-1,1637,1749,1750,-1,1637,1750,1638,-1,1638,1750,1751,-1,1638,1751,1639,-1,1639,1751,1752,-1,1639,1752,1640,-1,1640,1752,1753,-1,1640,1753,1641,-1,1641,1753,1754,-1,1641,1754,1642,-1,1642,1754,1755,-1,1642,1755,1643,-1,1643,1755,1756,-1,1643,1756,1644,-1,1644,1756,1757,-1,1644,1757,1645,-1,1645,1757,1758,-1,1645,1758,1646,-1,1646,1758,1759,-1,1646,1759,1647,-1,1647,1759,1760,-1,1647,1760,1648,-1,1648,1760,1761,-1,1648,1761,1649,-1,1649,1761,1762,-1,1649,1762,1650,-1,1650,1762,1763,-1,1650,1763,1651,-1,1651,1763,1764,-1,1651,1764,1652,-1,1652,1764,1765,-1,1652,1765,1653,-1,1653,1765,1766,-1,1653,1766,1654,-1,1654,1766,1767,-1,1654,1767,1655,-1,1655,1767,1768,-1,1655,1768,1656,-1,1656,1768,1769,-1,1656,1769,1657,-1,1657,1769,1770,-1,1657,1770,1658,-1,1658,1770,1771,-1,1658,1771,1659,-1,1659,1771,1772,-1,1659,1772,1660,-1,1660,1772,1773,-1,1660,1773,1661,-1,1661,1773,1774,-1,1661,1774,1662,-1,1662,1774,1775,-1,1662,1775,1663,-1,1663,1775,1776,-1,1663,1776,1664,-1,1664,1776,1777,-1,1664,1777,1665,-1,1665,1777,1778,-1,1665,1778,1666,-1,1666,1778,1779,-1,1666,1779,1667,-1,1667,1779,1780,-1,1667,1780,1668,-1,1668,1780,1781,-1,1668,1781,1669,-1,1669,1781,1782,-1,1669,1782,1670,-1,1670,1782,1783,-1,1670,1783,1671,-1,1671,1783,1784,-1,1671,1784,1672,-1,1672,1784,1785,-1,1672,1785,1673,-1,1673,1785,1786,-1,1673,1786,1674,-1,1674,1786,1787,-1,1674,1787,1675,-1,1675,1787,1788,-1,1675,1788,1676,-1,1676,1788,1789,-1,1676,1789,1677,-1,1677,1789,1790,-1,1677,1790,1678,-1,1678,1790,1791,-1,1678,1791,1679,-1,1679,1791,1792,-1,1679,1792,1680,-1,1680,1792,1793,-1,1680,1793,1681,-1,1681,1793,1794,-1,1681,1794,1682,-1,1682,1794,1795,-1,1682,1795,1683,-1,1683,1795,1796,-1,1683,1796,1684,-1,1684,1796,1797,-1,1684,1797,1685,-1,1685,1797,1798,-1,1685,1798,1686,-1,1686,1798,1799,-1,1686,1799,1687,-1,1687,1799,1800,-1,1687,1800,1688,-1,1688,1800,1801,-1,1688,1801,1689,-1,1689,1801,1802,-1,1689,1802,1690,-1,1690,1802,1803,-1,1690,1803,1691,-1,1691,1803,1804,-1,1691,1804,1692,-1,1692,1804,1805,-1,1692,1805,1693,-1,1693,1805,1806,-1,1693,1806,1694,-1,1694,1806,1807,-1,1694,1807,1695,-1,1695,1807,1808,-1,1695,1808,1696,-1,1696,1808,1809,-1,1696,1809,1697,-1,1697,1809,1810,-1,1697,1810,1698,-1,1698,1810,1811,-1,1698,1811,1699,-1,1699,1811,1812,-1,1699,1812,1700,-1,1700,1812,1813,-1,1700,1813,1701,-1,1701,1813,1814,-1,1701,1814,1702,-1,1702,1814,1815,-1,1702,1815,1703,-1,1703,1815,1816,-1,1703,1816,1704,-1,1704,1816,1817,-1,1704,1817,1705,-1,1705,1817,1818,-1,1705,1818,1706,-1,1706,1818,1819,-1,1706,1819,1707,-1,1707,1819,1820,-1,1707,1820,1708,-1,1708,1820,1821,-1,1708,1821,1709,-1,1709,1821,1822,-1,1709,1822,1710,-1,1710,1822,1823,-1,1710,1823,1711,-1,1711,1823,1824,-1,1711,1824,1712,-1,1712,1824,1825,-1,1712,1825,1713,-1,1713,1825,1826,-1,1713,1826,1714,-1,1714,1826,1827,-1,1714,1827,1715,-1,1715,1827,1828,-1,1715,1828,1716,-1,1716,1828,1829,-1,1716,1829,1717,-1,1717,1829,1830,-1,1717,1830,1718,-1,1718,1830,1831,-1,1718,1831,1719,-1,1719,1831,1832,-1,1719,1832,1720,-1,1720,1832,1833,-1,1720,1833,1721,-1,1721,1833,1834,-1,1721,1834,1722,-1,1722,1834,1835,-1,1722,1835,1723,-1,1723,1835,1836,-1,1723,1836,1724,-1,1724,1836,1837,-1,1724,1837,1725,-1,1725,1837,1838,-1,1725,1838,1726,-1,1726,1838,1839,-1,1726,1839,1727,-1,1727,1839,1840,-1,1727,1840,1728,-1,1728,1840,1841,-1,1728,1841,1729,-1,1729,1841,1842,-1,1729,1842,1730,-1,1730,1842,1843,-1,1730,1843,1731,-1,1731,1843,1844,-1,1731,1844,1732,-1,1732,1844,1845,-1,1732,1845,1733,-1,159,154,28,-1,28,154,1846,-1,28,1846,1734,-1,1734,1846,1847,-1,1734,1847,1735,-1,1735,1847,1848,-1,1735,1848,1736,-1,1736,1848,1849,-1,1736,1849,1737,-1,1737,1849,1850,-1,1737,1850,1738,-1,1738,1850,1851,-1,1738,1851,1739,-1,1739,1851,1852,-1,1739,1852,1740,-1,1740,1852,1853,-1,1740,1853,1741,-1,1741,1853,1854,-1,1741,1854,1742,-1,1742,1854,1855,-1,1742,1855,1743,-1,1743,1855,1856,-1,1743,1856,1744,-1,1744,1856,1857,-1,1744,1857,1745,-1,1745,1857,1858,-1,1745,1858,1746,-1,1746,1858,1859,-1,1746,1859,1747,-1,1747,1859,1860,-1,1747,1860,1748,-1,1748,1860,1861,-1,1748,1861,1749,-1,1749,1861,1862,-1,1749,1862,1750,-1,1750,1862,1863,-1,1750,1863,1751,-1,1751,1863,1864,-1,1751,1864,1752,-1,1752,1864,1865,-1,1752,1865,1753,-1,1753,1865,1866,-1,1753,1866,1754,-1,1754,1866,1867,-1,1754,1867,1755,-1,1755,1867,1868,-1,1755,1868,1756,-1,1756,1868,1869,-1,1756,1869,1757,-1,1757,1869,1870,-1,1757,1870,1758,-1,1758,1870,1871,-1,1758,1871,1759,-1,1759,1871,1872,-1,1759,1872,1760,-1,1760,1872,1873,-1,1760,1873,1761,-1,1761,1873,1874,-1,1761,1874,1762,-1,1762,1874,1875,-1,1762,1875,1763,-1,1763,1875,1876,-1,1763,1876,1764,-1,1764,1876,1877,-1,1764,1877,1765,-1,1765,1877,1878,-1,1765,1878,1766,-1,1766,1878,1879,-1,1766,1879,1767,-1,1767,1879,1880,-1,1767,1880,1768,-1,1768,1880,1881,-1,1768,1881,1769,-1,1769,1881,1882,-1,1769,1882,1770,-1,1770,1882,1883,-1,1770,1883,1771,-1,1771,1883,1884,-1,1771,1884,1772,-1,1772,1884,1885,-1,1772,1885,1773,-1,1773,1885,1886,-1,1773,1886,1774,-1,1774,1886,1887,-1,1774,1887,1775,-1,1775,1887,1888,-1,1775,1888,1776,-1,1776,1888,1889,-1,1776,1889,1777,-1,1777,1889,1890,-1,1777,1890,1778,-1,1778,1890,1891,-1,1778,1891,1779,-1,1779,1891,1892,-1,1779,1892,1780,-1,1780,1892,1893,-1,1780,1893,1781,-1,1781,1893,1894,-1,1781,1894,1782,-1,1782,1894,1895,-1,1782,1895,1783,-1,1783,1895,1896,-1,1783,1896,1784,-1,1784,1896,1897,-1,1784,1897,1785,-1,1785,1897,1898,-1,1785,1898,1786,-1,1786,1898,1899,-1,1786,1899,1787,-1,1787,1899,1900,-1,1787,1900,1788,-1,1788,1900,1901,-1,1788,1901,1789,-1,1789,1901,1902,-1,1789,1902,1790,-1,1790,1902,1903,-1,1790,1903,1791,-1,1791,1903,1904,-1,1791,1904,1792,-1,1792,1904,1905,-1,1792,1905,1793,-1,1793,1905,1906,-1,1793,1906,1794,-1,1794,1906,1907,-1,1794,1907,1795,-1,1795,1907,1908,-1,1795,1908,1796,-1,1796,1908,1909,-1,1796,1909,1797,-1,1797,1909,1910,-1,1797,1910,1798,-1,1798,1910,1911,-1,1798,1911,1799,-1,1799,1911,1912,-1,1799,1912,1800,-1,1800,1912,1913,-1,1800,1913,1801,-1,1801,1913,1914,-1,1801,1914,1802,-1,1802,1914,1915,-1,1802,1915,1803,-1,1803,1915,1916,-1,1803,1916,1804,-1,1804,1916,1917,-1,1804,1917,1805,-1,1805,1917,1918,-1,1805,1918,1806,-1,1806,1918,1919,-1,1806,1919,1807,-1,1807,1919,1920,-1,1807,1920,1808,-1,1808,1920,1921,-1,1808,1921,1809,-1,1809,1921,1922,-1,1809,1922,1810,-1,1810,1922,1923,-1,1810,1923,1811,-1,1811,1923,1924,-1,1811,1924,1812,-1,1812,1924,1925,-1,1812,1925,1813,-1,1813,1925,1926,-1,1813,1926,1814,-1,1814,1926,1927,-1,1814,1927,1815,-1,1815,1927,1928,-1,1815,1928,1816,-1,1816,1928,1929,-1,1816,1929,1817,-1,1817,1929,1930,-1,1817,1930,1818,-1,1818,1930,1931,-1,1818,1931,1819,-1,1819,1931,1932,-1,1819,1932,1820,-1,1820,1932,1933,-1,1820,1933,1821,-1,1821,1933,1934,-1,1821,1934,1822,-1,1822,1934,1935,-1,1822,1935,1823,-1,1823,1935,1936,-1,1823,1936,1824,-1,1824,1936,1937,-1,1824,1937,1825,-1,1825,1937,1938,-1,1825,1938,1826,-1,1826,1938,1939,-1,1826,1939,1827,-1,1827,1939,1940,-1,1827,1940,1828,-1,1828,1940,1941,-1,1828,1941,1829,-1,1829,1941,1942,-1,1829,1942,1830,-1,1830,1942,1943,-1,1830,1943,1831,-1,1831,1943,1944,-1,1831,1944,1832,-1,1832,1944,1945,-1,1832,1945,1833,-1,1833,1945,1946,-1,1833,1946,1834,-1,1834,1946,1947,-1,1834,1947,1835,-1,1835,1947,1948,-1,1835,1948,1836,-1,1836,1948,1949,-1,1836,1949,1837,-1,1837,1949,1950,-1,1837,1950,1838,-1,1838,1950,1951,-1,1838,1951,1839,-1,1839,1951,1952,-1,1839,1952,1840,-1,1840,1952,1953,-1,1840,1953,1841,-1,1841,1953,1954,-1,1841,1954,1842,-1,1842,1954,1955,-1,1842,1955,1843,-1,1843,1955,1956,-1,1843,1956,1844,-1,1844,1956,1957,-1,1844,1957,1845,-1,49,15,48,-1,48,15,1958,-1,48,1958,46,-1,158,150,156,-1,156,150,149,-1,156,149,154,-1,154,149,1959,-1,154,1959,1846,-1,1846,1959,1960,-1,1846,1960,1847,-1,1847,1960,1961,-1,1847,1961,1848,-1,1848,1961,1962,-1,1848,1962,1849,-1,1849,1962,1963,-1,1849,1963,1850,-1,1850,1963,1964,-1,1850,1964,1851,-1,1851,1964,1965,-1,1851,1965,1852,-1,1852,1965,1966,-1,1852,1966,1853,-1,1853,1966,1967,-1,1853,1967,1854,-1,1854,1967,1968,-1,1854,1968,1855,-1,1855,1968,1969,-1,1855,1969,1856,-1,1856,1969,1970,-1,1856,1970,1857,-1,1857,1970,1971,-1,1857,1971,1858,-1,1858,1971,1972,-1,1858,1972,1859,-1,1859,1972,1973,-1,1859,1973,1860,-1,1860,1973,1974,-1,1860,1974,1861,-1,1861,1974,1975,-1,1861,1975,1862,-1,1862,1975,1976,-1,1862,1976,1863,-1,1863,1976,1977,-1,1863,1977,1864,-1,1864,1977,1978,-1,1864,1978,1865,-1,1865,1978,1979,-1,1865,1979,1866,-1,1866,1979,1980,-1,1866,1980,1867,-1,1867,1980,1981,-1,1867,1981,1868,-1,1868,1981,1982,-1,1868,1982,1869,-1,1869,1982,1983,-1,1869,1983,1870,-1,1870,1983,1984,-1,1870,1984,1871,-1,1871,1984,1985,-1,1871,1985,1872,-1,1872,1985,1986,-1,1872,1986,1873,-1,1873,1986,1987,-1,1873,1987,1874,-1,1874,1987,1988,-1,1874,1988,1875,-1,1875,1988,1989,-1,1875,1989,1876,-1,1876,1989,1990,-1,1876,1990,1877,-1,1877,1990,1991,-1,1877,1991,1878,-1,1878,1991,1992,-1,1878,1992,1879,-1,1879,1992,1993,-1,1879,1993,1880,-1,1880,1993,1994,-1,1880,1994,1881,-1,1881,1994,1995,-1,1881,1995,1882,-1,1882,1995,1996,-1,1882,1996,1883,-1,1883,1996,1997,-1,1883,1997,1884,-1,1884,1997,1998,-1,1884,1998,1885,-1,1885,1998,1999,-1,1885,1999,1886,-1,1886,1999,2000,-1,1886,2000,1887,-1,1887,2000,2001,-1,1887,2001,1888,-1,1888,2001,2002,-1,1888,2002,1889,-1,1889,2002,2003,-1,1889,2003,1890,-1,1890,2003,2004,-1,1890,2004,1891,-1,1891,2004,2005,-1,1891,2005,1892,-1,1892,2005,2006,-1,1892,2006,1893,-1,1893,2006,2007,-1,1893,2007,1894,-1,1894,2007,2008,-1,1894,2008,1895,-1,1895,2008,2009,-1,1895,2009,1896,-1,1896,2009,2010,-1,1896,2010,1897,-1,1897,2010,2011,-1,1897,2011,1898,-1,1898,2011,2012,-1,1898,2012,1899,-1,1899,2012,2013,-1,1899,2013,1900,-1,1900,2013,2014,-1,1900,2014,1901,-1,1901,2014,2015,-1,1901,2015,1902,-1,1902,2015,2016,-1,1902,2016,1903,-1,1903,2016,2017,-1,1903,2017,1904,-1,1904,2017,2018,-1,1904,2018,1905,-1,1905,2018,2019,-1,1905,2019,1906,-1,1906,2019,2020,-1,1906,2020,1907,-1,1907,2020,2021,-1,1907,2021,1908,-1,1908,2021,2022,-1,1908,2022,1909,-1,1909,2022,2023,-1,1909,2023,1910,-1,1910,2023,2024,-1,1910,2024,1911,-1,1911,2024,2025,-1,1911,2025,1912,-1,1912,2025,2026,-1,1912,2026,1913,-1,1913,2026,2027,-1,1913,2027,1914,-1,1914,2027,2028,-1,1914,2028,1915,-1,1915,2028,2029,-1,1915,2029,1916,-1,1916,2029,2030,-1,1916,2030,1917,-1,1917,2030,2031,-1,1917,2031,1918,-1,1918,2031,2032,-1,1918,2032,1919,-1,1919,2032,2033,-1,1919,2033,1920,-1,1920,2033,2034,-1,1920,2034,1921,-1,1921,2034,2035,-1,1921,2035,1922,-1,1922,2035,2036,-1,1922,2036,1923,-1,1923,2036,2037,-1,1923,2037,1924,-1,1924,2037,2038,-1,1924,2038,1925,-1,1925,2038,2039,-1,1925,2039,1926,-1,1926,2039,2040,-1,1926,2040,1927,-1,1927,2040,2041,-1,1927,2041,1928,-1,1928,2041,2042,-1,1928,2042,1929,-1,1929,2042,2043,-1,1929,2043,1930,-1,1930,2043,2044,-1,1930,2044,1931,-1,1931,2044,2045,-1,1931,2045,1932,-1,1932,2045,2046,-1,1932,2046,1933,-1,1933,2046,2047,-1,1933,2047,1934,-1,1934,2047,2048,-1,1934,2048,1935,-1,1935,2048,2049,-1,1935,2049,1936,-1,1936,2049,2050,-1,1936,2050,1937,-1,1937,2050,2051,-1,1937,2051,1938,-1,1938,2051,2052,-1,1938,2052,1939,-1,1939,2052,2053,-1,1939,2053,1940,-1,1940,2053,2054,-1,1940,2054,1941,-1,1941,2054,2055,-1,1941,2055,1942,-1,1942,2055,2056,-1,1942,2056,1943,-1,1943,2056,2057,-1,1943,2057,1944,-1,1944,2057,2058,-1,1944,2058,1945,-1,1945,2058,2059,-1,1945,2059,1946,-1,1946,2059,2060,-1,1946,2060,1947,-1,1947,2060,2061,-1,1947,2061,1948,-1,1948,2061,2062,-1,1948,2062,1949,-1,1949,2062,2063,-1,1949,2063,1950,-1,1950,2063,2064,-1,1950,2064,1951,-1,1951,2064,2065,-1,1951,2065,1952,-1,1952,2065,2066,-1,1952,2066,1953,-1,1953,2066,2067,-1,1953,2067,1954,-1,1954,2067,2068,-1,1954,2068,1955,-1,1955,2068,2069,-1,1955,2069,1956,-1,1956,2069,2070,-1,1956,2070,1957,-1,55,42,2071,-1,2071,42,44,-1,2071,44,1958,-1,1958,44,45,-1,1958,45,46,-1,153,148,151,-1,151,148,147,-1,151,147,149,-1,149,147,2072,-1,149,2072,1959,-1,1959,2072,2073,-1,1959,2073,1960,-1,1960,2073,2074,-1,1960,2074,1961,-1,1961,2074,2075,-1,1961,2075,1962,-1,1962,2075,2076,-1,1962,2076,1963,-1,1963,2076,2077,-1,1963,2077,1964,-1,1964,2077,2078,-1,1964,2078,1965,-1,1965,2078,2079,-1,1965,2079,1966,-1,1966,2079,2080,-1,1966,2080,1967,-1,1967,2080,2081,-1,1967,2081,1968,-1,1968,2081,2082,-1,1968,2082,1969,-1,1969,2082,2083,-1,1969,2083,1970,-1,1970,2083,2084,-1,1970,2084,1971,-1,1971,2084,2085,-1,1971,2085,1972,-1,1972,2085,2086,-1,1972,2086,1973,-1,1973,2086,2087,-1,1973,2087,1974,-1,1974,2087,2088,-1,1974,2088,1975,-1,1975,2088,2089,-1,1975,2089,1976,-1,1976,2089,2090,-1,1976,2090,1977,-1,1977,2090,2091,-1,1977,2091,1978,-1,1978,2091,2092,-1,1978,2092,1979,-1,1979,2092,2093,-1,1979,2093,1980,-1,1980,2093,2094,-1,1980,2094,1981,-1,1981,2094,2095,-1,1981,2095,1982,-1,1982,2095,2096,-1,1982,2096,1983,-1,1983,2096,2097,-1,1983,2097,1984,-1,1984,2097,2098,-1,1984,2098,1985,-1,1985,2098,2099,-1,1985,2099,1986,-1,1986,2099,2100,-1,1986,2100,1987,-1,1987,2100,2101,-1,1987,2101,1988,-1,1988,2101,2102,-1,1988,2102,1989,-1,1989,2102,2103,-1,1989,2103,1990,-1,1990,2103,2104,-1,1990,2104,1991,-1,1991,2104,2105,-1,1991,2105,1992,-1,1992,2105,2106,-1,1992,2106,1993,-1,1993,2106,2107,-1,1993,2107,1994,-1,1994,2107,2108,-1,1994,2108,1995,-1,1995,2108,2109,-1,1995,2109,1996,-1,1996,2109,2110,-1,1996,2110,1997,-1,1997,2110,2111,-1,1997,2111,1998,-1,1998,2111,2112,-1,1998,2112,1999,-1,1999,2112,2113,-1,1999,2113,2000,-1,2000,2113,2114,-1,2000,2114,2001,-1,2001,2114,2115,-1,2001,2115,2002,-1,2002,2115,2116,-1,2002,2116,2003,-1,2003,2116,2117,-1,2003,2117,2004,-1,2004,2117,2118,-1,2004,2118,2005,-1,2005,2118,2119,-1,2005,2119,2006,-1,2006,2119,2120,-1,2006,2120,2007,-1,2007,2120,2121,-1,2007,2121,2008,-1,2008,2121,2122,-1,2008,2122,2009,-1,2009,2122,2123,-1,2009,2123,2010,-1,2010,2123,2124,-1,2010,2124,2011,-1,2011,2124,2125,-1,2011,2125,2012,-1,2012,2125,2126,-1,2012,2126,2013,-1,2013,2126,2127,-1,2013,2127,2014,-1,2014,2127,2128,-1,2014,2128,2015,-1,2015,2128,2129,-1,2015,2129,2016,-1,2016,2129,2130,-1,2016,2130,2017,-1,2017,2130,2131,-1,2017,2131,2018,-1,2018,2131,2132,-1,2018,2132,2019,-1,2019,2132,2133,-1,2019,2133,2020,-1,2020,2133,2134,-1,2020,2134,2021,-1,2021,2134,2135,-1,2021,2135,2022,-1,2022,2135,2136,-1,2022,2136,2023,-1,2023,2136,2137,-1,2023,2137,2024,-1,2024,2137,2138,-1,2024,2138,2025,-1,2025,2138,2139,-1,2025,2139,2026,-1,2026,2139,2140,-1,2026,2140,2027,-1,2027,2140,2141,-1,2027,2141,2028,-1,2028,2141,2142,-1,2028,2142,2029,-1,2029,2142,2143,-1,2029,2143,2030,-1,2030,2143,2144,-1,2030,2144,2031,-1,2031,2144,2145,-1,2031,2145,2032,-1,2032,2145,2146,-1,2032,2146,2033,-1,2033,2146,2147,-1,2033,2147,2034,-1,2034,2147,2148,-1,2034,2148,2035,-1,2035,2148,2149,-1,2035,2149,2036,-1,2036,2149,2150,-1,2036,2150,2037,-1,2037,2150,2151,-1,2037,2151,2038,-1,2038,2151,2152,-1,2038,2152,2039,-1,2039,2152,2153,-1,2039,2153,2040,-1,2040,2153,2154,-1,2040,2154,2041,-1,2041,2154,2155,-1,2041,2155,2042,-1,2042,2155,2156,-1,2042,2156,2043,-1,2043,2156,2157,-1,2043,2157,2044,-1,2044,2157,2158,-1,2044,2158,2045,-1,2045,2158,2159,-1,2045,2159,2046,-1,2046,2159,2160,-1,2046,2160,2047,-1,2047,2160,2161,-1,2047,2161,2048,-1,2048,2161,2162,-1,2048,2162,2049,-1,2049,2162,2163,-1,2049,2163,2050,-1,2050,2163,2164,-1,2050,2164,2051,-1,2051,2164,2165,-1,2051,2165,2052,-1,2052,2165,2166,-1,2052,2166,2053,-1,2053,2166,2167,-1,2053,2167,2054,-1,2054,2167,2168,-1,2054,2168,2055,-1,2055,2168,2169,-1,2055,2169,2056,-1,2056,2169,2170,-1,2056,2170,2057,-1,2057,2170,2171,-1,2057,2171,2058,-1,2058,2171,2172,-1,2058,2172,2059,-1,2059,2172,2173,-1,2059,2173,2060,-1,2060,2173,2174,-1,2060,2174,2061,-1,2061,2174,2175,-1,2061,2175,2062,-1,2062,2175,2176,-1,2062,2176,2063,-1,2063,2176,2177,-1,2063,2177,2064,-1,2064,2177,2178,-1,2064,2178,2065,-1,2065,2178,2179,-1,2065,2179,2066,-1,2066,2179,2180,-1,2066,2180,2067,-1,2067,2180,2181,-1,2067,2181,2068,-1,2068,2181,2182,-1,2068,2182,2069,-1,2069,2182,2183,-1,2069,2183,2070,-1,55,2071,53,-1,53,2071,2184,-1,53,2184,51,-1,144,143,145,-1,145,143,141,-1,145,141,147,-1,147,141,2185,-1,147,2185,2072,-1,2072,2185,2186,-1,2072,2186,2073,-1,2073,2186,2187,-1,2073,2187,2074,-1,2074,2187,2188,-1,2074,2188,2075,-1,2075,2188,2189,-1,2075,2189,2076,-1,2076,2189,2190,-1,2076,2190,2077,-1,2077,2190,2191,-1,2077,2191,2078,-1,2078,2191,2192,-1,2078,2192,2079,-1,2079,2192,2193,-1,2079,2193,2080,-1,2080,2193,2194,-1,2080,2194,2081,-1,2081,2194,2195,-1,2081,2195,2082,-1,2082,2195,2196,-1,2082,2196,2083,-1,2083,2196,2197,-1,2083,2197,2084,-1,2084,2197,2198,-1,2084,2198,2085,-1,2085,2198,2199,-1,2085,2199,2086,-1,2086,2199,2200,-1,2086,2200,2087,-1,2087,2200,2201,-1,2087,2201,2088,-1,2088,2201,2202,-1,2088,2202,2089,-1,2089,2202,2203,-1,2089,2203,2090,-1,2090,2203,2204,-1,2090,2204,2091,-1,2091,2204,2205,-1,2091,2205,2092,-1,2092,2205,2206,-1,2092,2206,2093,-1,2093,2206,2207,-1,2093,2207,2094,-1,2094,2207,2208,-1,2094,2208,2095,-1,2095,2208,2209,-1,2095,2209,2096,-1,2096,2209,2210,-1,2096,2210,2097,-1,2097,2210,2211,-1,2097,2211,2098,-1,2098,2211,2212,-1,2098,2212,2099,-1,2099,2212,2213,-1,2099,2213,2100,-1,2100,2213,2214,-1,2100,2214,2101,-1,2101,2214,2215,-1,2101,2215,2102,-1,2102,2215,2216,-1,2102,2216,2103,-1,2103,2216,2217,-1,2103,2217,2104,-1,2104,2217,2218,-1,2104,2218,2105,-1,2105,2218,2219,-1,2105,2219,2106,-1,2106,2219,2220,-1,2106,2220,2107,-1,2107,2220,2221,-1,2107,2221,2108,-1,2108,2221,2222,-1,2108,2222,2109,-1,2109,2222,2223,-1,2109,2223,2110,-1,2110,2223,2224,-1,2110,2224,2111,-1,2111,2224,2225,-1,2111,2225,2112,-1,2112,2225,2226,-1,2112,2226,2113,-1,2113,2226,2227,-1,2113,2227,2114,-1,2114,2227,2228,-1,2114,2228,2115,-1,2115,2228,2229,-1,2115,2229,2116,-1,2116,2229,2230,-1,2116,2230,2117,-1,2117,2230,2231,-1,2117,2231,2118,-1,2118,2231,2232,-1,2118,2232,2119,-1,2119,2232,2233,-1,2119,2233,2120,-1,2120,2233,2234,-1,2120,2234,2121,-1,2121,2234,2235,-1,2121,2235,2122,-1,2122,2235,2236,-1,2122,2236,2123,-1,2123,2236,2237,-1,2123,2237,2124,-1,2124,2237,2238,-1,2124,2238,2125,-1,2125,2238,2239,-1,2125,2239,2126,-1,2126,2239,2240,-1,2126,2240,2127,-1,2127,2240,2241,-1,2127,2241,2128,-1,2128,2241,2242,-1,2128,2242,2129,-1,2129,2242,2243,-1,2129,2243,2130,-1,2130,2243,2244,-1,2130,2244,2131,-1,2131,2244,2245,-1,2131,2245,2132,-1,2132,2245,2246,-1,2132,2246,2133,-1,2133,2246,2247,-1,2133,2247,2134,-1,2134,2247,2248,-1,2134,2248,2135,-1,2135,2248,2249,-1,2135,2249,2136,-1,2136,2249,2250,-1,2136,2250,2137,-1,2137,2250,2251,-1,2137,2251,2138,-1,2138,2251,2252,-1,2138,2252,2139,-1,2139,2252,2253,-1,2139,2253,2140,-1,2140,2253,2254,-1,2140,2254,2141,-1,2141,2254,2255,-1,2141,2255,2142,-1,2142,2255,2256,-1,2142,2256,2143,-1,2143,2256,2257,-1,2143,2257,2144,-1,2144,2257,2258,-1,2144,2258,2145,-1,2145,2258,2259,-1,2145,2259,2146,-1,2146,2259,2260,-1,2146,2260,2147,-1,2147,2260,2261,-1,2147,2261,2148,-1,2148,2261,2262,-1,2148,2262,2149,-1,2149,2262,2263,-1,2149,2263,2150,-1,2150,2263,2264,-1,2150,2264,2151,-1,2151,2264,2265,-1,2151,2265,2152,-1,2152,2265,2266,-1,2152,2266,2153,-1,2153,2266,2267,-1,2153,2267,2154,-1,2154,2267,2268,-1,2154,2268,2155,-1,2155,2268,2269,-1,2155,2269,2156,-1,2156,2269,2270,-1,2156,2270,2157,-1,2157,2270,2271,-1,2157,2271,2158,-1,2158,2271,2272,-1,2158,2272,2159,-1,2159,2272,2273,-1,2159,2273,2160,-1,2160,2273,2274,-1,2160,2274,2161,-1,2161,2274,2275,-1,2161,2275,2162,-1,2162,2275,2276,-1,2162,2276,2163,-1,2163,2276,2277,-1,2163,2277,2164,-1,2164,2277,2278,-1,2164,2278,2165,-1,2165,2278,2279,-1,2165,2279,2166,-1,2166,2279,2280,-1,2166,2280,2167,-1,2167,2280,2281,-1,2167,2281,2168,-1,2168,2281,2282,-1,2168,2282,2169,-1,2169,2282,2283,-1,2169,2283,2170,-1,2170,2283,2284,-1,2170,2284,2171,-1,2171,2284,2285,-1,2171,2285,2172,-1,2172,2285,2286,-1,2172,2286,2173,-1,2173,2286,2287,-1,2173,2287,2174,-1,2174,2287,2288,-1,2174,2288,2175,-1,2175,2288,2289,-1,2175,2289,2176,-1,2176,2289,2290,-1,2176,2290,2177,-1,2177,2290,2291,-1,2177,2291,2178,-1,2178,2291,2292,-1,2178,2292,2179,-1,2179,2292,2293,-1,2179,2293,2180,-1,2180,2293,2294,-1,2180,2294,2181,-1,2181,2294,2295,-1,2181,2295,2182,-1,2182,2295,2296,-1,2182,2296,2183,-1,2297,38,2298,-1,2298,38,40,-1,2298,40,2184,-1,2184,40,41,-1,2184,41,51,-1,138,137,139,-1,139,137,135,-1,139,135,141,-1,141,135,2299,-1,141,2299,2185,-1,2185,2299,2300,-1,2185,2300,2186,-1,2186,2300,2301,-1,2186,2301,2187,-1,2187,2301,2302,-1,2187,2302,2188,-1,2188,2302,2303,-1,2188,2303,2189,-1,2189,2303,2304,-1,2189,2304,2190,-1,2190,2304,2305,-1,2190,2305,2191,-1,2191,2305,2306,-1,2191,2306,2192,-1,2192,2306,2307,-1,2192,2307,2193,-1,2193,2307,2308,-1,2193,2308,2194,-1,2194,2308,2309,-1,2194,2309,2195,-1,2195,2309,2310,-1,2195,2310,2196,-1,2196,2310,2311,-1,2196,2311,2197,-1,2197,2311,2312,-1,2197,2312,2198,-1,2198,2312,2313,-1,2198,2313,2199,-1,2199,2313,2314,-1,2199,2314,2200,-1,2200,2314,2315,-1,2200,2315,2201,-1,2201,2315,2316,-1,2201,2316,2202,-1,2202,2316,2317,-1,2202,2317,2203,-1,2203,2317,2318,-1,2203,2318,2204,-1,2204,2318,2319,-1,2204,2319,2205,-1,2205,2319,2320,-1,2205,2320,2206,-1,2206,2320,2321,-1,2206,2321,2207,-1,2207,2321,2322,-1,2207,2322,2208,-1,2208,2322,2323,-1,2208,2323,2209,-1,2209,2323,2324,-1,2209,2324,2210,-1,2210,2324,2325,-1,2210,2325,2211,-1,2211,2325,2326,-1,2211,2326,2212,-1,2212,2326,2327,-1,2212,2327,2213,-1,2213,2327,2328,-1,2213,2328,2214,-1,2214,2328,2329,-1,2214,2329,2215,-1,2215,2329,2330,-1,2215,2330,2216,-1,2216,2330,2331,-1,2216,2331,2217,-1,2217,2331,2332,-1,2217,2332,2218,-1,2218,2332,2333,-1,2218,2333,2219,-1,2219,2333,2334,-1,2219,2334,2220,-1,2220,2334,2335,-1,2220,2335,2221,-1,2221,2335,2336,-1,2221,2336,2222,-1,2222,2336,2337,-1,2222,2337,2223,-1,2223,2337,2338,-1,2223,2338,2224,-1,2224,2338,2339,-1,2224,2339,2225,-1,2225,2339,2340,-1,2225,2340,2226,-1,2226,2340,2341,-1,2226,2341,2227,-1,2227,2341,2342,-1,2227,2342,2228,-1,2228,2342,2343,-1,2228,2343,2229,-1,2229,2343,2344,-1,2229,2344,2230,-1,2230,2344,2345,-1,2230,2345,2231,-1,2231,2345,2346,-1,2231,2346,2232,-1,2232,2346,2347,-1,2232,2347,2233,-1,2233,2347,2348,-1,2233,2348,2234,-1,2234,2348,2349,-1,2234,2349,2235,-1,2235,2349,2350,-1,2235,2350,2236,-1,2236,2350,2351,-1,2236,2351,2237,-1,2237,2351,2352,-1,2237,2352,2238,-1,2238,2352,2353,-1,2238,2353,2239,-1,2239,2353,2354,-1,2239,2354,2240,-1,2240,2354,2355,-1,2240,2355,2241,-1,2241,2355,2356,-1,2241,2356,2242,-1,2242,2356,2357,-1,2242,2357,2243,-1,2243,2357,2358,-1,2243,2358,2244,-1,2244,2358,2359,-1,2244,2359,2245,-1,2245,2359,2360,-1,2245,2360,2246,-1,2246,2360,2361,-1,2246,2361,2247,-1,2247,2361,2362,-1,2247,2362,2248,-1,2248,2362,2363,-1,2248,2363,2249,-1,2249,2363,2364,-1,2249,2364,2250,-1,2250,2364,2365,-1,2250,2365,2251,-1,2251,2365,2366,-1,2251,2366,2252,-1,2252,2366,2367,-1,2252,2367,2253,-1,2253,2367,2368,-1,2253,2368,2254,-1,2254,2368,2369,-1,2254,2369,2255,-1,2255,2369,2370,-1,2255,2370,2256,-1,2256,2370,2371,-1,2256,2371,2257,-1,2257,2371,2372,-1,2257,2372,2258,-1,2258,2372,2373,-1,2258,2373,2259,-1,2259,2373,2374,-1,2259,2374,2260,-1,2260,2374,2375,-1,2260,2375,2261,-1,2261,2375,2376,-1,2261,2376,2262,-1,2262,2376,2377,-1,2262,2377,2263,-1,2263,2377,2378,-1,2263,2378,2264,-1,2264,2378,2379,-1,2264,2379,2265,-1,2265,2379,2380,-1,2265,2380,2266,-1,2266,2380,2381,-1,2266,2381,2267,-1,2267,2381,2382,-1,2267,2382,2268,-1,2268,2382,2383,-1,2268,2383,2269,-1,2269,2383,2384,-1,2269,2384,2270,-1,2270,2384,2385,-1,2270,2385,2271,-1,2271,2385,2386,-1,2271,2386,2272,-1,2272,2386,2387,-1,2272,2387,2273,-1,2273,2387,2388,-1,2273,2388,2274,-1,2274,2388,2389,-1,2274,2389,2275,-1,2275,2389,2390,-1,2275,2390,2276,-1,2276,2390,2391,-1,2276,2391,2277,-1,2277,2391,2392,-1,2277,2392,2278,-1,2278,2392,2393,-1,2278,2393,2279,-1,2279,2393,2394,-1,2279,2394,2280,-1,2280,2394,2395,-1,2280,2395,2281,-1,2281,2395,2396,-1,2281,2396,2282,-1,2282,2396,2397,-1,2282,2397,2283,-1,2283,2397,2398,-1,2283,2398,2284,-1,2284,2398,2399,-1,2284,2399,2285,-1,2285,2399,2400,-1,2285,2400,2286,-1,2286,2400,2401,-1,2286,2401,2287,-1,2287,2401,2402,-1,2287,2402,2288,-1,2288,2402,2403,-1,2288,2403,2289,-1,2289,2403,2404,-1,2289,2404,2290,-1,2290,2404,2405,-1,2290,2405,2291,-1,2291,2405,2406,-1,2291,2406,2292,-1,2292,2406,2407,-1,2292,2407,2293,-1,2293,2407,2408,-1,2293,2408,2294,-1,2294,2408,2409,-1,2294,2409,2295,-1,2295,2409,2410,-1,2295,2410,2296,-1,130,132,135,-1,135,132,2411,-1,135,2411,2299,-1,2299,2411,2412,-1,2299,2412,2300,-1,2300,2412,2413,-1,2300,2413,2301,-1,2301,2413,2414,-1,2301,2414,2302,-1,2302,2414,2415,-1,2302,2415,2303,-1,2303,2415,2416,-1,2303,2416,2304,-1,2304,2416,2417,-1,2304,2417,2305,-1,2305,2417,2418,-1,2305,2418,2306,-1,2306,2418,2419,-1,2306,2419,2307,-1,2307,2419,2420,-1,2307,2420,2308,-1,2308,2420,2421,-1,2308,2421,2309,-1,2309,2421,2422,-1,2309,2422,2310,-1,2310,2422,2423,-1,2310,2423,2311,-1,2311,2423,2424,-1,2311,2424,2312,-1,2312,2424,2425,-1,2312,2425,2313,-1,2313,2425,2426,-1,2313,2426,2314,-1,2314,2426,2427,-1,2314,2427,2315,-1,2315,2427,2428,-1,2315,2428,2316,-1,2316,2428,2429,-1,2316,2429,2317,-1,2317,2429,2430,-1,2317,2430,2318,-1,2318,2430,2431,-1,2318,2431,2319,-1,2319,2431,2432,-1,2319,2432,2320,-1,2320,2432,2433,-1,2320,2433,2321,-1,2321,2433,2434,-1,2321,2434,2322,-1,2322,2434,2435,-1,2322,2435,2323,-1,2323,2435,2436,-1,2323,2436,2324,-1,2324,2436,2437,-1,2324,2437,2325,-1,2325,2437,2438,-1,2325,2438,2326,-1,2326,2438,2439,-1,2326,2439,2327,-1,2327,2439,2440,-1,2327,2440,2328,-1,2328,2440,2441,-1,2328,2441,2329,-1,2329,2441,2442,-1,2329,2442,2330,-1,2330,2442,2443,-1,2330,2443,2331,-1,2331,2443,2444,-1,2331,2444,2332,-1,2332,2444,2445,-1,2332,2445,2333,-1,2333,2445,2446,-1,2333,2446,2334,-1,2334,2446,2447,-1,2334,2447,2335,-1,2335,2447,2448,-1,2335,2448,2336,-1,2336,2448,2449,-1,2336,2449,2337,-1,2337,2449,2450,-1,2337,2450,2338,-1,2338,2450,2451,-1,2338,2451,2339,-1,2339,2451,2452,-1,2339,2452,2340,-1,2340,2452,2453,-1,2340,2453,2341,-1,2341,2453,2454,-1,2341,2454,2342,-1,2342,2454,2455,-1,2342,2455,2343,-1,2343,2455,2456,-1,2343,2456,2344,-1,2344,2456,2457,-1,2344,2457,2345,-1,2345,2457,2458,-1,2345,2458,2346,-1,2346,2458,2459,-1,2346,2459,2347,-1,2347,2459,2460,-1,2347,2460,2348,-1,2348,2460,2461,-1,2348,2461,2349,-1,2349,2461,2462,-1,2349,2462,2350,-1,2350,2462,2463,-1,2350,2463,2351,-1,2351,2463,2464,-1,2351,2464,2352,-1,2352,2464,2465,-1,2352,2465,2353,-1,2353,2465,2466,-1,2353,2466,2354,-1,2354,2466,2467,-1,2354,2467,2355,-1,2355,2467,2468,-1,2355,2468,2356,-1,2356,2468,2469,-1,2356,2469,2357,-1,2357,2469,2470,-1,2357,2470,2358,-1,2358,2470,2471,-1,2358,2471,2359,-1,2359,2471,2472,-1,2359,2472,2360,-1,2360,2472,2473,-1,2360,2473,2361,-1,2361,2473,2474,-1,2361,2474,2362,-1,2362,2474,2475,-1,2362,2475,2363,-1,2363,2475,2476,-1,2363,2476,2364,-1,2364,2476,2477,-1,2364,2477,2365,-1,2365,2477,2478,-1,2365,2478,2366,-1,2366,2478,2479,-1,2366,2479,2367,-1,2367,2479,2480,-1,2367,2480,2368,-1,2368,2480,2481,-1,2368,2481,2369,-1,2369,2481,2482,-1,2369,2482,2370,-1,2370,2482,2483,-1,2370,2483,2371,-1,2371,2483,2484,-1,2371,2484,2372,-1,2372,2484,2485,-1,2372,2485,2373,-1,2373,2485,2486,-1,2373,2486,2374,-1,2374,2486,2487,-1,2374,2487,2375,-1,2375,2487,2488,-1,2375,2488,2376,-1,2376,2488,2489,-1,2376,2489,2377,-1,2377,2489,2490,-1,2377,2490,2378,-1,2378,2490,2491,-1,2378,2491,2379,-1,2379,2491,2492,-1,2379,2492,2380,-1,2380,2492,2493,-1,2380,2493,2381,-1,2381,2493,2494,-1,2381,2494,2382,-1,2382,2494,2495,-1,2382,2495,2383,-1,2383,2495,2496,-1,2383,2496,2384,-1,2384,2496,2497,-1,2384,2497,2385,-1,2385,2497,2498,-1,2385,2498,2386,-1,2386,2498,2499,-1,2386,2499,2387,-1,2387,2499,2500,-1,2387,2500,2388,-1,2388,2500,2501,-1,2388,2501,2389,-1,2389,2501,2502,-1,2389,2502,2390,-1,2390,2502,2503,-1,2390,2503,2391,-1,2391,2503,2504,-1,2391,2504,2392,-1,2392,2504,2505,-1,2392,2505,2393,-1,2393,2505,2506,-1,2393,2506,2394,-1,2394,2506,2507,-1,2394,2507,2395,-1,2395,2507,2508,-1,2395,2508,2396,-1,2396,2508,2509,-1,2396,2509,2397,-1,2397,2509,2510,-1,2397,2510,2398,-1,2398,2510,2511,-1,2398,2511,2399,-1,2399,2511,2512,-1,2399,2512,2400,-1,2400,2512,2513,-1,2400,2513,2401,-1,2401,2513,2514,-1,2401,2514,2402,-1,2402,2514,2515,-1,2402,2515,2403,-1,2403,2515,2516,-1,2403,2516,2404,-1,2404,2516,2517,-1,2404,2517,2405,-1,2405,2517,2518,-1,2405,2518,2406,-1,2406,2518,2519,-1,2406,2519,2407,-1,2407,2519,2520,-1,2407,2520,2408,-1,2408,2520,2521,-1,2408,2521,2409,-1,2409,2521,2522,-1,2409,2522,2410,-1,134,124,132,-1,132,124,126,-1,132,126,2411,-1,2411,126,2523,-1,2411,2523,2412,-1,2412,2523,2524,-1,2412,2524,2413,-1,2413,2524,2525,-1,2413,2525,2414,-1,2414,2525,2526,-1,2414,2526,2415,-1,2415,2526,2527,-1,2415,2527,2416,-1,2416,2527,2528,-1,2416,2528,2417,-1,2417,2528,2529,-1,2417,2529,2418,-1,2418,2529,2530,-1,2418,2530,2419,-1,2419,2530,2531,-1,2419,2531,2420,-1,2420,2531,2532,-1,2420,2532,2421,-1,2421,2532,2533,-1,2421,2533,2422,-1,2422,2533,2534,-1,2422,2534,2423,-1,2423,2534,2535,-1,2423,2535,2424,-1,2424,2535,2536,-1,2424,2536,2425,-1,2425,2536,2537,-1,2425,2537,2426,-1,2426,2537,2538,-1,2426,2538,2427,-1,2427,2538,2539,-1,2427,2539,2428,-1,2428,2539,2540,-1,2428,2540,2429,-1,2429,2540,2541,-1,2429,2541,2430,-1,2430,2541,2542,-1,2430,2542,2431,-1,2431,2542,2543,-1,2431,2543,2432,-1,2432,2543,2544,-1,2432,2544,2433,-1,2433,2544,2545,-1,2433,2545,2434,-1,2434,2545,2546,-1,2434,2546,2435,-1,2435,2546,2547,-1,2435,2547,2436,-1,2436,2547,2548,-1,2436,2548,2437,-1,2437,2548,2549,-1,2437,2549,2438,-1,2438,2549,2550,-1,2438,2550,2439,-1,2439,2550,2551,-1,2439,2551,2440,-1,2440,2551,2552,-1,2440,2552,2441,-1,2441,2552,2553,-1,2441,2553,2442,-1,2442,2553,2554,-1,2442,2554,2443,-1,2443,2554,2555,-1,2443,2555,2444,-1,2444,2555,2556,-1,2444,2556,2445,-1,2445,2556,2557,-1,2445,2557,2446,-1,2446,2557,2558,-1,2446,2558,2447,-1,2447,2558,2559,-1,2447,2559,2448,-1,2448,2559,2560,-1,2448,2560,2449,-1,2449,2560,2561,-1,2449,2561,2450,-1,2450,2561,2562,-1,2450,2562,2451,-1,2451,2562,2563,-1,2451,2563,2452,-1,2452,2563,2564,-1,2452,2564,2453,-1,2453,2564,2565,-1,2453,2565,2454,-1,2454,2565,2566,-1,2454,2566,2455,-1,2455,2566,2567,-1,2455,2567,2456,-1,2456,2567,2568,-1,2456,2568,2457,-1,2457,2568,2569,-1,2457,2569,2458,-1,2458,2569,2570,-1,2458,2570,2459,-1,2459,2570,2571,-1,2459,2571,2460,-1,2460,2571,2572,-1,2460,2572,2461,-1,2461,2572,2573,-1,2461,2573,2462,-1,2462,2573,2574,-1,2462,2574,2463,-1,2463,2574,2575,-1,2463,2575,2464,-1,2464,2575,2576,-1,2464,2576,2465,-1,2465,2576,2577,-1,2465,2577,2466,-1,2466,2577,2578,-1,2466,2578,2467,-1,2467,2578,2579,-1,2467,2579,2468,-1,2468,2579,2580,-1,2468,2580,2469,-1,2469,2580,2581,-1,2469,2581,2470,-1,2470,2581,2582,-1,2470,2582,2471,-1,2471,2582,2583,-1,2471,2583,2472,-1,2472,2583,2584,-1,2472,2584,2473,-1,2473,2584,2585,-1,2473,2585,2474,-1,2474,2585,2586,-1,2474,2586,2475,-1,2475,2586,2587,-1,2475,2587,2476,-1,2476,2587,2588,-1,2476,2588,2477,-1,2477,2588,2589,-1,2477,2589,2478,-1,2478,2589,2590,-1,2478,2590,2479,-1,2479,2590,2591,-1,2479,2591,2480,-1,2480,2591,2592,-1,2480,2592,2481,-1,2481,2592,2593,-1,2481,2593,2482,-1,2482,2593,2594,-1,2482,2594,2483,-1,2483,2594,2595,-1,2483,2595,2484,-1,2484,2595,2596,-1,2484,2596,2485,-1,2485,2596,2597,-1,2485,2597,2486,-1,2486,2597,2598,-1,2486,2598,2487,-1,2487,2598,2599,-1,2487,2599,2488,-1,2488,2599,2600,-1,2488,2600,2489,-1,2489,2600,2601,-1,2489,2601,2490,-1,2490,2601,2602,-1,2490,2602,2491,-1,2491,2602,2603,-1,2491,2603,2492,-1,2492,2603,2604,-1,2492,2604,2493,-1,2493,2604,2605,-1,2493,2605,2494,-1,2494,2605,2606,-1,2494,2606,2495,-1,2495,2606,2607,-1,2495,2607,2496,-1,2496,2607,2608,-1,2496,2608,2497,-1,2497,2608,2609,-1,2497,2609,2498,-1,2498,2609,2610,-1,2498,2610,2499,-1,2499,2610,2611,-1,2499,2611,2500,-1,2500,2611,2612,-1,2500,2612,2501,-1,2501,2612,2613,-1,2501,2613,2502,-1,2502,2613,2614,-1,2502,2614,2503,-1,2503,2614,2615,-1,2503,2615,2504,-1,2504,2615,2616,-1,2504,2616,2505,-1,2505,2616,2617,-1,2505,2617,2506,-1,2506,2617,2618,-1,2506,2618,2507,-1,2507,2618,2619,-1,2507,2619,2508,-1,2508,2619,2620,-1,2508,2620,2509,-1,2509,2620,2621,-1,2509,2621,2510,-1,2510,2621,2622,-1,2510,2622,2511,-1,2511,2622,2623,-1,2511,2623,2512,-1,2512,2623,2624,-1,2512,2624,2513,-1,2513,2624,2625,-1,2513,2625,2514,-1,2514,2625,2626,-1,2514,2626,2515,-1,2515,2626,2627,-1,2515,2627,2516,-1,2516,2627,2628,-1,2516,2628,2517,-1,2517,2628,2629,-1,2517,2629,2518,-1,2518,2629,2630,-1,2518,2630,2519,-1,2519,2630,2631,-1,2519,2631,2520,-1,2520,2631,2632,-1,2520,2632,2521,-1,2521,2632,2633,-1,2521,2633,2522,-1,129,112,126,-1,126,112,111,-1,126,111,2523,-1,2523,111,2634,-1,2523,2634,2524,-1,2524,2634,2635,-1,2524,2635,2525,-1,2525,2635,2636,-1,2525,2636,2526,-1,2526,2636,2637,-1,2526,2637,2527,-1,2527,2637,2638,-1,2527,2638,2528,-1,2528,2638,2639,-1,2528,2639,2529,-1,2529,2639,2640,-1,2529,2640,2530,-1,2530,2640,2641,-1,2530,2641,2531,-1,2531,2641,2642,-1,2531,2642,2532,-1,2532,2642,2643,-1,2532,2643,2533,-1,2533,2643,2644,-1,2533,2644,2534,-1,2534,2644,2645,-1,2534,2645,2535,-1,2535,2645,2646,-1,2535,2646,2536,-1,2536,2646,2647,-1,2536,2647,2537,-1,2537,2647,2648,-1,2537,2648,2538,-1,2538,2648,2649,-1,2538,2649,2539,-1,2539,2649,2650,-1,2539,2650,2540,-1,2540,2650,2651,-1,2540,2651,2541,-1,2541,2651,2652,-1,2541,2652,2542,-1,2542,2652,2653,-1,2542,2653,2543,-1,2543,2653,2654,-1,2543,2654,2544,-1,2544,2654,2655,-1,2544,2655,2545,-1,2545,2655,2656,-1,2545,2656,2546,-1,2546,2656,2657,-1,2546,2657,2547,-1,2547,2657,2658,-1,2547,2658,2548,-1,2548,2658,2659,-1,2548,2659,2549,-1,2549,2659,2660,-1,2549,2660,2550,-1,2550,2660,2661,-1,2550,2661,2551,-1,2551,2661,2662,-1,2551,2662,2552,-1,2552,2662,2663,-1,2552,2663,2553,-1,2553,2663,2664,-1,2553,2664,2554,-1,2554,2664,2665,-1,2554,2665,2555,-1,2555,2665,2666,-1,2555,2666,2556,-1,2556,2666,2667,-1,2556,2667,2557,-1,2557,2667,2668,-1,2557,2668,2558,-1,2558,2668,2669,-1,2558,2669,2559,-1,2559,2669,2670,-1,2559,2670,2560,-1,2560,2670,2671,-1,2560,2671,2561,-1,2561,2671,2672,-1,2561,2672,2562,-1,2562,2672,2673,-1,2562,2673,2563,-1,2563,2673,2674,-1,2563,2674,2564,-1,2564,2674,2675,-1,2564,2675,2565,-1,2565,2675,2676,-1,2565,2676,2566,-1,2566,2676,2677,-1,2566,2677,2567,-1,2567,2677,2678,-1,2567,2678,2568,-1,2568,2678,2679,-1,2568,2679,2569,-1,2569,2679,2680,-1,2569,2680,2570,-1,2570,2680,2681,-1,2570,2681,2571,-1,2571,2681,2682,-1,2571,2682,2572,-1,2572,2682,2683,-1,2572,2683,2573,-1,2573,2683,2684,-1,2573,2684,2574,-1,2574,2684,2685,-1,2574,2685,2575,-1,2575,2685,2686,-1,2575,2686,2576,-1,2576,2686,2687,-1,2576,2687,2577,-1,2577,2687,2688,-1,2577,2688,2578,-1,2578,2688,2689,-1,2578,2689,2579,-1,2579,2689,2690,-1,2579,2690,2580,-1,2580,2690,2691,-1,2580,2691,2581,-1,2581,2691,2692,-1,2581,2692,2582,-1,2582,2692,2693,-1,2582,2693,2583,-1,2583,2693,2694,-1,2583,2694,2584,-1,2584,2694,2695,-1,2584,2695,2585,-1,2585,2695,2696,-1,2585,2696,2586,-1,2586,2696,2697,-1,2586,2697,2587,-1,2587,2697,2698,-1,2587,2698,2588,-1,2588,2698,2699,-1,2588,2699,2589,-1,2589,2699,2700,-1,2589,2700,2590,-1,2590,2700,2701,-1,2590,2701,2591,-1,2591,2701,2702,-1,2591,2702,2592,-1,2592,2702,2703,-1,2592,2703,2593,-1,2593,2703,2704,-1,2593,2704,2594,-1,2594,2704,2705,-1,2594,2705,2595,-1,2595,2705,2706,-1,2595,2706,2596,-1,2596,2706,2707,-1,2596,2707,2597,-1,2597,2707,2708,-1,2597,2708,2598,-1,2598,2708,2709,-1,2598,2709,2599,-1,2599,2709,2710,-1,2599,2710,2600,-1,2600,2710,2711,-1,2600,2711,2601,-1,2601,2711,2712,-1,2601,2712,2602,-1,2602,2712,2713,-1,2602,2713,2603,-1,2603,2713,2714,-1,2603,2714,2604,-1,2604,2714,2715,-1,2604,2715,2605,-1,2605,2715,2716,-1,2605,2716,2606,-1,2606,2716,2717,-1,2606,2717,2607,-1,2607,2717,2718,-1,2607,2718,2608,-1,2608,2718,2719,-1,2608,2719,2609,-1,2609,2719,2720,-1,2609,2720,2610,-1,2610,2720,2721,-1,2610,2721,2611,-1,2611,2721,2722,-1,2611,2722,2612,-1,2612,2722,2723,-1,2612,2723,2613,-1,2613,2723,2724,-1,2613,2724,2614,-1,2614,2724,2725,-1,2614,2725,2615,-1,2615,2725,2726,-1,2615,2726,2616,-1,2616,2726,2727,-1,2616,2727,2617,-1,2617,2727,2728,-1,2617,2728,2618,-1,2618,2728,2729,-1,2618,2729,2619,-1,2619,2729,2730,-1,2619,2730,2620,-1,2620,2730,2731,-1,2620,2731,2621,-1,2621,2731,2732,-1,2621,2732,2622,-1,2622,2732,2733,-1,2622,2733,2623,-1,2623,2733,2734,-1,2623,2734,2624,-1,2624,2734,2735,-1,2624,2735,2625,-1,2625,2735,2736,-1,2625,2736,2626,-1,2626,2736,2737,-1,2626,2737,2627,-1,2627,2737,2738,-1,2627,2738,2628,-1,2628,2738,2739,-1,2628,2739,2629,-1,2629,2739,2740,-1,2629,2740,2630,-1,2630,2740,2741,-1,2630,2741,2631,-1,2631,2741,2742,-1,2631,2742,2632,-1,2632,2742,2743,-1,2632,2743,2633,-1,110,108,111,-1,111,108,106,-1,111,106,2634,-1,2634,106,2744,-1,2634,2744,2635,-1,2635,2744,2745,-1,2635,2745,2636,-1,2636,2745,2746,-1,2636,2746,2637,-1,2637,2746,2747,-1,2637,2747,2638,-1,2638,2747,2748,-1,2638,2748,2639,-1,2639,2748,2749,-1,2639,2749,2640,-1,2640,2749,2750,-1,2640,2750,2641,-1,2641,2750,2751,-1,2641,2751,2642,-1,2642,2751,2752,-1,2642,2752,2643,-1,2643,2752,2753,-1,2643,2753,2644,-1,2644,2753,2754,-1,2644,2754,2645,-1,2645,2754,2755,-1,2645,2755,2646,-1,2646,2755,2756,-1,2646,2756,2647,-1,2647,2756,2757,-1,2647,2757,2648,-1,2648,2757,2758,-1,2648,2758,2649,-1,2649,2758,2759,-1,2649,2759,2650,-1,2650,2759,2760,-1,2650,2760,2651,-1,2651,2760,2761,-1,2651,2761,2652,-1,2652,2761,2762,-1,2652,2762,2653,-1,2653,2762,2763,-1,2653,2763,2654,-1,2654,2763,2764,-1,2654,2764,2655,-1,2655,2764,2765,-1,2655,2765,2656,-1,2656,2765,2766,-1,2656,2766,2657,-1,2657,2766,2767,-1,2657,2767,2658,-1,2658,2767,2768,-1,2658,2768,2659,-1,2659,2768,2769,-1,2659,2769,2660,-1,2660,2769,2770,-1,2660,2770,2661,-1,2661,2770,2771,-1,2661,2771,2662,-1,2662,2771,2772,-1,2662,2772,2663,-1,2663,2772,2773,-1,2663,2773,2664,-1,2664,2773,2774,-1,2664,2774,2665,-1,2665,2774,2775,-1,2665,2775,2666,-1,2666,2775,2776,-1,2666,2776,2667,-1,2667,2776,2777,-1,2667,2777,2668,-1,2668,2777,2778,-1,2668,2778,2669,-1,2669,2778,2779,-1,2669,2779,2670,-1,2670,2779,2780,-1,2670,2780,2671,-1,2671,2780,2781,-1,2671,2781,2672,-1,2672,2781,2782,-1,2672,2782,2673,-1,2673,2782,2783,-1,2673,2783,2674,-1,2674,2783,2784,-1,2674,2784,2675,-1,2675,2784,2785,-1,2675,2785,2676,-1,2676,2785,2786,-1,2676,2786,2677,-1,2677,2786,2787,-1,2677,2787,2678,-1,2678,2787,2788,-1,2678,2788,2679,-1,2679,2788,2789,-1,2679,2789,2680,-1,2680,2789,2790,-1,2680,2790,2681,-1,2681,2790,2791,-1,2681,2791,2682,-1,2682,2791,2792,-1,2682,2792,2683,-1,2683,2792,2793,-1,2683,2793,2684,-1,2684,2793,2794,-1,2684,2794,2685,-1,2685,2794,2795,-1,2685,2795,2686,-1,2686,2795,2796,-1,2686,2796,2687,-1,2687,2796,2797,-1,2687,2797,2688,-1,2688,2797,2798,-1,2688,2798,2689,-1,2689,2798,2799,-1,2689,2799,2690,-1,2690,2799,2800,-1,2690,2800,2691,-1,2691,2800,2801,-1,2691,2801,2692,-1,2692,2801,2802,-1,2692,2802,2693,-1,2693,2802,2803,-1,2693,2803,2694,-1,2694,2803,2804,-1,2694,2804,2695,-1,2695,2804,2805,-1,2695,2805,2696,-1,2696,2805,2806,-1,2696,2806,2697,-1,2697,2806,2807,-1,2697,2807,2698,-1,2698,2807,2808,-1,2698,2808,2699,-1,2699,2808,2809,-1,2699,2809,2700,-1,2700,2809,2810,-1,2700,2810,2701,-1,2701,2810,2811,-1,2701,2811,2702,-1,2702,2811,2812,-1,2702,2812,2703,-1,2703,2812,2813,-1,2703,2813,2704,-1,2704,2813,2814,-1,2704,2814,2705,-1,2705,2814,2815,-1,2705,2815,2706,-1,2706,2815,2816,-1,2706,2816,2707,-1,2707,2816,2817,-1,2707,2817,2708,-1,2708,2817,2818,-1,2708,2818,2709,-1,2709,2818,2819,-1,2709,2819,2710,-1,2710,2819,2820,-1,2710,2820,2711,-1,2711,2820,2821,-1,2711,2821,2712,-1,2712,2821,2822,-1,2712,2822,2713,-1,2713,2822,2823,-1,2713,2823,2714,-1,2714,2823,2824,-1,2714,2824,2715,-1,2715,2824,2825,-1,2715,2825,2716,-1,2716,2825,2826,-1,2716,2826,2717,-1,2717,2826,2827,-1,2717,2827,2718,-1,2718,2827,2828,-1,2718,2828,2719,-1,2719,2828,2829,-1,2719,2829,2720,-1,2720,2829,2830,-1,2720,2830,2721,-1,2721,2830,2831,-1,2721,2831,2722,-1,2722,2831,2832,-1,2722,2832,2723,-1,2723,2832,2833,-1,2723,2833,2724,-1,2724,2833,2834,-1,2724,2834,2725,-1,2725,2834,2835,-1,2725,2835,2726,-1,2726,2835,2836,-1,2726,2836,2727,-1,2727,2836,2837,-1,2727,2837,2728,-1,2728,2837,2838,-1,2728,2838,2729,-1,2729,2838,2839,-1,2729,2839,2730,-1,2730,2839,2840,-1,2730,2840,2731,-1,2731,2840,2841,-1,2731,2841,2732,-1,2732,2841,2842,-1,2732,2842,2733,-1,2733,2842,2843,-1,2733,2843,2734,-1,2734,2843,2844,-1,2734,2844,2735,-1,2735,2844,2845,-1,2735,2845,2736,-1,2736,2845,2846,-1,2736,2846,2737,-1,2737,2846,2847,-1,2737,2847,2738,-1,2738,2847,2848,-1,2738,2848,2739,-1,2739,2848,2849,-1,2739,2849,2740,-1,2740,2849,2850,-1,2740,2850,2741,-1,2741,2850,2851,-1,2741,2851,2742,-1,2742,2851,2852,-1,2742,2852,2743,-1,105,2853,106,-1,106,2853,103,-1,106,103,2744,-1,2744,103,102,-1,2744,102,2745,-1,2745,102,2854,-1,2745,2854,2746,-1,2746,2854,2855,-1,2746,2855,2747,-1,2747,2855,2856,-1,2747,2856,2748,-1,2748,2856,2857,-1,2748,2857,2749,-1,2749,2857,2858,-1,2749,2858,2750,-1,2750,2858,2859,-1,2750,2859,2751,-1,2751,2859,2860,-1,2751,2860,2752,-1,2752,2860,2861,-1,2752,2861,2753,-1,2753,2861,2862,-1,2753,2862,2754,-1,2754,2862,2863,-1,2754,2863,2755,-1,2755,2863,2864,-1,2755,2864,2756,-1,2756,2864,2865,-1,2756,2865,2757,-1,2757,2865,2866,-1,2757,2866,2758,-1,2758,2866,2867,-1,2758,2867,2759,-1,2759,2867,2868,-1,2759,2868,2760,-1,2760,2868,2869,-1,2760,2869,2761,-1,2761,2869,2870,-1,2761,2870,2762,-1,2762,2870,2871,-1,2762,2871,2763,-1,2763,2871,2872,-1,2763,2872,2764,-1,2764,2872,2873,-1,2764,2873,2765,-1,2765,2873,2874,-1,2765,2874,2766,-1,2766,2874,2875,-1,2766,2875,2767,-1,2767,2875,2876,-1,2767,2876,2768,-1,2768,2876,2877,-1,2768,2877,2769,-1,2769,2877,2878,-1,2769,2878,2770,-1,2770,2878,2879,-1,2770,2879,2771,-1,2771,2879,2880,-1,2771,2880,2772,-1,2772,2880,2881,-1,2772,2881,2773,-1,2773,2881,2882,-1,2773,2882,2774,-1,2774,2882,2883,-1,2774,2883,2775,-1,2775,2883,2884,-1,2775,2884,2776,-1,2776,2884,2885,-1,2776,2885,2777,-1,2777,2885,2886,-1,2777,2886,2778,-1,2778,2886,2887,-1,2778,2887,2779,-1,2779,2887,2888,-1,2779,2888,2780,-1,2780,2888,2889,-1,2780,2889,2781,-1,2781,2889,2890,-1,2781,2890,2782,-1,2782,2890,2891,-1,2782,2891,2783,-1,2783,2891,2892,-1,2783,2892,2784,-1,2784,2892,2893,-1,2784,2893,2785,-1,2785,2893,2894,-1,2785,2894,2786,-1,2786,2894,2895,-1,2786,2895,2787,-1,2787,2895,2896,-1,2787,2896,2788,-1,2788,2896,2897,-1,2788,2897,2789,-1,2789,2897,2898,-1,2789,2898,2790,-1,2790,2898,2899,-1,2790,2899,2791,-1,2791,2899,2900,-1,2791,2900,2792,-1,2792,2900,2901,-1,2792,2901,2793,-1,2793,2901,2902,-1,2793,2902,2794,-1,2794,2902,2903,-1,2794,2903,2795,-1,2795,2903,2904,-1,2795,2904,2796,-1,2796,2904,2905,-1,2796,2905,2797,-1,2797,2905,2906,-1,2797,2906,2798,-1,2798,2906,2907,-1,2798,2907,2799,-1,2799,2907,2908,-1,2799,2908,2800,-1,2800,2908,2909,-1,2800,2909,2801,-1,2801,2909,2910,-1,2801,2910,2802,-1,2802,2910,2911,-1,2802,2911,2803,-1,2803,2911,2912,-1,2803,2912,2804,-1,2804,2912,2913,-1,2804,2913,2805,-1,2805,2913,2914,-1,2805,2914,2806,-1,2806,2914,2915,-1,2806,2915,2807,-1,2807,2915,2916,-1,2807,2916,2808,-1,2808,2916,2917,-1,2808,2917,2809,-1,2809,2917,2918,-1,2809,2918,2810,-1,2810,2918,2919,-1,2810,2919,2811,-1,2811,2919,2920,-1,2811,2920,2812,-1,2812,2920,2921,-1,2812,2921,2813,-1,2813,2921,2922,-1,2813,2922,2814,-1,2814,2922,2923,-1,2814,2923,2815,-1,2815,2923,2924,-1,2815,2924,2816,-1,2816,2924,2925,-1,2816,2925,2817,-1,2817,2925,2926,-1,2817,2926,2818,-1,2818,2926,2927,-1,2818,2927,2819,-1,2819,2927,2928,-1,2819,2928,2820,-1,2820,2928,2929,-1,2820,2929,2821,-1,2821,2929,2930,-1,2821,2930,2822,-1,2822,2930,2931,-1,2822,2931,2823,-1,2823,2931,2932,-1,2823,2932,2824,-1,2824,2932,2933,-1,2824,2933,2825,-1,2825,2933,2934,-1,2825,2934,2826,-1,2826,2934,2935,-1,2826,2935,2827,-1,2827,2935,2936,-1,2827,2936,2828,-1,2828,2936,2937,-1,2828,2937,2829,-1,2829,2937,2938,-1,2829,2938,2830,-1,2830,2938,2939,-1,2830,2939,2831,-1,2831,2939,2940,-1,2831,2940,2832,-1,2832,2940,2941,-1,2832,2941,2833,-1,2833,2941,2942,-1,2833,2942,2834,-1,2834,2942,2943,-1,2834,2943,2835,-1,2835,2943,2944,-1,2835,2944,2836,-1,2836,2944,2945,-1,2836,2945,2837,-1,2837,2945,2946,-1,2837,2946,2838,-1,2838,2946,2947,-1,2838,2947,2839,-1,2839,2947,2948,-1,2839,2948,2840,-1,2840,2948,2949,-1,2840,2949,2841,-1,2841,2949,2950,-1,2841,2950,2842,-1,2842,2950,2951,-1,2842,2951,2843,-1,2843,2951,2952,-1,2843,2952,2844,-1,2844,2952,2953,-1,2844,2953,2845,-1,2845,2953,2954,-1,2845,2954,2846,-1,2846,2954,2955,-1,2846,2955,2847,-1,2847,2955,2956,-1,2847,2956,2848,-1,2848,2956,2957,-1,2848,2957,2849,-1,2849,2957,2958,-1,2849,2958,2850,-1,2850,2958,2959,-1,2850,2959,2851,-1,2851,2959,2960,-1,2851,2960,2852,-1,104,2961,102,-1,102,2961,100,-1,102,100,2854,-1,2854,100,99,-1,2854,99,2855,-1,2855,99,2962,-1,2855,2962,2856,-1,2856,2962,2963,-1,2856,2963,2857,-1,2857,2963,2964,-1,2857,2964,2858,-1,2858,2964,2965,-1,2858,2965,2859,-1,2859,2965,2966,-1,2859,2966,2860,-1,2860,2966,2967,-1,2860,2967,2861,-1,2861,2967,2968,-1,2861,2968,2862,-1,2862,2968,2969,-1,2862,2969,2863,-1,2863,2969,2970,-1,2863,2970,2864,-1,2864,2970,2971,-1,2864,2971,2865,-1,2865,2971,2972,-1,2865,2972,2866,-1,2866,2972,2973,-1,2866,2973,2867,-1,2867,2973,2974,-1,2867,2974,2868,-1,2868,2974,2975,-1,2868,2975,2869,-1,2869,2975,2976,-1,2869,2976,2870,-1,2870,2976,2977,-1,2870,2977,2871,-1,2871,2977,2978,-1,2871,2978,2872,-1,2872,2978,2979,-1,2872,2979,2873,-1,2873,2979,2980,-1,2873,2980,2874,-1,2874,2980,2981,-1,2874,2981,2875,-1,2875,2981,2982,-1,2875,2982,2876,-1,2876,2982,2983,-1,2876,2983,2877,-1,2877,2983,2984,-1,2877,2984,2878,-1,2878,2984,2985,-1,2878,2985,2879,-1,2879,2985,2986,-1,2879,2986,2880,-1,2880,2986,2987,-1,2880,2987,2881,-1,2881,2987,2988,-1,2881,2988,2882,-1,2882,2988,2989,-1,2882,2989,2883,-1,2883,2989,2990,-1,2883,2990,2884,-1,2884,2990,2991,-1,2884,2991,2885,-1,2885,2991,2992,-1,2885,2992,2886,-1,2886,2992,2993,-1,2886,2993,2887,-1,2887,2993,2994,-1,2887,2994,2888,-1,2888,2994,2995,-1,2888,2995,2889,-1,2889,2995,2996,-1,2889,2996,2890,-1,2890,2996,2997,-1,2890,2997,2891,-1,2891,2997,2998,-1,2891,2998,2892,-1,2892,2998,2999,-1,2892,2999,2893,-1,2893,2999,3000,-1,2893,3000,2894,-1,2894,3000,3001,-1,2894,3001,2895,-1,2895,3001,3002,-1,2895,3002,2896,-1,2896,3002,3003,-1,2896,3003,2897,-1,2897,3003,3004,-1,2897,3004,2898,-1,2898,3004,3005,-1,2898,3005,2899,-1,2899,3005,3006,-1,2899,3006,2900,-1,2900,3006,3007,-1,2900,3007,2901,-1,2901,3007,3008,-1,2901,3008,2902,-1,2902,3008,3009,-1,2902,3009,2903,-1,2903,3009,3010,-1,2903,3010,2904,-1,2904,3010,3011,-1,2904,3011,2905,-1,2905,3011,3012,-1,2905,3012,2906,-1,2906,3012,3013,-1,2906,3013,2907,-1,2907,3013,3014,-1,2907,3014,2908,-1,2908,3014,3015,-1,2908,3015,2909,-1,2909,3015,3016,-1,2909,3016,2910,-1,2910,3016,3017,-1,2910,3017,2911,-1,2911,3017,3018,-1,2911,3018,2912,-1,2912,3018,3019,-1,2912,3019,2913,-1,2913,3019,3020,-1,2913,3020,2914,-1,2914,3020,3021,-1,2914,3021,2915,-1,2915,3021,3022,-1,2915,3022,2916,-1,2916,3022,3023,-1,2916,3023,2917,-1,2917,3023,3024,-1,2917,3024,2918,-1,2918,3024,3025,-1,2918,3025,2919,-1,2919,3025,3026,-1,2919,3026,2920,-1,2920,3026,3027,-1,2920,3027,2921,-1,2921,3027,3028,-1,2921,3028,2922,-1,2922,3028,3029,-1,2922,3029,2923,-1,2923,3029,3030,-1,2923,3030,2924,-1,2924,3030,3031,-1,2924,3031,2925,-1,2925,3031,3032,-1,2925,3032,2926,-1,2926,3032,3033,-1,2926,3033,2927,-1,2927,3033,3034,-1,2927,3034,2928,-1,2928,3034,3035,-1,2928,3035,2929,-1,2929,3035,3036,-1,2929,3036,2930,-1,2930,3036,3037,-1,2930,3037,2931,-1,2931,3037,3038,-1,2931,3038,2932,-1,2932,3038,3039,-1,2932,3039,2933,-1,2933,3039,3040,-1,2933,3040,2934,-1,2934,3040,3041,-1,2934,3041,2935,-1,2935,3041,3042,-1,2935,3042,2936,-1,2936,3042,3043,-1,2936,3043,2937,-1,2937,3043,3044,-1,2937,3044,2938,-1,2938,3044,3045,-1,2938,3045,2939,-1,2939,3045,3046,-1,2939,3046,2940,-1,2940,3046,3047,-1,2940,3047,2941,-1,2941,3047,3048,-1,2941,3048,2942,-1,2942,3048,3049,-1,2942,3049,2943,-1,2943,3049,3050,-1,2943,3050,2944,-1,2944,3050,3051,-1,2944,3051,2945,-1,2945,3051,3052,-1,2945,3052,2946,-1,2946,3052,3053,-1,2946,3053,2947,-1,2947,3053,3054,-1,2947,3054,2948,-1,2948,3054,3055,-1,2948,3055,2949,-1,2949,3055,3056,-1,2949,3056,2950,-1,2950,3056,3057,-1,2950,3057,2951,-1,2951,3057,3058,-1,2951,3058,2952,-1,2952,3058,3059,-1,2952,3059,2953,-1,2953,3059,3060,-1,2953,3060,2954,-1,2954,3060,3061,-1,2954,3061,2955,-1,2955,3061,3062,-1,2955,3062,2956,-1,2956,3062,3063,-1,2956,3063,2957,-1,2957,3063,3064,-1,2957,3064,2958,-1,2958,3064,3065,-1,2958,3065,2959,-1,2959,3065,3066,-1,2959,3066,2960,-1,101,3067,99,-1,99,3067,97,-1,99,97,2962,-1,2962,97,96,-1,2962,96,2963,-1,2963,96,3068,-1,2963,3068,2964,-1,2964,3068,3069,-1,2964,3069,2965,-1,2965,3069,3070,-1,2965,3070,2966,-1,2966,3070,3071,-1,2966,3071,2967,-1,2967,3071,3072,-1,2967,3072,2968,-1,2968,3072,3073,-1,2968,3073,2969,-1,2969,3073,3074,-1,2969,3074,2970,-1,2970,3074,3075,-1,2970,3075,2971,-1,2971,3075,3076,-1,2971,3076,2972,-1,2972,3076,3077,-1,2972,3077,2973,-1,2973,3077,3078,-1,2973,3078,2974,-1,2974,3078,3079,-1,2974,3079,2975,-1,2975,3079,3080,-1,2975,3080,2976,-1,2976,3080,3081,-1,2976,3081,2977,-1,2977,3081,3082,-1,2977,3082,2978,-1,2978,3082,3083,-1,2978,3083,2979,-1,2979,3083,3084,-1,2979,3084,2980,-1,2980,3084,3085,-1,2980,3085,2981,-1,2981,3085,3086,-1,2981,3086,2982,-1,2982,3086,3087,-1,2982,3087,2983,-1,2983,3087,3088,-1,2983,3088,2984,-1,2984,3088,3089,-1,2984,3089,2985,-1,2985,3089,3090,-1,2985,3090,2986,-1,2986,3090,3091,-1,2986,3091,2987,-1,2987,3091,3092,-1,2987,3092,2988,-1,2988,3092,3093,-1,2988,3093,2989,-1,2989,3093,3094,-1,2989,3094,2990,-1,2990,3094,3095,-1,2990,3095,2991,-1,2991,3095,3096,-1,2991,3096,2992,-1,2992,3096,3097,-1,2992,3097,2993,-1,2993,3097,3098,-1,2993,3098,2994,-1,2994,3098,3099,-1,2994,3099,2995,-1,2995,3099,3100,-1,2995,3100,2996,-1,2996,3100,3101,-1,2996,3101,2997,-1,2997,3101,3102,-1,2997,3102,2998,-1,2998,3102,3103,-1,2998,3103,2999,-1,2999,3103,3104,-1,2999,3104,3000,-1,3000,3104,3105,-1,3000,3105,3001,-1,3001,3105,3106,-1,3001,3106,3002,-1,3002,3106,3107,-1,3002,3107,3003,-1,3003,3107,3108,-1,3003,3108,3004,-1,3004,3108,3109,-1,3004,3109,3005,-1,3005,3109,3110,-1,3005,3110,3006,-1,3006,3110,3111,-1,3006,3111,3007,-1,3007,3111,3112,-1,3007,3112,3008,-1,3008,3112,3113,-1,3008,3113,3009,-1,3009,3113,3114,-1,3009,3114,3010,-1,3010,3114,3115,-1,3010,3115,3011,-1,3011,3115,3116,-1,3011,3116,3012,-1,3012,3116,3117,-1,3012,3117,3013,-1,3013,3117,3118,-1,3013,3118,3014,-1,3014,3118,3119,-1,3014,3119,3015,-1,3015,3119,3120,-1,3015,3120,3016,-1,3016,3120,3121,-1,3016,3121,3017,-1,3017,3121,3122,-1,3017,3122,3018,-1,3018,3122,3123,-1,3018,3123,3019,-1,3019,3123,3124,-1,3019,3124,3020,-1,3020,3124,3125,-1,3020,3125,3021,-1,3021,3125,3126,-1,3021,3126,3022,-1,3022,3126,3127,-1,3022,3127,3023,-1,3023,3127,3128,-1,3023,3128,3024,-1,3024,3128,3129,-1,3024,3129,3025,-1,3025,3129,3130,-1,3025,3130,3026,-1,3026,3130,3131,-1,3026,3131,3027,-1,3027,3131,3132,-1,3027,3132,3028,-1,3028,3132,3133,-1,3028,3133,3029,-1,3029,3133,3134,-1,3029,3134,3030,-1,3030,3134,3135,-1,3030,3135,3031,-1,3031,3135,3136,-1,3031,3136,3032,-1,3032,3136,3137,-1,3032,3137,3033,-1,3033,3137,3138,-1,3033,3138,3034,-1,3034,3138,3139,-1,3034,3139,3035,-1,3035,3139,3140,-1,3035,3140,3036,-1,3036,3140,3141,-1,3036,3141,3037,-1,3037,3141,3142,-1,3037,3142,3038,-1,3038,3142,3143,-1,3038,3143,3039,-1,3039,3143,3144,-1,3039,3144,3040,-1,3040,3144,3145,-1,3040,3145,3041,-1,3041,3145,3146,-1,3041,3146,3042,-1,3042,3146,3147,-1,3042,3147,3043,-1,3043,3147,3148,-1,3043,3148,3044,-1,3044,3148,3149,-1,3044,3149,3045,-1,3045,3149,3150,-1,3045,3150,3046,-1,3046,3150,3151,-1,3046,3151,3047,-1,3047,3151,3152,-1,3047,3152,3048,-1,3048,3152,3153,-1,3048,3153,3049,-1,3049,3153,3154,-1,3049,3154,3050,-1,3050,3154,3155,-1,3050,3155,3051,-1,3051,3155,3156,-1,3051,3156,3052,-1,3052,3156,3157,-1,3052,3157,3053,-1,3053,3157,3158,-1,3053,3158,3054,-1,3054,3158,3159,-1,3054,3159,3055,-1,3055,3159,3160,-1,3055,3160,3056,-1,3056,3160,3161,-1,3056,3161,3057,-1,3057,3161,3162,-1,3057,3162,3058,-1,3058,3162,3163,-1,3058,3163,3059,-1,3059,3163,3164,-1,3059,3164,3060,-1,3060,3164,3165,-1,3060,3165,3061,-1,3061,3165,3166,-1,3061,3166,3062,-1,3062,3166,3167,-1,3062,3167,3063,-1,3063,3167,3168,-1,3063,3168,3064,-1,3064,3168,3169,-1,3064,3169,3065,-1,3065,3169,3170,-1,3065,3170,3066,-1,98,3171,96,-1,96,3171,94,-1,96,94,3068,-1,3068,94,93,-1,3068,93,3069,-1,3069,93,3172,-1,3069,3172,3070,-1,3070,3172,3173,-1,3070,3173,3071,-1,3071,3173,3174,-1,3071,3174,3072,-1,3072,3174,3175,-1,3072,3175,3073,-1,3073,3175,3176,-1,3073,3176,3074,-1,3074,3176,3177,-1,3074,3177,3075,-1,3075,3177,3178,-1,3075,3178,3076,-1,3076,3178,3179,-1,3076,3179,3077,-1,3077,3179,3180,-1,3077,3180,3078,-1,3078,3180,3181,-1,3078,3181,3079,-1,3079,3181,3182,-1,3079,3182,3080,-1,3080,3182,3183,-1,3080,3183,3081,-1,3081,3183,3184,-1,3081,3184,3082,-1,3082,3184,3185,-1,3082,3185,3083,-1,3083,3185,3186,-1,3083,3186,3084,-1,3084,3186,3187,-1,3084,3187,3085,-1,3085,3187,3188,-1,3085,3188,3086,-1,3086,3188,3189,-1,3086,3189,3087,-1,3087,3189,3190,-1,3087,3190,3088,-1,3088,3190,3191,-1,3088,3191,3089,-1,3089,3191,3192,-1,3089,3192,3090,-1,3090,3192,3193,-1,3090,3193,3091,-1,3091,3193,3194,-1,3091,3194,3092,-1,3092,3194,3195,-1,3092,3195,3093,-1,3093,3195,3196,-1,3093,3196,3094,-1,3094,3196,3197,-1,3094,3197,3095,-1,3095,3197,3198,-1,3095,3198,3096,-1,3096,3198,3199,-1,3096,3199,3097,-1,3097,3199,3200,-1,3097,3200,3098,-1,3098,3200,3201,-1,3098,3201,3099,-1,3099,3201,3202,-1,3099,3202,3100,-1,3100,3202,3203,-1,3100,3203,3101,-1,3101,3203,3204,-1,3101,3204,3102,-1,3102,3204,3205,-1,3102,3205,3103,-1,3103,3205,3206,-1,3103,3206,3104,-1,3104,3206,3207,-1,3104,3207,3105,-1,3105,3207,3208,-1,3105,3208,3106,-1,3106,3208,3209,-1,3106,3209,3107,-1,3107,3209,3210,-1,3107,3210,3108,-1,3108,3210,3211,-1,3108,3211,3109,-1,3109,3211,3212,-1,3109,3212,3110,-1,3110,3212,3213,-1,3110,3213,3111,-1,3111,3213,3214,-1,3111,3214,3112,-1,3112,3214,3215,-1,3112,3215,3113,-1,3113,3215,3216,-1,3113,3216,3114,-1,3114,3216,3217,-1,3114,3217,3115,-1,3115,3217,3218,-1,3115,3218,3116,-1,3116,3218,3219,-1,3116,3219,3117,-1,3117,3219,3220,-1,3117,3220,3118,-1,3118,3220,3221,-1,3118,3221,3119,-1,3119,3221,3222,-1,3119,3222,3120,-1,3120,3222,3223,-1,3120,3223,3121,-1,3121,3223,3224,-1,3121,3224,3122,-1,3122,3224,3225,-1,3122,3225,3123,-1,3123,3225,3226,-1,3123,3226,3124,-1,3124,3226,3227,-1,3124,3227,3125,-1,3125,3227,3228,-1,3125,3228,3126,-1,3126,3228,3229,-1,3126,3229,3127,-1,3127,3229,3230,-1,3127,3230,3128,-1,3128,3230,3231,-1,3128,3231,3129,-1,3129,3231,3232,-1,3129,3232,3130,-1,3130,3232,3233,-1,3130,3233,3131,-1,3131,3233,3234,-1,3131,3234,3132,-1,3132,3234,3235,-1,3132,3235,3133,-1,3133,3235,3236,-1,3133,3236,3134,-1,3134,3236,3237,-1,3134,3237,3135,-1,3135,3237,3238,-1,3135,3238,3136,-1,3136,3238,3239,-1,3136,3239,3137,-1,3137,3239,3240,-1,3137,3240,3138,-1,3138,3240,3241,-1,3138,3241,3139,-1,3139,3241,3242,-1,3139,3242,3140,-1,3140,3242,3243,-1,3140,3243,3141,-1,3141,3243,3244,-1,3141,3244,3142,-1,3142,3244,3245,-1,3142,3245,3143,-1,3143,3245,3246,-1,3143,3246,3144,-1,3144,3246,3247,-1,3144,3247,3145,-1,3145,3247,3248,-1,3145,3248,3146,-1,3146,3248,3249,-1,3146,3249,3147,-1,3147,3249,3250,-1,3147,3250,3148,-1,3148,3250,3251,-1,3148,3251,3149,-1,3149,3251,3252,-1,3149,3252,3150,-1,3150,3252,3253,-1,3150,3253,3151,-1,3151,3253,3254,-1,3151,3254,3152,-1,3152,3254,3255,-1,3152,3255,3153,-1,3153,3255,3256,-1,3153,3256,3154,-1,3154,3256,3257,-1,3154,3257,3155,-1,3155,3257,3258,-1,3155,3258,3156,-1,3156,3258,3259,-1,3156,3259,3157,-1,3157,3259,3260,-1,3157,3260,3158,-1,3158,3260,3261,-1,3158,3261,3159,-1,3159,3261,3262,-1,3159,3262,3160,-1,3160,3262,3263,-1,3160,3263,3161,-1,3161,3263,3264,-1,3161,3264,3162,-1,3162,3264,3265,-1,3162,3265,3163,-1,3163,3265,3266,-1,3163,3266,3164,-1,3164,3266,3267,-1,3164,3267,3165,-1,3165,3267,3268,-1,3165,3268,3166,-1,3166,3268,3269,-1,3166,3269,3167,-1,3167,3269,3270,-1,3167,3270,3168,-1,3168,3270,3271,-1,3168,3271,3169,-1,3169,3271,3272,-1,3169,3272,3170,-1,89,86,90,-1,90,86,85,-1,90,85,3273,-1,3273,85,3274,-1,3273,3274,3275,-1,3275,3274,3276,-1,3275,3276,3277,-1,3277,3276,3278,-1,3277,3278,3279,-1,3279,3278,3280,-1,3279,3280,3281,-1,3281,3280,3282,-1,3281,3282,3283,-1,3283,3282,3284,-1,3283,3284,3285,-1,3285,3284,3286,-1,3285,3286,3287,-1,3287,3286,3288,-1,3287,3288,3289,-1,3289,3288,3290,-1,3289,3290,3291,-1,3291,3290,3292,-1,3291,3292,3293,-1,3293,3292,3294,-1,3293,3294,3295,-1,3295,3294,3296,-1,3295,3296,3297,-1,3297,3296,3298,-1,3297,3298,3299,-1,3299,3298,3300,-1,3299,3300,3301,-1,3301,3300,3302,-1,3301,3302,3303,-1,3303,3302,3304,-1,3303,3304,3305,-1,3305,3304,3306,-1,3305,3306,3307,-1,3307,3306,3308,-1,3307,3308,3309,-1,3309,3308,3310,-1,3309,3310,3311,-1,3311,3310,3312,-1,3311,3312,3313,-1,3313,3312,3314,-1,3313,3314,3315,-1,3315,3314,3316,-1,3315,3316,3317,-1,3317,3316,3318,-1,3317,3318,3319,-1,3319,3318,3320,-1,3319,3320,3321,-1,3321,3320,3322,-1,3321,3322,3323,-1,3323,3322,3324,-1,3323,3324,3325,-1,3325,3324,3326,-1,3325,3326,3327,-1,3327,3326,3328,-1,3327,3328,3329,-1,3329,3328,3330,-1,3329,3330,3331,-1,3331,3330,3332,-1,3331,3332,3333,-1,3333,3332,3334,-1,3333,3334,3335,-1,3335,3334,3336,-1,3335,3336,3337,-1,3337,3336,3338,-1,3337,3338,3339,-1,3339,3338,3340,-1,3339,3340,3341,-1,3341,3340,3342,-1,3341,3342,3343,-1,3343,3342,3344,-1,3343,3344,3345,-1,3345,3344,3346,-1,3345,3346,3347,-1,3347,3346,3348,-1,3347,3348,3349,-1,3349,3348,3350,-1,3349,3350,3351,-1,3351,3350,3352,-1,3351,3352,3353,-1,3353,3352,3354,-1,3353,3354,3355,-1,3355,3354,3356,-1,3355,3356,3357,-1,3357,3356,3358,-1,3357,3358,3359,-1,3359,3358,3360,-1,3359,3360,3361,-1,3361,3360,3362,-1,3361,3362,3363,-1,3363,3362,3364,-1,3363,3364,3365,-1,3365,3364,3366,-1,3365,3366,3367,-1,3367,3366,3368,-1,3367,3368,3369,-1,3369,3368,3370,-1,3369,3370,3371,-1,3371,3370,3372,-1,3371,3372,3373,-1,3373,3372,3374,-1,3373,3374,3375,-1,3375,3374,3376,-1,3375,3376,3377,-1,3377,3376,3378,-1,3377,3378,3379,-1,3379,3378,3380,-1,3379,3380,3381,-1,3381,3380,3382,-1,3381,3382,3383,-1,3383,3382,3384,-1,3383,3384,3385,-1,3385,3384,3386,-1,3385,3386,3387,-1,3387,3386,3388,-1,3387,3388,3389,-1,3389,3388,3390,-1,3389,3390,3391,-1,3391,3390,3392,-1,3391,3392,3393,-1,3393,3392,3394,-1,3393,3394,3395,-1,3395,3394,3396,-1,3395,3396,3397,-1,3397,3396,3398,-1,3397,3398,3399,-1,3399,3398,3400,-1,3399,3400,3401,-1,3401,3400,3402,-1,3401,3402,3403,-1,3403,3402,3404,-1,3403,3404,3405,-1,3405,3404,3406,-1,3405,3406,3407,-1,3407,3406,3408,-1,3407,3408,3409,-1,3409,3408,3410,-1,3409,3410,3411,-1,3411,3410,3412,-1,3411,3412,3413,-1,3413,3412,3414,-1,3413,3414,3415,-1,3415,3414,3416,-1,3415,3416,3417,-1,3417,3416,3418,-1,3417,3418,3419,-1,3419,3418,3420,-1,3419,3420,3421,-1,3421,3420,3422,-1,3421,3422,3423,-1,3423,3422,3424,-1,3423,3424,3425,-1,3425,3424,3426,-1,3425,3426,3427,-1,3427,3426,3428,-1,3427,3428,3429,-1,3429,3428,3430,-1,3429,3430,3431,-1,3431,3430,3432,-1,3431,3433,3429,-1,3429,3433,3434,-1,3429,3434,3427,-1,3427,3434,3435,-1,3427,3435,3425,-1,3425,3435,3436,-1,3425,3436,3423,-1,3423,3436,3437,-1,3423,3437,3421,-1,3421,3437,3438,-1,3421,3438,3419,-1,3419,3438,3439,-1,3419,3439,3417,-1,3417,3439,3440,-1,3417,3440,3415,-1,3415,3440,3441,-1,3415,3441,3413,-1,3413,3441,3442,-1,3413,3442,3411,-1,3411,3442,3443,-1,3411,3443,3409,-1,3409,3443,3444,-1,3409,3444,3407,-1,3407,3444,3445,-1,3407,3445,3405,-1,3405,3445,3446,-1,3405,3446,3403,-1,3403,3446,3447,-1,3403,3447,3401,-1,3401,3447,3448,-1,3401,3448,3399,-1,3399,3448,3449,-1,3399,3449,3397,-1,3397,3449,3450,-1,3397,3450,3395,-1,3395,3450,3451,-1,3395,3451,3393,-1,3393,3451,3452,-1,3393,3452,3391,-1,3391,3452,3453,-1,3391,3453,3389,-1,3389,3453,3454,-1,3389,3454,3387,-1,3387,3454,3455,-1,3387,3455,3385,-1,3385,3455,3456,-1,3385,3456,3383,-1,3383,3456,3457,-1,3383,3457,3381,-1,3381,3457,3458,-1,3381,3458,3379,-1,3379,3458,3459,-1,3379,3459,3377,-1,3377,3459,3460,-1,3377,3460,3375,-1,3375,3460,3461,-1,3375,3461,3373,-1,3373,3461,3462,-1,3373,3462,3371,-1,3371,3462,3463,-1,3371,3463,3369,-1,3369,3463,3464,-1,3369,3464,3367,-1,3367,3464,3465,-1,3367,3465,3365,-1,3365,3465,3466,-1,3365,3466,3363,-1,3363,3466,3467,-1,3363,3467,3361,-1,3361,3467,3468,-1,3361,3468,3359,-1,3359,3468,3469,-1,3359,3469,3357,-1,3357,3469,3470,-1,3357,3470,3355,-1,3355,3470,3471,-1,3355,3471,3353,-1,3353,3471,3472,-1,3353,3472,3351,-1,3351,3472,3473,-1,3351,3473,3349,-1,3349,3473,3474,-1,3349,3474,3347,-1,3347,3474,3475,-1,3347,3475,3345,-1,3345,3475,3476,-1,3345,3476,3343,-1,3343,3476,3477,-1,3343,3477,3341,-1,3341,3477,3478,-1,3341,3478,3339,-1,3339,3478,3479,-1,3339,3479,3337,-1,3337,3479,3480,-1,3337,3480,3335,-1,3335,3480,3481,-1,3335,3481,3333,-1,3333,3481,3482,-1,3333,3482,3331,-1,3331,3482,3483,-1,3331,3483,3329,-1,3329,3483,3484,-1,3329,3484,3327,-1,3327,3484,3485,-1,3327,3485,3325,-1,3325,3485,3486,-1,3325,3486,3323,-1,3323,3486,3487,-1,3323,3487,3321,-1,3321,3487,3488,-1,3321,3488,3319,-1,3319,3488,3489,-1,3319,3489,3317,-1,3317,3489,3490,-1,3317,3490,3315,-1,3315,3490,3491,-1,3315,3491,3313,-1,3313,3491,3492,-1,3313,3492,3311,-1,3311,3492,3493,-1,3311,3493,3309,-1,3309,3493,3494,-1,3309,3494,3307,-1,3307,3494,3495,-1,3307,3495,3305,-1,3305,3495,3496,-1,3305,3496,3303,-1,3303,3496,3497,-1,3303,3497,3301,-1,3301,3497,3498,-1,3301,3498,3299,-1,3299,3498,3499,-1,3299,3499,3297,-1,3297,3499,3500,-1,3297,3500,3295,-1,3295,3500,3501,-1,3295,3501,3293,-1,3293,3501,3502,-1,3293,3502,3291,-1,3291,3502,3503,-1,3291,3503,3289,-1,3289,3503,3504,-1,3289,3504,3287,-1,3287,3504,3505,-1,3287,3505,3285,-1,3285,3505,3506,-1,3285,3506,3283,-1,3283,3506,3507,-1,3283,3507,3281,-1,3281,3507,3508,-1,3281,3508,3279,-1,3279,3508,3509,-1,3279,3509,3277,-1,3277,3509,3510,-1,3277,3510,3275,-1,3275,3510,3511,-1,3275,3511,3273,-1,3273,3511,92,-1,3273,92,90,-1,90,92,91,-1,90,91,88,-1,3433,3512,3434,-1,3434,3512,3513,-1,3434,3513,3435,-1,3435,3513,3514,-1,3435,3514,3436,-1,3436,3514,3515,-1,3436,3515,3437,-1,3437,3515,3516,-1,3437,3516,3438,-1,3438,3516,3517,-1,3438,3517,3439,-1,3439,3517,3518,-1,3439,3518,3440,-1,3440,3518,3519,-1,3440,3519,3441,-1,3441,3519,3520,-1,3441,3520,3442,-1,3442,3520,3521,-1,3442,3521,3443,-1,3443,3521,3522,-1,3443,3522,3444,-1,3444,3522,3523,-1,3444,3523,3445,-1,3445,3523,3524,-1,3445,3524,3446,-1,3446,3524,3525,-1,3446,3525,3447,-1,3447,3525,3526,-1,3447,3526,3448,-1,3448,3526,3527,-1,3448,3527,3449,-1,3449,3527,3528,-1,3449,3528,3450,-1,3450,3528,3529,-1,3450,3529,3451,-1,3451,3529,3530,-1,3451,3530,3452,-1,3452,3530,3531,-1,3452,3531,3453,-1,3453,3531,3532,-1,3453,3532,3454,-1,3454,3532,3533,-1,3454,3533,3455,-1,3455,3533,3534,-1,3455,3534,3456,-1,3456,3534,3535,-1,3456,3535,3457,-1,3457,3535,3536,-1,3457,3536,3458,-1,3458,3536,3537,-1,3458,3537,3459,-1,3459,3537,3538,-1,3459,3538,3460,-1,3460,3538,3539,-1,3460,3539,3461,-1,3461,3539,3540,-1,3461,3540,3462,-1,3462,3540,3541,-1,3462,3541,3463,-1,3463,3541,3542,-1,3463,3542,3464,-1,3464,3542,3543,-1,3464,3543,3465,-1,3465,3543,3544,-1,3465,3544,3466,-1,3466,3544,3545,-1,3466,3545,3467,-1,3467,3545,3546,-1,3467,3546,3468,-1,3468,3546,3547,-1,3468,3547,3469,-1,3469,3547,3548,-1,3469,3548,3470,-1,3470,3548,3549,-1,3470,3549,3471,-1,3471,3549,3550,-1,3471,3550,3472,-1,3472,3550,3551,-1,3472,3551,3473,-1,3473,3551,3552,-1,3473,3552,3474,-1,3474,3552,3553,-1,3474,3553,3475,-1,3475,3553,3554,-1,3475,3554,3476,-1,3476,3554,3555,-1,3476,3555,3477,-1,3477,3555,3556,-1,3477,3556,3478,-1,3478,3556,3557,-1,3478,3557,3479,-1,3479,3557,3558,-1,3479,3558,3480,-1,3480,3558,3559,-1,3480,3559,3481,-1,3481,3559,3560,-1,3481,3560,3482,-1,3482,3560,3561,-1,3482,3561,3483,-1,3483,3561,3562,-1,3483,3562,3484,-1,3484,3562,3563,-1,3484,3563,3485,-1,3485,3563,3564,-1,3485,3564,3486,-1,3486,3564,3565,-1,3486,3565,3487,-1,3487,3565,3566,-1,3487,3566,3488,-1,3488,3566,3567,-1,3488,3567,3489,-1,3489,3567,3568,-1,3489,3568,3490,-1,3490,3568,3569,-1,3490,3569,3491,-1,3491,3569,3570,-1,3491,3570,3492,-1,3492,3570,3571,-1,3492,3571,3493,-1,3493,3571,3572,-1,3493,3572,3494,-1,3494,3572,3573,-1,3494,3573,3495,-1,3495,3573,3574,-1,3495,3574,3496,-1,3496,3574,3575,-1,3496,3575,3497,-1,3497,3575,3576,-1,3497,3576,3498,-1,3498,3576,3577,-1,3498,3577,3499,-1,3499,3577,3578,-1,3499,3578,3500,-1,3500,3578,3579,-1,3500,3579,3501,-1,3501,3579,3580,-1,3501,3580,3502,-1,3502,3580,3581,-1,3502,3581,3503,-1,3503,3581,3582,-1,3503,3582,3504,-1,3504,3582,3583,-1,3504,3583,3505,-1,3505,3583,3584,-1,3505,3584,3506,-1,3506,3584,3585,-1,3506,3585,3507,-1,3507,3585,3586,-1,3507,3586,3508,-1,3508,3586,3587,-1,3508,3587,3509,-1,3509,3587,3588,-1,3509,3588,3510,-1,3510,3588,3589,-1,3510,3589,3511,-1,3511,3589,3590,-1,3511,3590,92,-1,92,3590,2,-1,92,2,1,-1,3512,3591,3513,-1,3513,3591,3592,-1,3513,3592,3514,-1,3514,3592,3593,-1,3514,3593,3515,-1,3515,3593,3594,-1,3515,3594,3516,-1,3516,3594,3595,-1,3516,3595,3517,-1,3517,3595,3596,-1,3517,3596,3518,-1,3518,3596,3597,-1,3518,3597,3519,-1,3519,3597,3598,-1,3519,3598,3520,-1,3520,3598,3599,-1,3520,3599,3521,-1,3521,3599,3600,-1,3521,3600,3522,-1,3522,3600,3601,-1,3522,3601,3523,-1,3523,3601,3602,-1,3523,3602,3524,-1,3524,3602,3603,-1,3524,3603,3525,-1,3525,3603,3604,-1,3525,3604,3526,-1,3526,3604,3605,-1,3526,3605,3527,-1,3527,3605,3606,-1,3527,3606,3528,-1,3528,3606,3607,-1,3528,3607,3529,-1,3529,3607,3608,-1,3529,3608,3530,-1,3530,3608,3609,-1,3530,3609,3531,-1,3531,3609,3610,-1,3531,3610,3532,-1,3532,3610,3611,-1,3532,3611,3533,-1,3533,3611,3612,-1,3533,3612,3534,-1,3534,3612,3613,-1,3534,3613,3535,-1,3535,3613,3614,-1,3535,3614,3536,-1,3536,3614,3615,-1,3536,3615,3537,-1,3537,3615,3616,-1,3537,3616,3538,-1,3538,3616,3617,-1,3538,3617,3539,-1,3539,3617,3618,-1,3539,3618,3540,-1,3540,3618,3619,-1,3540,3619,3541,-1,3541,3619,3620,-1,3541,3620,3542,-1,3542,3620,3621,-1,3542,3621,3543,-1,3543,3621,3622,-1,3543,3622,3544,-1,3544,3622,3623,-1,3544,3623,3545,-1,3545,3623,3624,-1,3545,3624,3546,-1,3546,3624,3625,-1,3546,3625,3547,-1,3547,3625,3626,-1,3547,3626,3548,-1,3548,3626,3627,-1,3548,3627,3549,-1,3549,3627,3628,-1,3549,3628,3550,-1,3550,3628,3629,-1,3550,3629,3551,-1,3551,3629,3630,-1,3551,3630,3552,-1,3552,3630,3631,-1,3552,3631,3553,-1,3553,3631,3632,-1,3553,3632,3554,-1,3554,3632,3633,-1,3554,3633,3555,-1,3555,3633,3634,-1,3555,3634,3556,-1,3556,3634,3635,-1,3556,3635,3557,-1,3557,3635,3636,-1,3557,3636,3558,-1,3558,3636,3637,-1,3558,3637,3559,-1,3559,3637,3638,-1,3559,3638,3560,-1,3560,3638,3639,-1,3560,3639,3561,-1,3561,3639,3640,-1,3561,3640,3562,-1,3562,3640,3641,-1,3562,3641,3563,-1,3563,3641,3642,-1,3563,3642,3564,-1,3564,3642,3643,-1,3564,3643,3565,-1,3565,3643,3644,-1,3565,3644,3566,-1,3566,3644,3645,-1,3566,3645,3567,-1,3567,3645,3646,-1,3567,3646,3568,-1,3568,3646,3647,-1,3568,3647,3569,-1,3569,3647,3648,-1,3569,3648,3570,-1,3570,3648,3649,-1,3570,3649,3571,-1,3571,3649,3650,-1,3571,3650,3572,-1,3572,3650,3651,-1,3572,3651,3573,-1,3573,3651,3652,-1,3573,3652,3574,-1,3574,3652,3653,-1,3574,3653,3575,-1,3575,3653,3654,-1,3575,3654,3576,-1,3576,3654,3655,-1,3576,3655,3577,-1,3577,3655,3656,-1,3577,3656,3578,-1,3578,3656,3657,-1,3578,3657,3579,-1,3579,3657,3658,-1,3579,3658,3580,-1,3580,3658,3659,-1,3580,3659,3581,-1,3581,3659,3660,-1,3581,3660,3582,-1,3582,3660,3661,-1,3582,3661,3583,-1,3583,3661,3662,-1,3583,3662,3584,-1,3584,3662,3663,-1,3584,3663,3585,-1,3585,3663,3664,-1,3585,3664,3586,-1,3586,3664,3665,-1,3586,3665,3587,-1,3587,3665,3666,-1,3587,3666,3588,-1,3588,3666,3667,-1,3588,3667,3589,-1,3589,3667,3668,-1,3589,3668,3590,-1,3590,3668,4,-1,3590,4,2,-1,3591,3669,3592,-1,3592,3669,3670,-1,3592,3670,3593,-1,3593,3670,3671,-1,3593,3671,3594,-1,3594,3671,3672,-1,3594,3672,3595,-1,3595,3672,3673,-1,3595,3673,3596,-1,3596,3673,3674,-1,3596,3674,3597,-1,3597,3674,3675,-1,3597,3675,3598,-1,3598,3675,3676,-1,3598,3676,3599,-1,3599,3676,3677,-1,3599,3677,3600,-1,3600,3677,3678,-1,3600,3678,3601,-1,3601,3678,3679,-1,3601,3679,3602,-1,3602,3679,3680,-1,3602,3680,3603,-1,3603,3680,3681,-1,3603,3681,3604,-1,3604,3681,3682,-1,3604,3682,3605,-1,3605,3682,3683,-1,3605,3683,3606,-1,3606,3683,3684,-1,3606,3684,3607,-1,3607,3684,3685,-1,3607,3685,3608,-1,3608,3685,3686,-1,3608,3686,3609,-1,3609,3686,3687,-1,3609,3687,3610,-1,3610,3687,3688,-1,3610,3688,3611,-1,3611,3688,3689,-1,3611,3689,3612,-1,3612,3689,3690,-1,3612,3690,3613,-1,3613,3690,3691,-1,3613,3691,3614,-1,3614,3691,3692,-1,3614,3692,3615,-1,3615,3692,3693,-1,3615,3693,3616,-1,3616,3693,3694,-1,3616,3694,3617,-1,3617,3694,3695,-1,3617,3695,3618,-1,3618,3695,3696,-1,3618,3696,3619,-1,3619,3696,3697,-1,3619,3697,3620,-1,3620,3697,3698,-1,3620,3698,3621,-1,3621,3698,3699,-1,3621,3699,3622,-1,3622,3699,3700,-1,3622,3700,3623,-1,3623,3700,3701,-1,3623,3701,3624,-1,3624,3701,3702,-1,3624,3702,3625,-1,3625,3702,3703,-1,3625,3703,3626,-1,3626,3703,3704,-1,3626,3704,3627,-1,3627,3704,3705,-1,3627,3705,3628,-1,3628,3705,3706,-1,3628,3706,3629,-1,3629,3706,3707,-1,3629,3707,3630,-1,3630,3707,3708,-1,3630,3708,3631,-1,3631,3708,3709,-1,3631,3709,3632,-1,3632,3709,3710,-1,3632,3710,3633,-1,3633,3710,3711,-1,3633,3711,3634,-1,3634,3711,3712,-1,3634,3712,3635,-1,3635,3712,3713,-1,3635,3713,3636,-1,3636,3713,3714,-1,3636,3714,3637,-1,3637,3714,3715,-1,3637,3715,3638,-1,3638,3715,3716,-1,3638,3716,3639,-1,3639,3716,3717,-1,3639,3717,3640,-1,3640,3717,3718,-1,3640,3718,3641,-1,3641,3718,3719,-1,3641,3719,3642,-1,3642,3719,3720,-1,3642,3720,3643,-1,3643,3720,3721,-1,3643,3721,3644,-1,3644,3721,3722,-1,3644,3722,3645,-1,3645,3722,3723,-1,3645,3723,3646,-1,3646,3723,3724,-1,3646,3724,3647,-1,3647,3724,3725,-1,3647,3725,3648,-1,3648,3725,3726,-1,3648,3726,3649,-1,3649,3726,3727,-1,3649,3727,3650,-1,3650,3727,3728,-1,3650,3728,3651,-1,3651,3728,3729,-1,3651,3729,3652,-1,3652,3729,3730,-1,3652,3730,3653,-1,3653,3730,3731,-1,3653,3731,3654,-1,3654,3731,3732,-1,3654,3732,3655,-1,3655,3732,3733,-1,3655,3733,3656,-1,3656,3733,3734,-1,3656,3734,3657,-1,3657,3734,3735,-1,3657,3735,3658,-1,3658,3735,3736,-1,3658,3736,3659,-1,3659,3736,3737,-1,3659,3737,3660,-1,3660,3737,3738,-1,3660,3738,3661,-1,3661,3738,3739,-1,3661,3739,3662,-1,3662,3739,3740,-1,3662,3740,3663,-1,3663,3740,3741,-1,3663,3741,3664,-1,3664,3741,3742,-1,3664,3742,3665,-1,3665,3742,3743,-1,3665,3743,3666,-1,3666,3743,3744,-1,3666,3744,3667,-1,3667,3744,3745,-1,3667,3745,3668,-1,3668,3745,13,-1,3668,13,4,-1,3669,3746,3670,-1,3670,3746,3747,-1,3670,3747,3671,-1,3671,3747,3748,-1,3671,3748,3672,-1,3672,3748,3749,-1,3672,3749,3673,-1,3673,3749,3750,-1,3673,3750,3674,-1,3674,3750,3751,-1,3674,3751,3675,-1,3675,3751,3752,-1,3675,3752,3676,-1,3676,3752,3753,-1,3676,3753,3677,-1,3677,3753,3754,-1,3677,3754,3678,-1,3678,3754,3755,-1,3678,3755,3679,-1,3679,3755,3756,-1,3679,3756,3680,-1,3680,3756,3757,-1,3680,3757,3681,-1,3681,3757,3758,-1,3681,3758,3682,-1,3682,3758,3759,-1,3682,3759,3683,-1,3683,3759,3760,-1,3683,3760,3684,-1,3684,3760,3761,-1,3684,3761,3685,-1,3685,3761,3762,-1,3685,3762,3686,-1,3686,3762,3763,-1,3686,3763,3687,-1,3687,3763,3764,-1,3687,3764,3688,-1,3688,3764,3765,-1,3688,3765,3689,-1,3689,3765,3766,-1,3689,3766,3690,-1,3690,3766,3767,-1,3690,3767,3691,-1,3691,3767,3768,-1,3691,3768,3692,-1,3692,3768,3769,-1,3692,3769,3693,-1,3693,3769,3770,-1,3693,3770,3694,-1,3694,3770,3771,-1,3694,3771,3695,-1,3695,3771,3772,-1,3695,3772,3696,-1,3696,3772,3773,-1,3696,3773,3697,-1,3697,3773,3774,-1,3697,3774,3698,-1,3698,3774,3775,-1,3698,3775,3699,-1,3699,3775,3776,-1,3699,3776,3700,-1,3700,3776,3777,-1,3700,3777,3701,-1,3701,3777,3778,-1,3701,3778,3702,-1,3702,3778,3779,-1,3702,3779,3703,-1,3703,3779,3780,-1,3703,3780,3704,-1,3704,3780,3781,-1,3704,3781,3705,-1,3705,3781,3782,-1,3705,3782,3706,-1,3706,3782,3783,-1,3706,3783,3707,-1,3707,3783,3784,-1,3707,3784,3708,-1,3708,3784,3785,-1,3708,3785,3709,-1,3709,3785,3786,-1,3709,3786,3710,-1,3710,3786,3787,-1,3710,3787,3711,-1,3711,3787,3788,-1,3711,3788,3712,-1,3712,3788,3789,-1,3712,3789,3713,-1,3713,3789,3790,-1,3713,3790,3714,-1,3714,3790,3791,-1,3714,3791,3715,-1,3715,3791,3792,-1,3715,3792,3716,-1,3716,3792,3793,-1,3716,3793,3717,-1,3717,3793,3794,-1,3717,3794,3718,-1,3718,3794,3795,-1,3718,3795,3719,-1,3719,3795,3796,-1,3719,3796,3720,-1,3720,3796,3797,-1,3720,3797,3721,-1,3721,3797,3798,-1,3721,3798,3722,-1,3722,3798,3799,-1,3722,3799,3723,-1,3723,3799,3800,-1,3723,3800,3724,-1,3724,3800,3801,-1,3724,3801,3725,-1,3725,3801,3802,-1,3725,3802,3726,-1,3726,3802,3803,-1,3726,3803,3727,-1,3727,3803,3804,-1,3727,3804,3728,-1,3728,3804,3805,-1,3728,3805,3729,-1,3729,3805,3806,-1,3729,3806,3730,-1,3730,3806,3807,-1,3730,3807,3731,-1,3731,3807,3808,-1,3731,3808,3732,-1,3732,3808,3809,-1,3732,3809,3733,-1,3733,3809,3810,-1,3733,3810,3734,-1,3734,3810,3811,-1,3734,3811,3735,-1,3735,3811,3812,-1,3735,3812,3736,-1,3736,3812,3813,-1,3736,3813,3737,-1,3737,3813,3814,-1,3737,3814,3738,-1,3738,3814,3815,-1,3738,3815,3739,-1,3739,3815,3816,-1,3739,3816,3740,-1,3740,3816,3817,-1,3740,3817,3741,-1,3741,3817,3818,-1,3741,3818,3742,-1,3742,3818,3819,-1,3742,3819,3743,-1,3743,3819,3820,-1,3743,3820,3744,-1,3744,3820,16,-1,3744,16,3745,-1,3745,16,14,-1,3745,14,13,-1,9,16,3821,-1,3821,16,3820,-1,3821,3820,3822,-1,3822,3820,3819,-1,3822,3819,3823,-1,3823,3819,3818,-1,3823,3818,3824,-1,3824,3818,3817,-1,3824,3817,3825,-1,3825,3817,3816,-1,3825,3816,3826,-1,3826,3816,3815,-1,3826,3815,3827,-1,3827,3815,3814,-1,3827,3814,3828,-1,3828,3814,3813,-1,3828,3813,3829,-1,3829,3813,3812,-1,3829,3812,3830,-1,3830,3812,3811,-1,3830,3811,3831,-1,3831,3811,3810,-1,3831,3810,3832,-1,3832,3810,3809,-1,3832,3809,3833,-1,3833,3809,3808,-1,3833,3808,3834,-1,3834,3808,3807,-1,3834,3807,3835,-1,3835,3807,3806,-1,3835,3806,3836,-1,3836,3806,3805,-1,3836,3805,3837,-1,3837,3805,3804,-1,3837,3804,3838,-1,3838,3804,3803,-1,3838,3803,3839,-1,3839,3803,3802,-1,3839,3802,3840,-1,3840,3802,3801,-1,3840,3801,3841,-1,3841,3801,3800,-1,3841,3800,3842,-1,3842,3800,3799,-1,3842,3799,3843,-1,3843,3799,3798,-1,3843,3798,3844,-1,3844,3798,3797,-1,3844,3797,3845,-1,3845,3797,3796,-1,3845,3796,3846,-1,3846,3796,3795,-1,3846,3795,3847,-1,3847,3795,3794,-1,3847,3794,3848,-1,3848,3794,3793,-1,3848,3793,3849,-1,3849,3793,3792,-1,3849,3792,3850,-1,3850,3792,3791,-1,3850,3791,3851,-1,3851,3791,3790,-1,3851,3790,3852,-1,3852,3790,3789,-1,3852,3789,3853,-1,3853,3789,3788,-1,3853,3788,3854,-1,3854,3788,3787,-1,3854,3787,3855,-1,3855,3787,3786,-1,3855,3786,3856,-1,3856,3786,3785,-1,3856,3785,3857,-1,3857,3785,3784,-1,3857,3784,3858,-1,3858,3784,3783,-1,3858,3783,3859,-1,3859,3783,3782,-1,3859,3782,3860,-1,3860,3782,3781,-1,3860,3781,3861,-1,3861,3781,3780,-1,3861,3780,3862,-1,3862,3780,3779,-1,3862,3779,3863,-1,3863,3779,3778,-1,3863,3778,3864,-1,3864,3778,3777,-1,3864,3777,3865,-1,3865,3777,3776,-1,3865,3776,3866,-1,3866,3776,3775,-1,3866,3775,3867,-1,3867,3775,3774,-1,3867,3774,3868,-1,3868,3774,3773,-1,3868,3773,3869,-1,3869,3773,3772,-1,3869,3772,3870,-1,3870,3772,3771,-1,3870,3771,3871,-1,3871,3771,3770,-1,3871,3770,3872,-1,3872,3770,3769,-1,3872,3769,3873,-1,3873,3769,3768,-1,3873,3768,3874,-1,3874,3768,3767,-1,3874,3767,3875,-1,3875,3767,3766,-1,3875,3766,3876,-1,3876,3766,3765,-1,3876,3765,3877,-1,3877,3765,3764,-1,3877,3764,3878,-1,3878,3764,3763,-1,3878,3763,3879,-1,3879,3763,3762,-1,3879,3762,3880,-1,3880,3762,3761,-1,3880,3761,3881,-1,3881,3761,3760,-1,3881,3760,3882,-1,3882,3760,3759,-1,3882,3759,3883,-1,3883,3759,3758,-1,3883,3758,3884,-1,3884,3758,3757,-1,3884,3757,3885,-1,3885,3757,3756,-1,3885,3756,3886,-1,3886,3756,3755,-1,3886,3755,3887,-1,3887,3755,3754,-1,3887,3754,3888,-1,3888,3754,3753,-1,3888,3753,3889,-1,3889,3753,3752,-1,3889,3752,3890,-1,3890,3752,3751,-1,3890,3751,3891,-1,3891,3751,3750,-1,3891,3750,3892,-1,3892,3750,3749,-1,3892,3749,3893,-1,3893,3749,3748,-1,3893,3748,3894,-1,3894,3748,3747,-1,3894,3747,3895,-1,3895,3747,3746,-1,3895,3746,461,-1,3272,3896,3170,-1,3170,3896,3897,-1,3170,3897,3066,-1,3066,3897,3898,-1,3066,3898,2960,-1,2960,3898,3899,-1,2960,3899,2852,-1,2852,3899,3900,-1,2852,3900,2743,-1,2743,3900,3901,-1,2743,3901,2633,-1,2633,3901,3902,-1,2633,3902,2522,-1,2522,3902,3903,-1,2522,3903,2410,-1,2410,3903,3904,-1,2410,3904,2296,-1,2296,3904,3905,-1,2296,3905,2183,-1,2183,3905,3906,-1,2183,3906,2070,-1,2070,3906,3907,-1,2070,3907,1957,-1,1957,3907,3908,-1,1957,3908,1845,-1,1845,3908,3909,-1,1845,3909,1733,-1,1733,3909,3910,-1,1733,3910,1621,-1,1621,3910,3911,-1,1621,3911,1510,-1,1510,3911,3912,-1,1510,3912,1396,-1,1396,3912,3913,-1,1396,3913,1283,-1,1283,3913,3914,-1,1283,3914,1170,-1,1170,3914,3915,-1,1170,3915,1056,-1,1056,3915,3916,-1,1056,3916,940,-1,940,3916,3917,-1,940,3917,823,-1,823,3917,3918,-1,823,3918,705,-1,705,3918,3919,-1,705,3919,584,-1,584,3919,3920,-1,584,3920,460,-1,460,3920,3921,-1,460,3921,461,-1,461,3921,3922,-1,461,3922,3895,-1,3895,3922,3923,-1,3895,3923,3894,-1,3894,3923,3924,-1,3894,3924,3893,-1,3893,3924,3925,-1,3893,3925,3892,-1,3892,3925,3926,-1,3892,3926,3891,-1,3891,3926,3927,-1,3891,3927,3890,-1,3890,3927,3928,-1,3890,3928,3889,-1,3889,3928,3929,-1,3889,3929,3888,-1,3888,3929,3930,-1,3888,3930,3887,-1,3887,3930,3931,-1,3887,3931,3886,-1,3886,3931,3932,-1,3886,3932,3885,-1,3885,3932,3933,-1,3885,3933,3884,-1,3884,3933,3934,-1,3884,3934,3883,-1,3883,3934,3935,-1,3883,3935,3882,-1,3882,3935,3936,-1,3882,3936,3881,-1,3881,3936,3937,-1,3881,3937,3880,-1,3880,3937,3938,-1,3880,3938,3879,-1,3879,3938,3939,-1,3879,3939,3878,-1,3878,3939,3940,-1,3878,3940,3877,-1,3877,3940,3941,-1,3877,3941,3876,-1,3876,3941,3942,-1,3876,3942,3875,-1,3875,3942,3943,-1,3875,3943,3874,-1,3874,3943,3944,-1,3874,3944,3873,-1,3873,3944,3945,-1,3873,3945,3872,-1,3872,3945,3946,-1,3872,3946,3871,-1,3871,3946,3947,-1,3871,3947,3870,-1,3870,3947,3948,-1,3870,3948,3869,-1,3869,3948,3949,-1,3869,3949,3868,-1,3868,3949,3950,-1,3868,3950,3867,-1,3867,3950,3951,-1,3867,3951,3866,-1,3866,3951,3952,-1,3866,3952,3865,-1,3865,3952,3953,-1,3865,3953,3864,-1,3864,3953,3954,-1,3864,3954,3863,-1,3863,3954,3955,-1,3863,3955,3862,-1,3862,3955,3956,-1,3862,3956,3861,-1,3861,3956,3957,-1,3861,3957,3860,-1,3860,3957,3958,-1,3860,3958,3859,-1,3859,3958,3959,-1,3859,3959,3858,-1,3858,3959,3960,-1,3858,3960,3857,-1,3857,3960,3961,-1,3857,3961,3856,-1,3856,3961,3962,-1,3856,3962,3855,-1,3855,3962,3963,-1,3855,3963,3854,-1,3854,3963,3964,-1,3854,3964,3853,-1,3853,3964,3965,-1,3853,3965,3852,-1,3852,3965,3966,-1,3852,3966,3851,-1,3851,3966,3967,-1,3851,3967,3850,-1,3850,3967,3968,-1,3850,3968,3849,-1,3849,3968,3969,-1,3849,3969,3848,-1,3848,3969,3970,-1,3848,3970,3847,-1,3847,3970,3971,-1,3847,3971,3846,-1,3846,3971,3972,-1,3846,3972,3845,-1,3845,3972,3973,-1,3845,3973,3844,-1,3844,3973,3974,-1,3844,3974,3843,-1,3843,3974,3975,-1,3843,3975,3842,-1,3842,3975,3976,-1,3842,3976,3841,-1,3841,3976,3977,-1,3841,3977,3840,-1,3840,3977,3978,-1,3840,3978,3839,-1,3839,3978,3979,-1,3839,3979,3838,-1,3838,3979,3980,-1,3838,3980,3837,-1,3837,3980,3981,-1,3837,3981,3836,-1,3836,3981,3982,-1,3836,3982,3835,-1,3835,3982,3983,-1,3835,3983,3834,-1,3834,3983,3984,-1,3834,3984,3833,-1,3833,3984,3985,-1,3833,3985,3832,-1,3832,3985,3986,-1,3832,3986,3831,-1,3831,3986,3987,-1,3831,3987,3830,-1,3830,3987,3988,-1,3830,3988,3829,-1,3829,3988,3989,-1,3829,3989,3828,-1,3828,3989,3990,-1,3828,3990,3827,-1,3827,3990,3991,-1,3827,3991,3826,-1,3826,3991,3992,-1,3826,3992,3825,-1,3825,3992,3993,-1,3825,3993,3824,-1,3824,3993,3994,-1,3824,3994,3823,-1,3823,3994,3995,-1,3823,3995,3822,-1,3822,3995,3996,-1,3822,3996,3821,-1,3821,3996,10,-1,3821,10,9,-1,3896,3997,3897,-1,3897,3997,3998,-1,3897,3998,3898,-1,3898,3998,3999,-1,3898,3999,3899,-1,3899,3999,4000,-1,3899,4000,3900,-1,3900,4000,4001,-1,3900,4001,3901,-1,3901,4001,4002,-1,3901,4002,3902,-1,3902,4002,4003,-1,3902,4003,3903,-1,3903,4003,4004,-1,3903,4004,3904,-1,3904,4004,4005,-1,3904,4005,3905,-1,3905,4005,4006,-1,3905,4006,3906,-1,3906,4006,4007,-1,3906,4007,3907,-1,3907,4007,4008,-1,3907,4008,3908,-1,3908,4008,4009,-1,3908,4009,3909,-1,3909,4009,4010,-1,3909,4010,3910,-1,3910,4010,4011,-1,3910,4011,3911,-1,3911,4011,4012,-1,3911,4012,3912,-1,3912,4012,4013,-1,3912,4013,3913,-1,3913,4013,4014,-1,3913,4014,3914,-1,3914,4014,4015,-1,3914,4015,3915,-1,3915,4015,4016,-1,3915,4016,3916,-1,3916,4016,4017,-1,3916,4017,3917,-1,3917,4017,4018,-1,3917,4018,3918,-1,3918,4018,4019,-1,3918,4019,3919,-1,3919,4019,4020,-1,3919,4020,3920,-1,3920,4020,4021,-1,3920,4021,3921,-1,3921,4021,4022,-1,3921,4022,3922,-1,3922,4022,4023,-1,3922,4023,3923,-1,3923,4023,4024,-1,3923,4024,3924,-1,3924,4024,4025,-1,3924,4025,3925,-1,3925,4025,4026,-1,3925,4026,3926,-1,3926,4026,4027,-1,3926,4027,3927,-1,3927,4027,4028,-1,3927,4028,3928,-1,3928,4028,4029,-1,3928,4029,3929,-1,3929,4029,4030,-1,3929,4030,3930,-1,3930,4030,4031,-1,3930,4031,3931,-1,3931,4031,4032,-1,3931,4032,3932,-1,3932,4032,4033,-1,3932,4033,3933,-1,3933,4033,4034,-1,3933,4034,3934,-1,3934,4034,4035,-1,3934,4035,3935,-1,3935,4035,4036,-1,3935,4036,3936,-1,3936,4036,4037,-1,3936,4037,3937,-1,3937,4037,4038,-1,3937,4038,3938,-1,3938,4038,4039,-1,3938,4039,3939,-1,3939,4039,4040,-1,3939,4040,3940,-1,3940,4040,4041,-1,3940,4041,3941,-1,3941,4041,4042,-1,3941,4042,3942,-1,3942,4042,4043,-1,3942,4043,3943,-1,3943,4043,4044,-1,3943,4044,3944,-1,3944,4044,4045,-1,3944,4045,3945,-1,3945,4045,4046,-1,3945,4046,3946,-1,3946,4046,4047,-1,3946,4047,3947,-1,3947,4047,4048,-1,3947,4048,3948,-1,3948,4048,4049,-1,3948,4049,3949,-1,3949,4049,4050,-1,3949,4050,3950,-1,3950,4050,4051,-1,3950,4051,3951,-1,3951,4051,4052,-1,3951,4052,3952,-1,3952,4052,4053,-1,3952,4053,3953,-1,3953,4053,4054,-1,3953,4054,3954,-1,3954,4054,4055,-1,3954,4055,3955,-1,3955,4055,4056,-1,3955,4056,3956,-1,3956,4056,4057,-1,3956,4057,3957,-1,3957,4057,4058,-1,3957,4058,3958,-1,3958,4058,4059,-1,3958,4059,3959,-1,3959,4059,4060,-1,3959,4060,3960,-1,3960,4060,4061,-1,3960,4061,3961,-1,3961,4061,4062,-1,3961,4062,3962,-1,3962,4062,4063,-1,3962,4063,3963,-1,3963,4063,4064,-1,3963,4064,3964,-1,3964,4064,4065,-1,3964,4065,3965,-1,3965,4065,4066,-1,3965,4066,3966,-1,3966,4066,4067,-1,3966,4067,3967,-1,3967,4067,4068,-1,3967,4068,3968,-1,3968,4068,4069,-1,3968,4069,3969,-1,3969,4069,4070,-1,3969,4070,3970,-1,3970,4070,4071,-1,3970,4071,3971,-1,3971,4071,4072,-1,3971,4072,3972,-1,3972,4072,4073,-1,3972,4073,3973,-1,3973,4073,4074,-1,3973,4074,3974,-1,3974,4074,4075,-1,3974,4075,3975,-1,3975,4075,4076,-1,3975,4076,3976,-1,3976,4076,4077,-1,3976,4077,3977,-1,3977,4077,4078,-1,3977,4078,3978,-1,3978,4078,4079,-1,3978,4079,3979,-1,3979,4079,4080,-1,3979,4080,3980,-1,3980,4080,4081,-1,3980,4081,3981,-1,3981,4081,4082,-1,3981,4082,3982,-1,3982,4082,4083,-1,3982,4083,3983,-1,3983,4083,4084,-1,3983,4084,3984,-1,3984,4084,4085,-1,3984,4085,3985,-1,3985,4085,4086,-1,3985,4086,3986,-1,3986,4086,4087,-1,3986,4087,3987,-1,3987,4087,4088,-1,3987,4088,3988,-1,3988,4088,4089,-1,3988,4089,3989,-1,3989,4089,4090,-1,3989,4090,3990,-1,3990,4090,4091,-1,3990,4091,3991,-1,3991,4091,4092,-1,3991,4092,3992,-1,3992,4092,4093,-1,3992,4093,3993,-1,3993,4093,4094,-1,3993,4094,3994,-1,3994,4094,4095,-1,3994,4095,3995,-1,3995,4095,4096,-1,3995,4096,3996,-1,3996,4096,11,-1,3996,11,10,-1,3997,4097,3998,-1,3998,4097,4098,-1,3998,4098,3999,-1,3999,4098,4099,-1,3999,4099,4000,-1,4000,4099,4100,-1,4000,4100,4001,-1,4001,4100,4101,-1,4001,4101,4002,-1,4002,4101,4102,-1,4002,4102,4003,-1,4003,4102,4103,-1,4003,4103,4004,-1,4004,4103,4104,-1,4004,4104,4005,-1,4005,4104,4105,-1,4005,4105,4006,-1,4006,4105,4106,-1,4006,4106,4007,-1,4007,4106,4107,-1,4007,4107,4008,-1,4008,4107,4108,-1,4008,4108,4009,-1,4009,4108,4109,-1,4009,4109,4010,-1,4010,4109,4110,-1,4010,4110,4011,-1,4011,4110,4111,-1,4011,4111,4012,-1,4012,4111,4112,-1,4012,4112,4013,-1,4013,4112,4113,-1,4013,4113,4014,-1,4014,4113,4114,-1,4014,4114,4015,-1,4015,4114,4115,-1,4015,4115,4016,-1,4016,4115,4116,-1,4016,4116,4017,-1,4017,4116,4117,-1,4017,4117,4018,-1,4018,4117,4118,-1,4018,4118,4019,-1,4019,4118,4119,-1,4019,4119,4020,-1,4020,4119,4120,-1,4020,4120,4021,-1,4021,4120,4121,-1,4021,4121,4022,-1,4022,4121,4122,-1,4022,4122,4023,-1,4023,4122,4123,-1,4023,4123,4024,-1,4024,4123,4124,-1,4024,4124,4025,-1,4025,4124,4125,-1,4025,4125,4026,-1,4026,4125,4126,-1,4026,4126,4027,-1,4027,4126,4127,-1,4027,4127,4028,-1,4028,4127,4128,-1,4028,4128,4029,-1,4029,4128,4129,-1,4029,4129,4030,-1,4030,4129,4130,-1,4030,4130,4031,-1,4031,4130,4131,-1,4031,4131,4032,-1,4032,4131,4132,-1,4032,4132,4033,-1,4033,4132,4133,-1,4033,4133,4034,-1,4034,4133,4134,-1,4034,4134,4035,-1,4035,4134,4135,-1,4035,4135,4036,-1,4036,4135,4136,-1,4036,4136,4037,-1,4037,4136,4137,-1,4037,4137,4038,-1,4038,4137,4138,-1,4038,4138,4039,-1,4039,4138,4139,-1,4039,4139,4040,-1,4040,4139,4140,-1,4040,4140,4041,-1,4041,4140,4141,-1,4041,4141,4042,-1,4042,4141,4142,-1,4042,4142,4043,-1,4043,4142,4143,-1,4043,4143,4044,-1,4044,4143,4144,-1,4044,4144,4045,-1,4045,4144,4145,-1,4045,4145,4046,-1,4046,4145,4146,-1,4046,4146,4047,-1,4047,4146,4147,-1,4047,4147,4048,-1,4048,4147,4148,-1,4048,4148,4049,-1,4049,4148,4149,-1,4049,4149,4050,-1,4050,4149,4150,-1,4050,4150,4051,-1,4051,4150,4151,-1,4051,4151,4052,-1,4052,4151,4152,-1,4052,4152,4053,-1,4053,4152,4153,-1,4053,4153,4054,-1,4054,4153,4154,-1,4054,4154,4055,-1,4055,4154,4155,-1,4055,4155,4056,-1,4056,4155,4156,-1,4056,4156,4057,-1,4057,4156,4157,-1,4057,4157,4058,-1,4058,4157,4158,-1,4058,4158,4059,-1,4059,4158,4159,-1,4059,4159,4060,-1,4060,4159,4160,-1,4060,4160,4061,-1,4061,4160,4161,-1,4061,4161,4062,-1,4062,4161,4162,-1,4062,4162,4063,-1,4063,4162,4163,-1,4063,4163,4064,-1,4064,4163,4164,-1,4064,4164,4065,-1,4065,4164,4165,-1,4065,4165,4066,-1,4066,4165,4166,-1,4066,4166,4067,-1,4067,4166,4167,-1,4067,4167,4068,-1,4068,4167,4168,-1,4068,4168,4069,-1,4069,4168,4169,-1,4069,4169,4070,-1,4070,4169,4170,-1,4070,4170,4071,-1,4071,4170,4171,-1,4071,4171,4072,-1,4072,4171,4172,-1,4072,4172,4073,-1,4073,4172,4173,-1,4073,4173,4074,-1,4074,4173,4174,-1,4074,4174,4075,-1,4075,4174,4175,-1,4075,4175,4076,-1,4076,4175,4176,-1,4076,4176,4077,-1,4077,4176,4177,-1,4077,4177,4078,-1,4078,4177,4178,-1,4078,4178,4079,-1,4079,4178,4179,-1,4079,4179,4080,-1,4080,4179,4180,-1,4080,4180,4081,-1,4081,4180,4181,-1,4081,4181,4082,-1,4082,4181,4182,-1,4082,4182,4083,-1,4083,4182,4183,-1,4083,4183,4084,-1,4084,4183,4184,-1,4084,4184,4085,-1,4085,4184,4185,-1,4085,4185,4086,-1,4086,4185,4186,-1,4086,4186,4087,-1,4087,4186,4187,-1,4087,4187,4088,-1,4088,4187,4188,-1,4088,4188,4089,-1,4089,4188,4189,-1,4089,4189,4090,-1,4090,4189,4190,-1,4090,4190,4091,-1,4091,4190,4191,-1,4091,4191,4092,-1,4092,4191,4192,-1,4092,4192,4093,-1,4093,4192,4193,-1,4093,4193,4094,-1,4094,4193,4194,-1,4094,4194,4095,-1,4095,4194,4195,-1,4095,4195,4096,-1,4096,4195,12,-1,4096,12,11,-1,4097,4196,4098,-1,4098,4196,4197,-1,4098,4197,4099,-1,4099,4197,4198,-1,4099,4198,4100,-1,4100,4198,4199,-1,4100,4199,4101,-1,4101,4199,4200,-1,4101,4200,4102,-1,4102,4200,4201,-1,4102,4201,4103,-1,4103,4201,4202,-1,4103,4202,4104,-1,4104,4202,4203,-1,4104,4203,4105,-1,4105,4203,4204,-1,4105,4204,4106,-1,4106,4204,4205,-1,4106,4205,4107,-1,4107,4205,4206,-1,4107,4206,4108,-1,4108,4206,4207,-1,4108,4207,4109,-1,4109,4207,4208,-1,4109,4208,4110,-1,4110,4208,4209,-1,4110,4209,4111,-1,4111,4209,4210,-1,4111,4210,4112,-1,4112,4210,4211,-1,4112,4211,4113,-1,4113,4211,4212,-1,4113,4212,4114,-1,4114,4212,4213,-1,4114,4213,4115,-1,4115,4213,4214,-1,4115,4214,4116,-1,4116,4214,4215,-1,4116,4215,4117,-1,4117,4215,4216,-1,4117,4216,4118,-1,4118,4216,4217,-1,4118,4217,4119,-1,4119,4217,4218,-1,4119,4218,4120,-1,4120,4218,4219,-1,4120,4219,4121,-1,4121,4219,4220,-1,4121,4220,4122,-1,4122,4220,4221,-1,4122,4221,4123,-1,4123,4221,4222,-1,4123,4222,4124,-1,4124,4222,4223,-1,4124,4223,4125,-1,4125,4223,4224,-1,4125,4224,4126,-1,4126,4224,4225,-1,4126,4225,4127,-1,4127,4225,4226,-1,4127,4226,4128,-1,4128,4226,4227,-1,4128,4227,4129,-1,4129,4227,4228,-1,4129,4228,4130,-1,4130,4228,4229,-1,4130,4229,4131,-1,4131,4229,4230,-1,4131,4230,4132,-1,4132,4230,4231,-1,4132,4231,4133,-1,4133,4231,4232,-1,4133,4232,4134,-1,4134,4232,4233,-1,4134,4233,4135,-1,4135,4233,4234,-1,4135,4234,4136,-1,4136,4234,4235,-1,4136,4235,4137,-1,4137,4235,4236,-1,4137,4236,4138,-1,4138,4236,4237,-1,4138,4237,4139,-1,4139,4237,4238,-1,4139,4238,4140,-1,4140,4238,4239,-1,4140,4239,4141,-1,4141,4239,4240,-1,4141,4240,4142,-1,4142,4240,4241,-1,4142,4241,4143,-1,4143,4241,4242,-1,4143,4242,4144,-1,4144,4242,4243,-1,4144,4243,4145,-1,4145,4243,4244,-1,4145,4244,4146,-1,4146,4244,4245,-1,4146,4245,4147,-1,4147,4245,4246,-1,4147,4246,4148,-1,4148,4246,4247,-1,4148,4247,4149,-1,4149,4247,4248,-1,4149,4248,4150,-1,4150,4248,4249,-1,4150,4249,4151,-1,4151,4249,4250,-1,4151,4250,4152,-1,4152,4250,4251,-1,4152,4251,4153,-1,4153,4251,4252,-1,4153,4252,4154,-1,4154,4252,4253,-1,4154,4253,4155,-1,4155,4253,4254,-1,4155,4254,4156,-1,4156,4254,4255,-1,4156,4255,4157,-1,4157,4255,4256,-1,4157,4256,4158,-1,4158,4256,4257,-1,4158,4257,4159,-1,4159,4257,4258,-1,4159,4258,4160,-1,4160,4258,4259,-1,4160,4259,4161,-1,4161,4259,4260,-1,4161,4260,4162,-1,4162,4260,4261,-1,4162,4261,4163,-1,4163,4261,4262,-1,4163,4262,4164,-1,4164,4262,4263,-1,4164,4263,4165,-1,4165,4263,4264,-1,4165,4264,4166,-1,4166,4264,4265,-1,4166,4265,4167,-1,4167,4265,4266,-1,4167,4266,4168,-1,4168,4266,4267,-1,4168,4267,4169,-1,4169,4267,4268,-1,4169,4268,4170,-1,4170,4268,4269,-1,4170,4269,4171,-1,4171,4269,4270,-1,4171,4270,4172,-1,4172,4270,4271,-1,4172,4271,4173,-1,4173,4271,4272,-1,4173,4272,4174,-1,4174,4272,4273,-1,4174,4273,4175,-1,4175,4273,4274,-1,4175,4274,4176,-1,4176,4274,4275,-1,4176,4275,4177,-1,4177,4275,4276,-1,4177,4276,4178,-1,4178,4276,4277,-1,4178,4277,4179,-1,4179,4277,4278,-1,4179,4278,4180,-1,4180,4278,4279,-1,4180,4279,4181,-1,4181,4279,4280,-1,4181,4280,4182,-1,4182,4280,4281,-1,4182,4281,4183,-1,4183,4281,4282,-1,4183,4282,4184,-1,4184,4282,4283,-1,4184,4283,4185,-1,4185,4283,4284,-1,4185,4284,4186,-1,4186,4284,4285,-1,4186,4285,4187,-1,4187,4285,4286,-1,4187,4286,4188,-1,4188,4286,4287,-1,4188,4287,4189,-1,4189,4287,4288,-1,4189,4288,4190,-1,4190,4288,4289,-1,4190,4289,4191,-1,4191,4289,4290,-1,4191,4290,4192,-1,4192,4290,4291,-1,4192,4291,4193,-1,4193,4291,4292,-1,4193,4292,4194,-1,4194,4292,4293,-1,4194,4293,4195,-1,4195,4293,6,-1,4195,6,12,-1,4196,4294,4197,-1,4197,4294,4295,-1,4197,4295,4198,-1,4198,4295,4296,-1,4198,4296,4199,-1,4199,4296,4297,-1,4199,4297,4200,-1,4200,4297,4298,-1,4200,4298,4201,-1,4201,4298,4299,-1,4201,4299,4202,-1,4202,4299,4300,-1,4202,4300,4203,-1,4203,4300,4301,-1,4203,4301,4204,-1,4204,4301,4302,-1,4204,4302,4205,-1,4205,4302,4303,-1,4205,4303,4206,-1,4206,4303,4304,-1,4206,4304,4207,-1,4207,4304,4305,-1,4207,4305,4208,-1,4208,4305,4306,-1,4208,4306,4209,-1,4209,4306,4307,-1,4209,4307,4210,-1,4210,4307,4308,-1,4210,4308,4211,-1,4211,4308,4309,-1,4211,4309,4212,-1,4212,4309,4310,-1,4212,4310,4213,-1,4213,4310,4311,-1,4213,4311,4214,-1,4214,4311,4312,-1,4214,4312,4215,-1,4215,4312,4313,-1,4215,4313,4216,-1,4216,4313,4314,-1,4216,4314,4217,-1,4217,4314,4315,-1,4217,4315,4218,-1,4218,4315,4316,-1,4218,4316,4219,-1,4219,4316,4317,-1,4219,4317,4220,-1,4220,4317,4318,-1,4220,4318,4221,-1,4221,4318,4319,-1,4221,4319,4222,-1,4222,4319,4320,-1,4222,4320,4223,-1,4223,4320,4321,-1,4223,4321,4224,-1,4224,4321,4322,-1,4224,4322,4225,-1,4225,4322,4323,-1,4225,4323,4226,-1,4226,4323,4324,-1,4226,4324,4227,-1,4227,4324,4325,-1,4227,4325,4228,-1,4228,4325,4326,-1,4228,4326,4229,-1,4229,4326,4327,-1,4229,4327,4230,-1,4230,4327,4328,-1,4230,4328,4231,-1,4231,4328,4329,-1,4231,4329,4232,-1,4232,4329,4330,-1,4232,4330,4233,-1,4233,4330,4331,-1,4233,4331,4234,-1,4234,4331,4332,-1,4234,4332,4235,-1,4235,4332,4333,-1,4235,4333,4236,-1,4236,4333,4334,-1,4236,4334,4237,-1,4237,4334,4335,-1,4237,4335,4238,-1,4238,4335,4336,-1,4238,4336,4239,-1,4239,4336,4337,-1,4239,4337,4240,-1,4240,4337,4338,-1,4240,4338,4241,-1,4241,4338,4339,-1,4241,4339,4242,-1,4242,4339,4340,-1,4242,4340,4243,-1,4243,4340,4341,-1,4243,4341,4244,-1,4244,4341,4342,-1,4244,4342,4245,-1,4245,4342,4343,-1,4245,4343,4246,-1,4246,4343,4344,-1,4246,4344,4247,-1,4247,4344,4345,-1,4247,4345,4248,-1,4248,4345,4346,-1,4248,4346,4249,-1,4249,4346,4347,-1,4249,4347,4250,-1,4250,4347,4348,-1,4250,4348,4251,-1,4251,4348,4349,-1,4251,4349,4252,-1,4252,4349,4350,-1,4252,4350,4253,-1,4253,4350,4351,-1,4253,4351,4254,-1,4254,4351,4352,-1,4254,4352,4255,-1,4255,4352,4353,-1,4255,4353,4256,-1,4256,4353,4354,-1,4256,4354,4257,-1,4257,4354,4355,-1,4257,4355,4258,-1,4258,4355,4356,-1,4258,4356,4259,-1,4259,4356,4357,-1,4259,4357,4260,-1,4260,4357,4358,-1,4260,4358,4261,-1,4261,4358,4359,-1,4261,4359,4262,-1,4262,4359,4360,-1,4262,4360,4263,-1,4263,4360,4361,-1,4263,4361,4264,-1,4264,4361,4362,-1,4264,4362,4265,-1,4265,4362,4363,-1,4265,4363,4266,-1,4266,4363,4364,-1,4266,4364,4267,-1,4267,4364,4365,-1,4267,4365,4268,-1,4268,4365,4366,-1,4268,4366,4269,-1,4269,4366,4367,-1,4269,4367,4270,-1,4270,4367,4368,-1,4270,4368,4271,-1,4271,4368,4369,-1,4271,4369,4272,-1,4272,4369,4370,-1,4272,4370,4273,-1,4273,4370,4371,-1,4273,4371,4274,-1,4274,4371,4372,-1,4274,4372,4275,-1,4275,4372,4373,-1,4275,4373,4276,-1,4276,4373,4374,-1,4276,4374,4277,-1,4277,4374,4375,-1,4277,4375,4278,-1,4278,4375,4376,-1,4278,4376,4279,-1,4279,4376,4377,-1,4279,4377,4280,-1,4280,4377,4378,-1,4280,4378,4281,-1,4281,4378,4379,-1,4281,4379,4282,-1,4282,4379,4380,-1,4282,4380,4283,-1,4283,4380,4381,-1,4283,4381,4284,-1,4284,4381,4382,-1,4284,4382,4285,-1,4285,4382,4383,-1,4285,4383,4286,-1,4286,4383,4384,-1,4286,4384,4287,-1,4287,4384,4385,-1,4287,4385,4288,-1,4288,4385,4386,-1,4288,4386,4289,-1,4289,4386,4387,-1,4289,4387,4290,-1,4290,4387,4388,-1,4290,4388,4291,-1,4291,4388,4389,-1,4291,4389,4292,-1,4292,4389,4390,-1,4292,4390,4293,-1,4293,4390,7,-1,4293,7,6,-1,4294,4391,4295,-1,4295,4391,4392,-1,4295,4392,4296,-1,4296,4392,4393,-1,4296,4393,4297,-1,4297,4393,4394,-1,4297,4394,4298,-1,4298,4394,4395,-1,4298,4395,4299,-1,4299,4395,4396,-1,4299,4396,4300,-1,4300,4396,4397,-1,4300,4397,4301,-1,4301,4397,4398,-1,4301,4398,4302,-1,4302,4398,4399,-1,4302,4399,4303,-1,4303,4399,4400,-1,4303,4400,4304,-1,4304,4400,4401,-1,4304,4401,4305,-1,4305,4401,4402,-1,4305,4402,4306,-1,4306,4402,4403,-1,4306,4403,4307,-1,4307,4403,4404,-1,4307,4404,4308,-1,4308,4404,4405,-1,4308,4405,4309,-1,4309,4405,4406,-1,4309,4406,4310,-1,4310,4406,4407,-1,4310,4407,4311,-1,4311,4407,4408,-1,4311,4408,4312,-1,4312,4408,4409,-1,4312,4409,4313,-1,4313,4409,4410,-1,4313,4410,4314,-1,4314,4410,4411,-1,4314,4411,4315,-1,4315,4411,4412,-1,4315,4412,4316,-1,4316,4412,4413,-1,4316,4413,4317,-1,4317,4413,4414,-1,4317,4414,4318,-1,4318,4414,4415,-1,4318,4415,4319,-1,4319,4415,4416,-1,4319,4416,4320,-1,4320,4416,4417,-1,4320,4417,4321,-1,4321,4417,4418,-1,4321,4418,4322,-1,4322,4418,4419,-1,4322,4419,4323,-1,4323,4419,4420,-1,4323,4420,4324,-1,4324,4420,4421,-1,4324,4421,4325,-1,4325,4421,4422,-1,4325,4422,4326,-1,4326,4422,4423,-1,4326,4423,4327,-1,4327,4423,4424,-1,4327,4424,4328,-1,4328,4424,4425,-1,4328,4425,4329,-1,4329,4425,4426,-1,4329,4426,4330,-1,4330,4426,4427,-1,4330,4427,4331,-1,4331,4427,4428,-1,4331,4428,4332,-1,4332,4428,4429,-1,4332,4429,4333,-1,4333,4429,4430,-1,4333,4430,4334,-1,4334,4430,4431,-1,4334,4431,4335,-1,4335,4431,4432,-1,4335,4432,4336,-1,4336,4432,4433,-1,4336,4433,4337,-1,4337,4433,4434,-1,4337,4434,4338,-1,4338,4434,4435,-1,4338,4435,4339,-1,4339,4435,4436,-1,4339,4436,4340,-1,4340,4436,4437,-1,4340,4437,4341,-1,4341,4437,4438,-1,4341,4438,4342,-1,4342,4438,4439,-1,4342,4439,4343,-1,4343,4439,4440,-1,4343,4440,4344,-1,4344,4440,4441,-1,4344,4441,4345,-1,4345,4441,4442,-1,4345,4442,4346,-1,4346,4442,4443,-1,4346,4443,4347,-1,4347,4443,4444,-1,4347,4444,4348,-1,4348,4444,4445,-1,4348,4445,4349,-1,4349,4445,4446,-1,4349,4446,4350,-1,4350,4446,4447,-1,4350,4447,4351,-1,4351,4447,4448,-1,4351,4448,4352,-1,4352,4448,4449,-1,4352,4449,4353,-1,4353,4449,4450,-1,4353,4450,4354,-1,4354,4450,4451,-1,4354,4451,4355,-1,4355,4451,4452,-1,4355,4452,4356,-1,4356,4452,4453,-1,4356,4453,4357,-1,4357,4453,4454,-1,4357,4454,4358,-1,4358,4454,4455,-1,4358,4455,4359,-1,4359,4455,4456,-1,4359,4456,4360,-1,4360,4456,4457,-1,4360,4457,4361,-1,4361,4457,4458,-1,4361,4458,4362,-1,4362,4458,4459,-1,4362,4459,4363,-1,4363,4459,4460,-1,4363,4460,4364,-1,4364,4460,4461,-1,4364,4461,4365,-1,4365,4461,4462,-1,4365,4462,4366,-1,4366,4462,4463,-1,4366,4463,4367,-1,4367,4463,4464,-1,4367,4464,4368,-1,4368,4464,4465,-1,4368,4465,4369,-1,4369,4465,4466,-1,4369,4466,4370,-1,4370,4466,4467,-1,4370,4467,4371,-1,4371,4467,4468,-1,4371,4468,4372,-1,4372,4468,4469,-1,4372,4469,4373,-1,4373,4469,4470,-1,4373,4470,4374,-1,4374,4470,4471,-1,4374,4471,4375,-1,4375,4471,4472,-1,4375,4472,4376,-1,4376,4472,4473,-1,4376,4473,4377,-1,4377,4473,4474,-1,4377,4474,4378,-1,4378,4474,4475,-1,4378,4475,4379,-1,4379,4475,4476,-1,4379,4476,4380,-1,4380,4476,4477,-1,4380,4477,4381,-1,4381,4477,4478,-1,4381,4478,4382,-1,4382,4478,4479,-1,4382,4479,4383,-1,4383,4479,4480,-1,4383,4480,4384,-1,4384,4480,4481,-1,4384,4481,4385,-1,4385,4481,4482,-1,4385,4482,4386,-1,4386,4482,4483,-1,4386,4483,4387,-1,4387,4483,4484,-1,4387,4484,4388,-1,4388,4484,4485,-1,4388,4485,4389,-1,4389,4485,4486,-1,4389,4486,4390,-1,4390,4486,8,-1,4390,8,7,-1,4391,4487,4392,-1,4392,4487,4488,-1,4392,4488,4393,-1,4393,4488,4489,-1,4393,4489,4394,-1,4394,4489,4490,-1,4394,4490,4395,-1,4395,4490,4491,-1,4395,4491,4396,-1,4396,4491,4492,-1,4396,4492,4397,-1,4397,4492,4493,-1,4397,4493,4398,-1,4398,4493,4494,-1,4398,4494,4399,-1,4399,4494,4495,-1,4399,4495,4400,-1,4400,4495,4496,-1,4400,4496,4401,-1,4401,4496,4497,-1,4401,4497,4402,-1,4402,4497,4498,-1,4402,4498,4403,-1,4403,4498,4499,-1,4403,4499,4404,-1,4404,4499,4500,-1,4404,4500,4405,-1,4405,4500,4501,-1,4405,4501,4406,-1,4406,4501,4502,-1,4406,4502,4407,-1,4407,4502,4503,-1,4407,4503,4408,-1,4408,4503,4504,-1,4408,4504,4409,-1,4409,4504,4505,-1,4409,4505,4410,-1,4410,4505,4506,-1,4410,4506,4411,-1,4411,4506,4507,-1,4411,4507,4412,-1,4412,4507,4508,-1,4412,4508,4413,-1,4413,4508,4509,-1,4413,4509,4414,-1,4414,4509,4510,-1,4414,4510,4415,-1,4415,4510,4511,-1,4415,4511,4416,-1,4416,4511,4512,-1,4416,4512,4417,-1,4417,4512,4513,-1,4417,4513,4418,-1,4418,4513,4514,-1,4418,4514,4419,-1,4419,4514,4515,-1,4419,4515,4420,-1,4420,4515,4516,-1,4420,4516,4421,-1,4421,4516,4517,-1,4421,4517,4422,-1,4422,4517,4518,-1,4422,4518,4423,-1,4423,4518,4519,-1,4423,4519,4424,-1,4424,4519,4520,-1,4424,4520,4425,-1,4425,4520,4521,-1,4425,4521,4426,-1,4426,4521,4522,-1,4426,4522,4427,-1,4427,4522,4523,-1,4427,4523,4428,-1,4428,4523,4524,-1,4428,4524,4429,-1,4429,4524,4525,-1,4429,4525,4430,-1,4430,4525,4526,-1,4430,4526,4431,-1,4431,4526,4527,-1,4431,4527,4432,-1,4432,4527,4528,-1,4432,4528,4433,-1,4433,4528,4529,-1,4433,4529,4434,-1,4434,4529,4530,-1,4434,4530,4435,-1,4435,4530,4531,-1,4435,4531,4436,-1,4436,4531,4532,-1,4436,4532,4437,-1,4437,4532,4533,-1,4437,4533,4438,-1,4438,4533,4534,-1,4438,4534,4439,-1,4439,4534,4535,-1,4439,4535,4440,-1,4440,4535,4536,-1,4440,4536,4441,-1,4441,4536,4537,-1,4441,4537,4442,-1,4442,4537,4538,-1,4442,4538,4443,-1,4443,4538,4539,-1,4443,4539,4444,-1,4444,4539,4540,-1,4444,4540,4445,-1,4445,4540,4541,-1,4445,4541,4446,-1,4446,4541,4542,-1,4446,4542,4447,-1,4447,4542,4543,-1,4447,4543,4448,-1,4448,4543,4544,-1,4448,4544,4449,-1,4449,4544,4545,-1,4449,4545,4450,-1,4450,4545,4546,-1,4450,4546,4451,-1,4451,4546,4547,-1,4451,4547,4452,-1,4452,4547,4548,-1,4452,4548,4453,-1,4453,4548,4549,-1,4453,4549,4454,-1,4454,4549,4550,-1,4454,4550,4455,-1,4455,4550,4551,-1,4455,4551,4456,-1,4456,4551,4552,-1,4456,4552,4457,-1,4457,4552,4553,-1,4457,4553,4458,-1,4458,4553,4554,-1,4458,4554,4459,-1,4459,4554,4555,-1,4459,4555,4460,-1,4460,4555,4556,-1,4460,4556,4461,-1,4461,4556,4557,-1,4461,4557,4462,-1,4462,4557,4558,-1,4462,4558,4463,-1,4463,4558,4559,-1,4463,4559,4464,-1,4464,4559,4560,-1,4464,4560,4465,-1,4465,4560,4561,-1,4465,4561,4466,-1,4466,4561,4562,-1,4466,4562,4467,-1,4467,4562,4563,-1,4467,4563,4468,-1,4468,4563,4564,-1,4468,4564,4469,-1,4469,4564,4565,-1,4469,4565,4470,-1,4470,4565,4566,-1,4470,4566,4471,-1,4471,4566,4567,-1,4471,4567,4472,-1,4472,4567,4568,-1,4472,4568,4473,-1,4473,4568,4569,-1,4473,4569,4474,-1,4474,4569,4570,-1,4474,4570,4475,-1,4475,4570,4571,-1,4475,4571,4476,-1,4476,4571,4572,-1,4476,4572,4477,-1,4477,4572,4573,-1,4477,4573,4478,-1,4478,4573,4574,-1,4478,4574,4479,-1,4479,4574,4575,-1,4479,4575,4480,-1,4480,4575,4576,-1,4480,4576,4481,-1,4481,4576,2298,-1,4481,2298,4482,-1,4482,2298,2184,-1,4482,2184,4483,-1,4483,2184,2071,-1,4483,2071,4484,-1,4484,2071,1958,-1,4484,1958,4485,-1,4485,1958,15,-1,4485,15,4486,-1,4486,15,5,-1,4486,5,8,-1,4487,4577,4488,-1,4488,4577,4578,-1,4488,4578,4489,-1,4489,4578,4579,-1,4489,4579,4490,-1,4490,4579,4580,-1,4490,4580,4491,-1,4491,4580,4581,-1,4491,4581,4492,-1,4492,4581,4582,-1,4492,4582,4493,-1,4493,4582,4583,-1,4493,4583,4494,-1,4494,4583,4584,-1,4494,4584,4495,-1,4495,4584,4585,-1,4495,4585,4496,-1,4496,4585,4586,-1,4496,4586,4497,-1,4497,4586,4587,-1,4497,4587,4498,-1,4498,4587,4588,-1,4498,4588,4499,-1,4499,4588,4589,-1,4499,4589,4500,-1,4500,4589,4590,-1,4500,4590,4501,-1,4501,4590,4591,-1,4501,4591,4502,-1,4502,4591,4592,-1,4502,4592,4503,-1,4503,4592,4593,-1,4503,4593,4504,-1,4504,4593,4594,-1,4504,4594,4505,-1,4505,4594,4595,-1,4505,4595,4506,-1,4506,4595,4596,-1,4506,4596,4507,-1,4507,4596,4597,-1,4507,4597,4508,-1,4508,4597,4598,-1,4508,4598,4509,-1,4509,4598,4599,-1,4509,4599,4510,-1,4510,4599,4600,-1,4510,4600,4511,-1,4511,4600,4601,-1,4511,4601,4512,-1,4512,4601,4602,-1,4512,4602,4513,-1,4513,4602,4603,-1,4513,4603,4514,-1,4514,4603,4604,-1,4514,4604,4515,-1,4515,4604,4605,-1,4515,4605,4516,-1,4516,4605,4606,-1,4516,4606,4517,-1,4517,4606,4607,-1,4517,4607,4518,-1,4518,4607,4608,-1,4518,4608,4519,-1,4519,4608,4609,-1,4519,4609,4520,-1,4520,4609,4610,-1,4520,4610,4521,-1,4521,4610,4611,-1,4521,4611,4522,-1,4522,4611,4612,-1,4522,4612,4523,-1,4523,4612,4613,-1,4523,4613,4524,-1,4524,4613,4614,-1,4524,4614,4525,-1,4525,4614,4615,-1,4525,4615,4526,-1,4526,4615,4616,-1,4526,4616,4527,-1,4527,4616,4617,-1,4527,4617,4528,-1,4528,4617,4618,-1,4528,4618,4529,-1,4529,4618,4619,-1,4529,4619,4530,-1,4530,4619,4620,-1,4530,4620,4531,-1,4531,4620,4621,-1,4531,4621,4532,-1,4532,4621,4622,-1,4532,4622,4533,-1,4533,4622,4623,-1,4533,4623,4534,-1,4534,4623,4624,-1,4534,4624,4535,-1,4535,4624,4625,-1,4535,4625,4536,-1,4536,4625,4626,-1,4536,4626,4537,-1,4537,4626,4627,-1,4537,4627,4538,-1,4538,4627,4628,-1,4538,4628,4539,-1,4539,4628,4629,-1,4539,4629,4540,-1,4540,4629,4630,-1,4540,4630,4541,-1,4541,4630,4631,-1,4541,4631,4542,-1,4542,4631,4632,-1,4542,4632,4543,-1,4543,4632,4633,-1,4543,4633,4544,-1,4544,4633,4634,-1,4544,4634,4545,-1,4545,4634,4635,-1,4545,4635,4546,-1,4546,4635,4636,-1,4546,4636,4547,-1,4547,4636,4637,-1,4547,4637,4548,-1,4548,4637,4638,-1,4548,4638,4549,-1,4549,4638,4639,-1,4549,4639,4550,-1,4550,4639,4640,-1,4550,4640,4551,-1,4551,4640,4641,-1,4551,4641,4552,-1,4552,4641,4642,-1,4552,4642,4553,-1,4553,4642,4643,-1,4553,4643,4554,-1,4554,4643,4644,-1,4554,4644,4555,-1,4555,4644,4645,-1,4555,4645,4556,-1,4556,4645,4646,-1,4556,4646,4557,-1,4557,4646,4647,-1,4557,4647,4558,-1,4558,4647,4648,-1,4558,4648,4559,-1,4559,4648,4649,-1,4559,4649,4560,-1,4560,4649,4650,-1,4560,4650,4561,-1,4561,4650,4651,-1,4561,4651,4562,-1,4562,4651,4652,-1,4562,4652,4563,-1,4563,4652,4653,-1,4563,4653,4564,-1,4564,4653,4654,-1,4564,4654,4565,-1,4565,4654,4655,-1,4565,4655,4566,-1,4566,4655,4656,-1,4566,4656,4567,-1,4567,4656,4657,-1,4567,4657,4568,-1,4568,4657,4658,-1,4568,4658,4569,-1,4569,4658,4659,-1,4569,4659,4570,-1,4570,4659,4660,-1,4570,4660,4571,-1,4571,4660,4661,-1,4571,4661,4572,-1,4572,4661,4662,-1,4572,4662,4573,-1,4573,4662,4663,-1,4573,4663,4574,-1,4574,4663,4664,-1,4574,4664,4575,-1,4575,4664,58,-1,4575,58,4576,-1,4576,58,36,-1,4576,36,2298,-1,2298,36,35,-1,2298,35,2297,-1,4577,4665,4578,-1,4578,4665,4666,-1,4578,4666,4579,-1,4579,4666,4667,-1,4579,4667,4580,-1,4580,4667,4668,-1,4580,4668,4581,-1,4581,4668,4669,-1,4581,4669,4582,-1,4582,4669,4670,-1,4582,4670,4583,-1,4583,4670,4671,-1,4583,4671,4584,-1,4584,4671,4672,-1,4584,4672,4585,-1,4585,4672,4673,-1,4585,4673,4586,-1,4586,4673,4674,-1,4586,4674,4587,-1,4587,4674,4675,-1,4587,4675,4588,-1,4588,4675,4676,-1,4588,4676,4589,-1,4589,4676,4677,-1,4589,4677,4590,-1,4590,4677,4678,-1,4590,4678,4591,-1,4591,4678,4679,-1,4591,4679,4592,-1,4592,4679,4680,-1,4592,4680,4593,-1,4593,4680,4681,-1,4593,4681,4594,-1,4594,4681,4682,-1,4594,4682,4595,-1,4595,4682,4683,-1,4595,4683,4596,-1,4596,4683,4684,-1,4596,4684,4597,-1,4597,4684,4685,-1,4597,4685,4598,-1,4598,4685,4686,-1,4598,4686,4599,-1,4599,4686,4687,-1,4599,4687,4600,-1,4600,4687,4688,-1,4600,4688,4601,-1,4601,4688,4689,-1,4601,4689,4602,-1,4602,4689,4690,-1,4602,4690,4603,-1,4603,4690,4691,-1,4603,4691,4604,-1,4604,4691,4692,-1,4604,4692,4605,-1,4605,4692,4693,-1,4605,4693,4606,-1,4606,4693,4694,-1,4606,4694,4607,-1,4607,4694,4695,-1,4607,4695,4608,-1,4608,4695,4696,-1,4608,4696,4609,-1,4609,4696,4697,-1,4609,4697,4610,-1,4610,4697,4698,-1,4610,4698,4611,-1,4611,4698,4699,-1,4611,4699,4612,-1,4612,4699,4700,-1,4612,4700,4613,-1,4613,4700,4701,-1,4613,4701,4614,-1,4614,4701,4702,-1,4614,4702,4615,-1,4615,4702,4703,-1,4615,4703,4616,-1,4616,4703,4704,-1,4616,4704,4617,-1,4617,4704,4705,-1,4617,4705,4618,-1,4618,4705,4706,-1,4618,4706,4619,-1,4619,4706,4707,-1,4619,4707,4620,-1,4620,4707,4708,-1,4620,4708,4621,-1,4621,4708,4709,-1,4621,4709,4622,-1,4622,4709,4710,-1,4622,4710,4623,-1,4623,4710,4711,-1,4623,4711,4624,-1,4624,4711,4712,-1,4624,4712,4625,-1,4625,4712,4713,-1,4625,4713,4626,-1,4626,4713,4714,-1,4626,4714,4627,-1,4627,4714,4715,-1,4627,4715,4628,-1,4628,4715,4716,-1,4628,4716,4629,-1,4629,4716,4717,-1,4629,4717,4630,-1,4630,4717,4718,-1,4630,4718,4631,-1,4631,4718,4719,-1,4631,4719,4632,-1,4632,4719,4720,-1,4632,4720,4633,-1,4633,4720,4721,-1,4633,4721,4634,-1,4634,4721,4722,-1,4634,4722,4635,-1,4635,4722,4723,-1,4635,4723,4636,-1,4636,4723,4724,-1,4636,4724,4637,-1,4637,4724,4725,-1,4637,4725,4638,-1,4638,4725,4726,-1,4638,4726,4639,-1,4639,4726,4727,-1,4639,4727,4640,-1,4640,4727,4728,-1,4640,4728,4641,-1,4641,4728,4729,-1,4641,4729,4642,-1,4642,4729,4730,-1,4642,4730,4643,-1,4643,4730,4731,-1,4643,4731,4644,-1,4644,4731,4732,-1,4644,4732,4645,-1,4645,4732,4733,-1,4645,4733,4646,-1,4646,4733,4734,-1,4646,4734,4647,-1,4647,4734,4735,-1,4647,4735,4648,-1,4648,4735,4736,-1,4648,4736,4649,-1,4649,4736,4737,-1,4649,4737,4650,-1,4650,4737,4738,-1,4650,4738,4651,-1,4651,4738,4739,-1,4651,4739,4652,-1,4652,4739,4740,-1,4652,4740,4653,-1,4653,4740,4741,-1,4653,4741,4654,-1,4654,4741,4742,-1,4654,4742,4655,-1,4655,4742,4743,-1,4655,4743,4656,-1,4656,4743,4744,-1,4656,4744,4657,-1,4657,4744,4745,-1,4657,4745,4658,-1,4658,4745,4746,-1,4658,4746,4659,-1,4659,4746,4747,-1,4659,4747,4660,-1,4660,4747,4748,-1,4660,4748,4661,-1,4661,4748,4749,-1,4661,4749,4662,-1,4662,4749,4750,-1,4662,4750,4663,-1,4663,4750,4751,-1,4663,4751,4664,-1,4664,4751,34,-1,4664,34,58,-1,58,34,33,-1,58,33,56,-1,4665,4752,4666,-1,4666,4752,4753,-1,4666,4753,4667,-1,4667,4753,4754,-1,4667,4754,4668,-1,4668,4754,4755,-1,4668,4755,4669,-1,4669,4755,4756,-1,4669,4756,4670,-1,4670,4756,4757,-1,4670,4757,4671,-1,4671,4757,4758,-1,4671,4758,4672,-1,4672,4758,4759,-1,4672,4759,4673,-1,4673,4759,4760,-1,4673,4760,4674,-1,4674,4760,4761,-1,4674,4761,4675,-1,4675,4761,4762,-1,4675,4762,4676,-1,4676,4762,4763,-1,4676,4763,4677,-1,4677,4763,4764,-1,4677,4764,4678,-1,4678,4764,4765,-1,4678,4765,4679,-1,4679,4765,4766,-1,4679,4766,4680,-1,4680,4766,4767,-1,4680,4767,4681,-1,4681,4767,4768,-1,4681,4768,4682,-1,4682,4768,4769,-1,4682,4769,4683,-1,4683,4769,4770,-1,4683,4770,4684,-1,4684,4770,4771,-1,4684,4771,4685,-1,4685,4771,4772,-1,4685,4772,4686,-1,4686,4772,4773,-1,4686,4773,4687,-1,4687,4773,4774,-1,4687,4774,4688,-1,4688,4774,4775,-1,4688,4775,4689,-1,4689,4775,4776,-1,4689,4776,4690,-1,4690,4776,4777,-1,4690,4777,4691,-1,4691,4777,4778,-1,4691,4778,4692,-1,4692,4778,4779,-1,4692,4779,4693,-1,4693,4779,4780,-1,4693,4780,4694,-1,4694,4780,4781,-1,4694,4781,4695,-1,4695,4781,4782,-1,4695,4782,4696,-1,4696,4782,4783,-1,4696,4783,4697,-1,4697,4783,4784,-1,4697,4784,4698,-1,4698,4784,4785,-1,4698,4785,4699,-1,4699,4785,4786,-1,4699,4786,4700,-1,4700,4786,4787,-1,4700,4787,4701,-1,4701,4787,4788,-1,4701,4788,4702,-1,4702,4788,4789,-1,4702,4789,4703,-1,4703,4789,4790,-1,4703,4790,4704,-1,4704,4790,4791,-1,4704,4791,4705,-1,4705,4791,4792,-1,4705,4792,4706,-1,4706,4792,4793,-1,4706,4793,4707,-1,4707,4793,4794,-1,4707,4794,4708,-1,4708,4794,4795,-1,4708,4795,4709,-1,4709,4795,4796,-1,4709,4796,4710,-1,4710,4796,4797,-1,4710,4797,4711,-1,4711,4797,4798,-1,4711,4798,4712,-1,4712,4798,4799,-1,4712,4799,4713,-1,4713,4799,4800,-1,4713,4800,4714,-1,4714,4800,4801,-1,4714,4801,4715,-1,4715,4801,4802,-1,4715,4802,4716,-1,4716,4802,4803,-1,4716,4803,4717,-1,4717,4803,4804,-1,4717,4804,4718,-1,4718,4804,4805,-1,4718,4805,4719,-1,4719,4805,4806,-1,4719,4806,4720,-1,4720,4806,4807,-1,4720,4807,4721,-1,4721,4807,4808,-1,4721,4808,4722,-1,4722,4808,4809,-1,4722,4809,4723,-1,4723,4809,4810,-1,4723,4810,4724,-1,4724,4810,4811,-1,4724,4811,4725,-1,4725,4811,4812,-1,4725,4812,4726,-1,4726,4812,4813,-1,4726,4813,4727,-1,4727,4813,4814,-1,4727,4814,4728,-1,4728,4814,4815,-1,4728,4815,4729,-1,4729,4815,4816,-1,4729,4816,4730,-1,4730,4816,4817,-1,4730,4817,4731,-1,4731,4817,4818,-1,4731,4818,4732,-1,4732,4818,4819,-1,4732,4819,4733,-1,4733,4819,4820,-1,4733,4820,4734,-1,4734,4820,4821,-1,4734,4821,4735,-1,4735,4821,4822,-1,4735,4822,4736,-1,4736,4822,4823,-1,4736,4823,4737,-1,4737,4823,4824,-1,4737,4824,4738,-1,4738,4824,4825,-1,4738,4825,4739,-1,4739,4825,4826,-1,4739,4826,4740,-1,4740,4826,4827,-1,4740,4827,4741,-1,4741,4827,4828,-1,4741,4828,4742,-1,4742,4828,4829,-1,4742,4829,4743,-1,4743,4829,4830,-1,4743,4830,4744,-1,4744,4830,4831,-1,4744,4831,4745,-1,4745,4831,4832,-1,4745,4832,4746,-1,4746,4832,4833,-1,4746,4833,4747,-1,4747,4833,4834,-1,4747,4834,4748,-1,4748,4834,4835,-1,4748,4835,4749,-1,4749,4835,4836,-1,4749,4836,4750,-1,4750,4836,4837,-1,4750,4837,4751,-1,4751,4837,61,-1,4751,61,34,-1,34,61,66,-1,34,66,67,-1,4752,4838,4753,-1,4753,4838,4839,-1,4753,4839,4754,-1,4754,4839,4840,-1,4754,4840,4755,-1,4755,4840,4841,-1,4755,4841,4756,-1,4756,4841,4842,-1,4756,4842,4757,-1,4757,4842,4843,-1,4757,4843,4758,-1,4758,4843,4844,-1,4758,4844,4759,-1,4759,4844,4845,-1,4759,4845,4760,-1,4760,4845,4846,-1,4760,4846,4761,-1,4761,4846,4847,-1,4761,4847,4762,-1,4762,4847,4848,-1,4762,4848,4763,-1,4763,4848,4849,-1,4763,4849,4764,-1,4764,4849,4850,-1,4764,4850,4765,-1,4765,4850,4851,-1,4765,4851,4766,-1,4766,4851,4852,-1,4766,4852,4767,-1,4767,4852,4853,-1,4767,4853,4768,-1,4768,4853,4854,-1,4768,4854,4769,-1,4769,4854,4855,-1,4769,4855,4770,-1,4770,4855,4856,-1,4770,4856,4771,-1,4771,4856,4857,-1,4771,4857,4772,-1,4772,4857,4858,-1,4772,4858,4773,-1,4773,4858,4859,-1,4773,4859,4774,-1,4774,4859,4860,-1,4774,4860,4775,-1,4775,4860,4861,-1,4775,4861,4776,-1,4776,4861,4862,-1,4776,4862,4777,-1,4777,4862,4863,-1,4777,4863,4778,-1,4778,4863,4864,-1,4778,4864,4779,-1,4779,4864,4865,-1,4779,4865,4780,-1,4780,4865,4866,-1,4780,4866,4781,-1,4781,4866,4867,-1,4781,4867,4782,-1,4782,4867,4868,-1,4782,4868,4783,-1,4783,4868,4869,-1,4783,4869,4784,-1,4784,4869,4870,-1,4784,4870,4785,-1,4785,4870,4871,-1,4785,4871,4786,-1,4786,4871,4872,-1,4786,4872,4787,-1,4787,4872,4873,-1,4787,4873,4788,-1,4788,4873,4874,-1,4788,4874,4789,-1,4789,4874,4875,-1,4789,4875,4790,-1,4790,4875,4876,-1,4790,4876,4791,-1,4791,4876,4877,-1,4791,4877,4792,-1,4792,4877,4878,-1,4792,4878,4793,-1,4793,4878,4879,-1,4793,4879,4794,-1,4794,4879,4880,-1,4794,4880,4795,-1,4795,4880,4881,-1,4795,4881,4796,-1,4796,4881,4882,-1,4796,4882,4797,-1,4797,4882,4883,-1,4797,4883,4798,-1,4798,4883,4884,-1,4798,4884,4799,-1,4799,4884,4885,-1,4799,4885,4800,-1,4800,4885,4886,-1,4800,4886,4801,-1,4801,4886,4887,-1,4801,4887,4802,-1,4802,4887,4888,-1,4802,4888,4803,-1,4803,4888,4889,-1,4803,4889,4804,-1,4804,4889,4890,-1,4804,4890,4805,-1,4805,4890,4891,-1,4805,4891,4806,-1,4806,4891,4892,-1,4806,4892,4807,-1,4807,4892,4893,-1,4807,4893,4808,-1,4808,4893,4894,-1,4808,4894,4809,-1,4809,4894,4895,-1,4809,4895,4810,-1,4810,4895,4896,-1,4810,4896,4811,-1,4811,4896,4897,-1,4811,4897,4812,-1,4812,4897,4898,-1,4812,4898,4813,-1,4813,4898,4899,-1,4813,4899,4814,-1,4814,4899,4900,-1,4814,4900,4815,-1,4815,4900,4901,-1,4815,4901,4816,-1,4816,4901,4902,-1,4816,4902,4817,-1,4817,4902,4903,-1,4817,4903,4818,-1,4818,4903,4904,-1,4818,4904,4819,-1,4819,4904,4905,-1,4819,4905,4820,-1,4820,4905,4906,-1,4820,4906,4821,-1,4821,4906,4907,-1,4821,4907,4822,-1,4822,4907,4908,-1,4822,4908,4823,-1,4823,4908,4909,-1,4823,4909,4824,-1,4824,4909,4910,-1,4824,4910,4825,-1,4825,4910,4911,-1,4825,4911,4826,-1,4826,4911,4912,-1,4826,4912,4827,-1,4827,4912,4913,-1,4827,4913,4828,-1,4828,4913,4914,-1,4828,4914,4829,-1,4829,4914,4915,-1,4829,4915,4830,-1,4830,4915,4916,-1,4830,4916,4831,-1,4831,4916,4917,-1,4831,4917,4832,-1,4832,4917,4918,-1,4832,4918,4833,-1,4833,4918,4919,-1,4833,4919,4834,-1,4834,4919,4920,-1,4834,4920,4835,-1,4835,4920,4921,-1,4835,4921,4836,-1,4836,4921,4922,-1,4836,4922,4837,-1,4837,4922,73,-1,4837,73,61,-1,61,73,72,-1,61,72,62,-1,4838,4923,4839,-1,4839,4923,4924,-1,4839,4924,4840,-1,4840,4924,4925,-1,4840,4925,4841,-1,4841,4925,4926,-1,4841,4926,4842,-1,4842,4926,4927,-1,4842,4927,4843,-1,4843,4927,4928,-1,4843,4928,4844,-1,4844,4928,4929,-1,4844,4929,4845,-1,4845,4929,4930,-1,4845,4930,4846,-1,4846,4930,4931,-1,4846,4931,4847,-1,4847,4931,4932,-1,4847,4932,4848,-1,4848,4932,4933,-1,4848,4933,4849,-1,4849,4933,4934,-1,4849,4934,4850,-1,4850,4934,4935,-1,4850,4935,4851,-1,4851,4935,4936,-1,4851,4936,4852,-1,4852,4936,4937,-1,4852,4937,4853,-1,4853,4937,4938,-1,4853,4938,4854,-1,4854,4938,4939,-1,4854,4939,4855,-1,4855,4939,4940,-1,4855,4940,4856,-1,4856,4940,4941,-1,4856,4941,4857,-1,4857,4941,4942,-1,4857,4942,4858,-1,4858,4942,4943,-1,4858,4943,4859,-1,4859,4943,4944,-1,4859,4944,4860,-1,4860,4944,4945,-1,4860,4945,4861,-1,4861,4945,4946,-1,4861,4946,4862,-1,4862,4946,4947,-1,4862,4947,4863,-1,4863,4947,4948,-1,4863,4948,4864,-1,4864,4948,4949,-1,4864,4949,4865,-1,4865,4949,4950,-1,4865,4950,4866,-1,4866,4950,4951,-1,4866,4951,4867,-1,4867,4951,4952,-1,4867,4952,4868,-1,4868,4952,4953,-1,4868,4953,4869,-1,4869,4953,4954,-1,4869,4954,4870,-1,4870,4954,4955,-1,4870,4955,4871,-1,4871,4955,4956,-1,4871,4956,4872,-1,4872,4956,4957,-1,4872,4957,4873,-1,4873,4957,4958,-1,4873,4958,4874,-1,4874,4958,4959,-1,4874,4959,4875,-1,4875,4959,4960,-1,4875,4960,4876,-1,4876,4960,4961,-1,4876,4961,4877,-1,4877,4961,4962,-1,4877,4962,4878,-1,4878,4962,4963,-1,4878,4963,4879,-1,4879,4963,4964,-1,4879,4964,4880,-1,4880,4964,4965,-1,4880,4965,4881,-1,4881,4965,4966,-1,4881,4966,4882,-1,4882,4966,4967,-1,4882,4967,4883,-1,4883,4967,4968,-1,4883,4968,4884,-1,4884,4968,4969,-1,4884,4969,4885,-1,4885,4969,4970,-1,4885,4970,4886,-1,4886,4970,4971,-1,4886,4971,4887,-1,4887,4971,4972,-1,4887,4972,4888,-1,4888,4972,4973,-1,4888,4973,4889,-1,4889,4973,4974,-1,4889,4974,4890,-1,4890,4974,4975,-1,4890,4975,4891,-1,4891,4975,4976,-1,4891,4976,4892,-1,4892,4976,4977,-1,4892,4977,4893,-1,4893,4977,4978,-1,4893,4978,4894,-1,4894,4978,4979,-1,4894,4979,4895,-1,4895,4979,4980,-1,4895,4980,4896,-1,4896,4980,4981,-1,4896,4981,4897,-1,4897,4981,4982,-1,4897,4982,4898,-1,4898,4982,4983,-1,4898,4983,4899,-1,4899,4983,4984,-1,4899,4984,4900,-1,4900,4984,4985,-1,4900,4985,4901,-1,4901,4985,4986,-1,4901,4986,4902,-1,4902,4986,4987,-1,4902,4987,4903,-1,4903,4987,4988,-1,4903,4988,4904,-1,4904,4988,4989,-1,4904,4989,4905,-1,4905,4989,4990,-1,4905,4990,4906,-1,4906,4990,4991,-1,4906,4991,4907,-1,4907,4991,4992,-1,4907,4992,4908,-1,4908,4992,4993,-1,4908,4993,4909,-1,4909,4993,4994,-1,4909,4994,4910,-1,4910,4994,4995,-1,4910,4995,4911,-1,4911,4995,4996,-1,4911,4996,4912,-1,4912,4996,4997,-1,4912,4997,4913,-1,4913,4997,4998,-1,4913,4998,4914,-1,4914,4998,4999,-1,4914,4999,4915,-1,4915,4999,5000,-1,4915,5000,4916,-1,4916,5000,5001,-1,4916,5001,4917,-1,4917,5001,5002,-1,4917,5002,4918,-1,4918,5002,5003,-1,4918,5003,4919,-1,4919,5003,5004,-1,4919,5004,4920,-1,4920,5004,5005,-1,4920,5005,4921,-1,4921,5005,5006,-1,4921,5006,4922,-1,4922,5006,5007,-1,4922,5007,73,-1,73,5007,5008,-1,73,5008,75,-1,30,5008,31,-1,31,5008,5007,-1,31,5007,5009,-1,5009,5007,5006,-1,5009,5006,5010,-1,5010,5006,5005,-1,5010,5005,5011,-1,5011,5005,5004,-1,5011,5004,5012,-1,5012,5004,5003,-1,5012,5003,5013,-1,5013,5003,5002,-1,5013,5002,5014,-1,5014,5002,5001,-1,5014,5001,5015,-1,5015,5001,5000,-1,5015,5000,5016,-1,5016,5000,4999,-1,5016,4999,5017,-1,5017,4999,4998,-1,5017,4998,5018,-1,5018,4998,4997,-1,5018,4997,5019,-1,5019,4997,4996,-1,5019,4996,5020,-1,5020,4996,4995,-1,5020,4995,5021,-1,5021,4995,4994,-1,5021,4994,5022,-1,5022,4994,4993,-1,5022,4993,5023,-1,5023,4993,4992,-1,5023,4992,5024,-1,5024,4992,4991,-1,5024,4991,5025,-1,5025,4991,4990,-1,5025,4990,5026,-1,5026,4990,4989,-1,5026,4989,5027,-1,5027,4989,4988,-1,5027,4988,5028,-1,5028,4988,4987,-1,5028,4987,5029,-1,5029,4987,4986,-1,5029,4986,5030,-1,5030,4986,4985,-1,5030,4985,5031,-1,5031,4985,4984,-1,5031,4984,5032,-1,5032,4984,4983,-1,5032,4983,5033,-1,5033,4983,4982,-1,5033,4982,5034,-1,5034,4982,4981,-1,5034,4981,5035,-1,5035,4981,4980,-1,5035,4980,5036,-1,5036,4980,4979,-1,5036,4979,5037,-1,5037,4979,4978,-1,5037,4978,5038,-1,5038,4978,4977,-1,5038,4977,5039,-1,5039,4977,4976,-1,5039,4976,5040,-1,5040,4976,4975,-1,5040,4975,5041,-1,5041,4975,4974,-1,5041,4974,5042,-1,5042,4974,4973,-1,5042,4973,5043,-1,5043,4973,4972,-1,5043,4972,5044,-1,5044,4972,4971,-1,5044,4971,5045,-1,5045,4971,4970,-1,5045,4970,5046,-1,5046,4970,4969,-1,5046,4969,5047,-1,5047,4969,4968,-1,5047,4968,5048,-1,5048,4968,4967,-1,5048,4967,5049,-1,5049,4967,4966,-1,5049,4966,5050,-1,5050,4966,4965,-1,5050,4965,5051,-1,5051,4965,4964,-1,5051,4964,5052,-1,5052,4964,4963,-1,5052,4963,5053,-1,5053,4963,4962,-1,5053,4962,5054,-1,5054,4962,4961,-1,5054,4961,5055,-1,5055,4961,4960,-1,5055,4960,5056,-1,5056,4960,4959,-1,5056,4959,5057,-1,5057,4959,4958,-1,5057,4958,5058,-1,5058,4958,4957,-1,5058,4957,5059,-1,5059,4957,4956,-1,5059,4956,5060,-1,5060,4956,4955,-1,5060,4955,5061,-1,5061,4955,4954,-1,5061,4954,5062,-1,5062,4954,4953,-1,5062,4953,5063,-1,5063,4953,4952,-1,5063,4952,5064,-1,5064,4952,4951,-1,5064,4951,5065,-1,5065,4951,4950,-1,5065,4950,5066,-1,5066,4950,4949,-1,5066,4949,5067,-1,5067,4949,4948,-1,5067,4948,5068,-1,5068,4948,4947,-1,5068,4947,5069,-1,5069,4947,4946,-1,5069,4946,5070,-1,5070,4946,4945,-1,5070,4945,5071,-1,5071,4945,4944,-1,5071,4944,5072,-1,5072,4944,4943,-1,5072,4943,5073,-1,5073,4943,4942,-1,5073,4942,5074,-1,5074,4942,4941,-1,5074,4941,5075,-1,5075,4941,4940,-1,5075,4940,5076,-1,5076,4940,4939,-1,5076,4939,5077,-1,5077,4939,4938,-1,5077,4938,5078,-1,5078,4938,4937,-1,5078,4937,5079,-1,5079,4937,4936,-1,5079,4936,5080,-1,5080,4936,4935,-1,5080,4935,5081,-1,5081,4935,4934,-1,5081,4934,5082,-1,5082,4934,4933,-1,5082,4933,5083,-1,5083,4933,4932,-1,5083,4932,5084,-1,5084,4932,4931,-1,5084,4931,5085,-1,5085,4931,4930,-1,5085,4930,5086,-1,5086,4930,4929,-1,5086,4929,5087,-1,5087,4929,4928,-1,5087,4928,5088,-1,5088,4928,4927,-1,5088,4927,5089,-1,5089,4927,4926,-1,5089,4926,5090,-1,5090,4926,4925,-1,5090,4925,5091,-1,5091,4925,4924,-1,5091,4924,5092,-1,5092,4924,4923,-1,5092,5093,5091,-1,5091,5093,5094,-1,5091,5094,5090,-1,5090,5094,5095,-1,5090,5095,5089,-1,5089,5095,5096,-1,5089,5096,5088,-1,5088,5096,5097,-1,5088,5097,5087,-1,5087,5097,5098,-1,5087,5098,5086,-1,5086,5098,5099,-1,5086,5099,5085,-1,5085,5099,5100,-1,5085,5100,5084,-1,5084,5100,5101,-1,5084,5101,5083,-1,5083,5101,5102,-1,5083,5102,5082,-1,5082,5102,5103,-1,5082,5103,5081,-1,5081,5103,5104,-1,5081,5104,5080,-1,5080,5104,5105,-1,5080,5105,5079,-1,5079,5105,5106,-1,5079,5106,5078,-1,5078,5106,5107,-1,5078,5107,5077,-1,5077,5107,5108,-1,5077,5108,5076,-1,5076,5108,5109,-1,5076,5109,5075,-1,5075,5109,5110,-1,5075,5110,5074,-1,5074,5110,5111,-1,5074,5111,5073,-1,5073,5111,5112,-1,5073,5112,5072,-1,5072,5112,5113,-1,5072,5113,5071,-1,5071,5113,5114,-1,5071,5114,5070,-1,5070,5114,5115,-1,5070,5115,5069,-1,5069,5115,5116,-1,5069,5116,5068,-1,5068,5116,5117,-1,5068,5117,5067,-1,5067,5117,5118,-1,5067,5118,5066,-1,5066,5118,5119,-1,5066,5119,5065,-1,5065,5119,5120,-1,5065,5120,5064,-1,5064,5120,5121,-1,5064,5121,5063,-1,5063,5121,5122,-1,5063,5122,5062,-1,5062,5122,5123,-1,5062,5123,5061,-1,5061,5123,5124,-1,5061,5124,5060,-1,5060,5124,5125,-1,5060,5125,5059,-1,5059,5125,5126,-1,5059,5126,5058,-1,5058,5126,5127,-1,5058,5127,5057,-1,5057,5127,5128,-1,5057,5128,5056,-1,5056,5128,5129,-1,5056,5129,5055,-1,5055,5129,5130,-1,5055,5130,5054,-1,5054,5130,5131,-1,5054,5131,5053,-1,5053,5131,5132,-1,5053,5132,5052,-1,5052,5132,5133,-1,5052,5133,5051,-1,5051,5133,5134,-1,5051,5134,5050,-1,5050,5134,5135,-1,5050,5135,5049,-1,5049,5135,5136,-1,5049,5136,5048,-1,5048,5136,5137,-1,5048,5137,5047,-1,5047,5137,5138,-1,5047,5138,5046,-1,5046,5138,5139,-1,5046,5139,5045,-1,5045,5139,5140,-1,5045,5140,5044,-1,5044,5140,5141,-1,5044,5141,5043,-1,5043,5141,5142,-1,5043,5142,5042,-1,5042,5142,5143,-1,5042,5143,5041,-1,5041,5143,5144,-1,5041,5144,5040,-1,5040,5144,5145,-1,5040,5145,5039,-1,5039,5145,5146,-1,5039,5146,5038,-1,5038,5146,5147,-1,5038,5147,5037,-1,5037,5147,5148,-1,5037,5148,5036,-1,5036,5148,5149,-1,5036,5149,5035,-1,5035,5149,5150,-1,5035,5150,5034,-1,5034,5150,5151,-1,5034,5151,5033,-1,5033,5151,5152,-1,5033,5152,5032,-1,5032,5152,5153,-1,5032,5153,5031,-1,5031,5153,5154,-1,5031,5154,5030,-1,5030,5154,5155,-1,5030,5155,5029,-1,5029,5155,5156,-1,5029,5156,5028,-1,5028,5156,5157,-1,5028,5157,5027,-1,5027,5157,5158,-1,5027,5158,5026,-1,5026,5158,5159,-1,5026,5159,5025,-1,5025,5159,5160,-1,5025,5160,5024,-1,5024,5160,5161,-1,5024,5161,5023,-1,5023,5161,5162,-1,5023,5162,5022,-1,5022,5162,5163,-1,5022,5163,5021,-1,5021,5163,5164,-1,5021,5164,5020,-1,5020,5164,5165,-1,5020,5165,5019,-1,5019,5165,5166,-1,5019,5166,5018,-1,5018,5166,5167,-1,5018,5167,5017,-1,5017,5167,5168,-1,5017,5168,5016,-1,5016,5168,5169,-1,5016,5169,5015,-1,5015,5169,5170,-1,5015,5170,5014,-1,5014,5170,5171,-1,5014,5171,5013,-1,5013,5171,5172,-1,5013,5172,5012,-1,5012,5172,5173,-1,5012,5173,5011,-1,5011,5173,5174,-1,5011,5174,5010,-1,5010,5174,5175,-1,5010,5175,5009,-1,5009,5175,78,-1,5009,78,31,-1,31,78,77,-1,31,77,29,-1,5176,76,5177,-1,5177,76,78,-1,5177,78,5178,-1,5178,78,5175,-1,5178,5175,5179,-1,5179,5175,5174,-1,5179,5174,5180,-1,5180,5174,5173,-1,5180,5173,5181,-1,5181,5173,5172,-1,5181,5172,5182,-1,5182,5172,5171,-1,5182,5171,5183,-1,5183,5171,5170,-1,5183,5170,5184,-1,5184,5170,5169,-1,5184,5169,5185,-1,5185,5169,5168,-1,5185,5168,5186,-1,5186,5168,5167,-1,5186,5167,5187,-1,5187,5167,5166,-1,5187,5166,5188,-1,5188,5166,5165,-1,5188,5165,5189,-1,5189,5165,5164,-1,5189,5164,5190,-1,5190,5164,5163,-1,5190,5163,5191,-1,5191,5163,5162,-1,5191,5162,5192,-1,5192,5162,5161,-1,5192,5161,5193,-1,5193,5161,5160,-1,5193,5160,5194,-1,5194,5160,5159,-1,5194,5159,5195,-1,5195,5159,5158,-1,5195,5158,5196,-1,5196,5158,5157,-1,5196,5157,5197,-1,5197,5157,5156,-1,5197,5156,5198,-1,5198,5156,5155,-1,5198,5155,5199,-1,5199,5155,5154,-1,5199,5154,5200,-1,5200,5154,5153,-1,5200,5153,5201,-1,5201,5153,5152,-1,5201,5152,5202,-1,5202,5152,5151,-1,5202,5151,5203,-1,5203,5151,5150,-1,5203,5150,5204,-1,5204,5150,5149,-1,5204,5149,5205,-1,5205,5149,5148,-1,5205,5148,5206,-1,5206,5148,5147,-1,5206,5147,5207,-1,5207,5147,5146,-1,5207,5146,5208,-1,5208,5146,5145,-1,5208,5145,5209,-1,5209,5145,5144,-1,5209,5144,5210,-1,5210,5144,5143,-1,5210,5143,5211,-1,5211,5143,5142,-1,5211,5142,5212,-1,5212,5142,5141,-1,5212,5141,5213,-1,5213,5141,5140,-1,5213,5140,5214,-1,5214,5140,5139,-1,5214,5139,5215,-1,5215,5139,5138,-1,5215,5138,5216,-1,5216,5138,5137,-1,5216,5137,5217,-1,5217,5137,5136,-1,5217,5136,5218,-1,5218,5136,5135,-1,5218,5135,5219,-1,5219,5135,5134,-1,5219,5134,5220,-1,5220,5134,5133,-1,5220,5133,5221,-1,5221,5133,5132,-1,5221,5132,5222,-1,5222,5132,5131,-1,5222,5131,5223,-1,5223,5131,5130,-1,5223,5130,5224,-1,5224,5130,5129,-1,5224,5129,5225,-1,5225,5129,5128,-1,5225,5128,5226,-1,5226,5128,5127,-1,5226,5127,5227,-1,5227,5127,5126,-1,5227,5126,5228,-1,5228,5126,5125,-1,5228,5125,5229,-1,5229,5125,5124,-1,5229,5124,5230,-1,5230,5124,5123,-1,5230,5123,5231,-1,5231,5123,5122,-1,5231,5122,5232,-1,5232,5122,5121,-1,5232,5121,5233,-1,5233,5121,5120,-1,5233,5120,5234,-1,5234,5120,5119,-1,5234,5119,5235,-1,5235,5119,5118,-1,5235,5118,5236,-1,5236,5118,5117,-1,5236,5117,5237,-1,5237,5117,5116,-1,5237,5116,5238,-1,5238,5116,5115,-1,5238,5115,5239,-1,5239,5115,5114,-1,5239,5114,5240,-1,5240,5114,5113,-1,5240,5113,5241,-1,5241,5113,5112,-1,5241,5112,5242,-1,5242,5112,5111,-1,5242,5111,5243,-1,5243,5111,5110,-1,5243,5110,5244,-1,5244,5110,5109,-1,5244,5109,5245,-1,5245,5109,5108,-1,5245,5108,5246,-1,5246,5108,5107,-1,5246,5107,5247,-1,5247,5107,5106,-1,5247,5106,5248,-1,5248,5106,5105,-1,5248,5105,5249,-1,5249,5105,5104,-1,5249,5104,5250,-1,5250,5104,5103,-1,5250,5103,5251,-1,5251,5103,5102,-1,5251,5102,5252,-1,5252,5102,5101,-1,5252,5101,5253,-1,5253,5101,5100,-1,5253,5100,5254,-1,5254,5100,5099,-1,5254,5099,5255,-1,5255,5099,5098,-1,5255,5098,5256,-1,5256,5098,5097,-1,5256,5097,5257,-1,5257,5097,5096,-1,5257,5096,5258,-1,5258,5096,5095,-1,5258,5095,5259,-1,5259,5095,5094,-1,5259,5094,5260,-1,5260,5094,5093,-1,5260,5261,5259,-1,5259,5261,5262,-1,5259,5262,5258,-1,5258,5262,5263,-1,5258,5263,5257,-1,5257,5263,5264,-1,5257,5264,5256,-1,5256,5264,5265,-1,5256,5265,5255,-1,5255,5265,5266,-1,5255,5266,5254,-1,5254,5266,5267,-1,5254,5267,5253,-1,5253,5267,5268,-1,5253,5268,5252,-1,5252,5268,5269,-1,5252,5269,5251,-1,5251,5269,5270,-1,5251,5270,5250,-1,5250,5270,5271,-1,5250,5271,5249,-1,5249,5271,5272,-1,5249,5272,5248,-1,5248,5272,5273,-1,5248,5273,5247,-1,5247,5273,5274,-1,5247,5274,5246,-1,5246,5274,5275,-1,5246,5275,5245,-1,5245,5275,5276,-1,5245,5276,5244,-1,5244,5276,5277,-1,5244,5277,5243,-1,5243,5277,5278,-1,5243,5278,5242,-1,5242,5278,5279,-1,5242,5279,5241,-1,5241,5279,5280,-1,5241,5280,5240,-1,5240,5280,5281,-1,5240,5281,5239,-1,5239,5281,5282,-1,5239,5282,5238,-1,5238,5282,5283,-1,5238,5283,5237,-1,5237,5283,5284,-1,5237,5284,5236,-1,5236,5284,5285,-1,5236,5285,5235,-1,5235,5285,5286,-1,5235,5286,5234,-1,5234,5286,5287,-1,5234,5287,5233,-1,5233,5287,5288,-1,5233,5288,5232,-1,5232,5288,5289,-1,5232,5289,5231,-1,5231,5289,5290,-1,5231,5290,5230,-1,5230,5290,5291,-1,5230,5291,5229,-1,5229,5291,5292,-1,5229,5292,5228,-1,5228,5292,5293,-1,5228,5293,5227,-1,5227,5293,5294,-1,5227,5294,5226,-1,5226,5294,5295,-1,5226,5295,5225,-1,5225,5295,5296,-1,5225,5296,5224,-1,5224,5296,5297,-1,5224,5297,5223,-1,5223,5297,5298,-1,5223,5298,5222,-1,5222,5298,5299,-1,5222,5299,5221,-1,5221,5299,5300,-1,5221,5300,5220,-1,5220,5300,5301,-1,5220,5301,5219,-1,5219,5301,5302,-1,5219,5302,5218,-1,5218,5302,5303,-1,5218,5303,5217,-1,5217,5303,5304,-1,5217,5304,5216,-1,5216,5304,5305,-1,5216,5305,5215,-1,5215,5305,5306,-1,5215,5306,5214,-1,5214,5306,5307,-1,5214,5307,5213,-1,5213,5307,5308,-1,5213,5308,5212,-1,5212,5308,5309,-1,5212,5309,5211,-1,5211,5309,5310,-1,5211,5310,5210,-1,5210,5310,5311,-1,5210,5311,5209,-1,5209,5311,5312,-1,5209,5312,5208,-1,5208,5312,5313,-1,5208,5313,5207,-1,5207,5313,5314,-1,5207,5314,5206,-1,5206,5314,5315,-1,5206,5315,5205,-1,5205,5315,5316,-1,5205,5316,5204,-1,5204,5316,5317,-1,5204,5317,5203,-1,5203,5317,5318,-1,5203,5318,5202,-1,5202,5318,5319,-1,5202,5319,5201,-1,5201,5319,5320,-1,5201,5320,5200,-1,5200,5320,5321,-1,5200,5321,5199,-1,5199,5321,5322,-1,5199,5322,5198,-1,5198,5322,5323,-1,5198,5323,5197,-1,5197,5323,5324,-1,5197,5324,5196,-1,5196,5324,5325,-1,5196,5325,5195,-1,5195,5325,5326,-1,5195,5326,5194,-1,5194,5326,5327,-1,5194,5327,5193,-1,5193,5327,5328,-1,5193,5328,5192,-1,5192,5328,5329,-1,5192,5329,5191,-1,5191,5329,5330,-1,5191,5330,5190,-1,5190,5330,5331,-1,5190,5331,5189,-1,5189,5331,5332,-1,5189,5332,5188,-1,5188,5332,5333,-1,5188,5333,5187,-1,5187,5333,5334,-1,5187,5334,5186,-1,5186,5334,5335,-1,5186,5335,5185,-1,5185,5335,5336,-1,5185,5336,5184,-1,5184,5336,5337,-1,5184,5337,5183,-1,5183,5337,5338,-1,5183,5338,5182,-1,5182,5338,5339,-1,5182,5339,5181,-1,5181,5339,5340,-1,5181,5340,5180,-1,5180,5340,5341,-1,5180,5341,5179,-1,5179,5341,5342,-1,5179,5342,5178,-1,5178,5342,81,-1,5178,81,5177,-1,5177,81,80,-1,5177,80,5176,-1,5343,79,5344,-1,5344,79,81,-1,5344,81,5345,-1,5345,81,5342,-1,5345,5342,5346,-1,5346,5342,5341,-1,5346,5341,5347,-1,5347,5341,5340,-1,5347,5340,5348,-1,5348,5340,5339,-1,5348,5339,5349,-1,5349,5339,5338,-1,5349,5338,5350,-1,5350,5338,5337,-1,5350,5337,5351,-1,5351,5337,5336,-1,5351,5336,5352,-1,5352,5336,5335,-1,5352,5335,5353,-1,5353,5335,5334,-1,5353,5334,5354,-1,5354,5334,5333,-1,5354,5333,5355,-1,5355,5333,5332,-1,5355,5332,5356,-1,5356,5332,5331,-1,5356,5331,5357,-1,5357,5331,5330,-1,5357,5330,5358,-1,5358,5330,5329,-1,5358,5329,5359,-1,5359,5329,5328,-1,5359,5328,5360,-1,5360,5328,5327,-1,5360,5327,5361,-1,5361,5327,5326,-1,5361,5326,5362,-1,5362,5326,5325,-1,5362,5325,5363,-1,5363,5325,5324,-1,5363,5324,5364,-1,5364,5324,5323,-1,5364,5323,5365,-1,5365,5323,5322,-1,5365,5322,5366,-1,5366,5322,5321,-1,5366,5321,5367,-1,5367,5321,5320,-1,5367,5320,5368,-1,5368,5320,5319,-1,5368,5319,5369,-1,5369,5319,5318,-1,5369,5318,5370,-1,5370,5318,5317,-1,5370,5317,5371,-1,5371,5317,5316,-1,5371,5316,5372,-1,5372,5316,5315,-1,5372,5315,5373,-1,5373,5315,5314,-1,5373,5314,5374,-1,5374,5314,5313,-1,5374,5313,5375,-1,5375,5313,5312,-1,5375,5312,5376,-1,5376,5312,5311,-1,5376,5311,5377,-1,5377,5311,5310,-1,5377,5310,5378,-1,5378,5310,5309,-1,5378,5309,5379,-1,5379,5309,5308,-1,5379,5308,5380,-1,5380,5308,5307,-1,5380,5307,5381,-1,5381,5307,5306,-1,5381,5306,5382,-1,5382,5306,5305,-1,5382,5305,5383,-1,5383,5305,5304,-1,5383,5304,5384,-1,5384,5304,5303,-1,5384,5303,5385,-1,5385,5303,5302,-1,5385,5302,5386,-1,5386,5302,5301,-1,5386,5301,5387,-1,5387,5301,5300,-1,5387,5300,5388,-1,5388,5300,5299,-1,5388,5299,5389,-1,5389,5299,5298,-1,5389,5298,5390,-1,5390,5298,5297,-1,5390,5297,5391,-1,5391,5297,5296,-1,5391,5296,5392,-1,5392,5296,5295,-1,5392,5295,5393,-1,5393,5295,5294,-1,5393,5294,5394,-1,5394,5294,5293,-1,5394,5293,5395,-1,5395,5293,5292,-1,5395,5292,5396,-1,5396,5292,5291,-1,5396,5291,5397,-1,5397,5291,5290,-1,5397,5290,5398,-1,5398,5290,5289,-1,5398,5289,5399,-1,5399,5289,5288,-1,5399,5288,5400,-1,5400,5288,5287,-1,5400,5287,5401,-1,5401,5287,5286,-1,5401,5286,5402,-1,5402,5286,5285,-1,5402,5285,5403,-1,5403,5285,5284,-1,5403,5284,5404,-1,5404,5284,5283,-1,5404,5283,5405,-1,5405,5283,5282,-1,5405,5282,5406,-1,5406,5282,5281,-1,5406,5281,5407,-1,5407,5281,5280,-1,5407,5280,5408,-1,5408,5280,5279,-1,5408,5279,5409,-1,5409,5279,5278,-1,5409,5278,5410,-1,5410,5278,5277,-1,5410,5277,5411,-1,5411,5277,5276,-1,5411,5276,5412,-1,5412,5276,5275,-1,5412,5275,5413,-1,5413,5275,5274,-1,5413,5274,5414,-1,5414,5274,5273,-1,5414,5273,5415,-1,5415,5273,5272,-1,5415,5272,5416,-1,5416,5272,5271,-1,5416,5271,5417,-1,5417,5271,5270,-1,5417,5270,5418,-1,5418,5270,5269,-1,5418,5269,5419,-1,5419,5269,5268,-1,5419,5268,5420,-1,5420,5268,5267,-1,5420,5267,5421,-1,5421,5267,5266,-1,5421,5266,5422,-1,5422,5266,5265,-1,5422,5265,5423,-1,5423,5265,5264,-1,5423,5264,5424,-1,5424,5264,5263,-1,5424,5263,5425,-1,5425,5263,5262,-1,5425,5262,5426,-1,5426,5262,5261,-1,5426,5427,5425,-1,5425,5427,5428,-1,5425,5428,5424,-1,5424,5428,5429,-1,5424,5429,5423,-1,5423,5429,5430,-1,5423,5430,5422,-1,5422,5430,5431,-1,5422,5431,5421,-1,5421,5431,5432,-1,5421,5432,5420,-1,5420,5432,5433,-1,5420,5433,5419,-1,5419,5433,5434,-1,5419,5434,5418,-1,5418,5434,5435,-1,5418,5435,5417,-1,5417,5435,5436,-1,5417,5436,5416,-1,5416,5436,5437,-1,5416,5437,5415,-1,5415,5437,5438,-1,5415,5438,5414,-1,5414,5438,5439,-1,5414,5439,5413,-1,5413,5439,5440,-1,5413,5440,5412,-1,5412,5440,5441,-1,5412,5441,5411,-1,5411,5441,5442,-1,5411,5442,5410,-1,5410,5442,5443,-1,5410,5443,5409,-1,5409,5443,5444,-1,5409,5444,5408,-1,5408,5444,5445,-1,5408,5445,5407,-1,5407,5445,5446,-1,5407,5446,5406,-1,5406,5446,5447,-1,5406,5447,5405,-1,5405,5447,5448,-1,5405,5448,5404,-1,5404,5448,5449,-1,5404,5449,5403,-1,5403,5449,5450,-1,5403,5450,5402,-1,5402,5450,5451,-1,5402,5451,5401,-1,5401,5451,5452,-1,5401,5452,5400,-1,5400,5452,5453,-1,5400,5453,5399,-1,5399,5453,5454,-1,5399,5454,5398,-1,5398,5454,5455,-1,5398,5455,5397,-1,5397,5455,5456,-1,5397,5456,5396,-1,5396,5456,5457,-1,5396,5457,5395,-1,5395,5457,5458,-1,5395,5458,5394,-1,5394,5458,5459,-1,5394,5459,5393,-1,5393,5459,5460,-1,5393,5460,5392,-1,5392,5460,5461,-1,5392,5461,5391,-1,5391,5461,5462,-1,5391,5462,5390,-1,5390,5462,5463,-1,5390,5463,5389,-1,5389,5463,5464,-1,5389,5464,5388,-1,5388,5464,5465,-1,5388,5465,5387,-1,5387,5465,5466,-1,5387,5466,5386,-1,5386,5466,5467,-1,5386,5467,5385,-1,5385,5467,5468,-1,5385,5468,5384,-1,5384,5468,5469,-1,5384,5469,5383,-1,5383,5469,5470,-1,5383,5470,5382,-1,5382,5470,5471,-1,5382,5471,5381,-1,5381,5471,5472,-1,5381,5472,5380,-1,5380,5472,5473,-1,5380,5473,5379,-1,5379,5473,5474,-1,5379,5474,5378,-1,5378,5474,5475,-1,5378,5475,5377,-1,5377,5475,5476,-1,5377,5476,5376,-1,5376,5476,5477,-1,5376,5477,5375,-1,5375,5477,5478,-1,5375,5478,5374,-1,5374,5478,5479,-1,5374,5479,5373,-1,5373,5479,5480,-1,5373,5480,5372,-1,5372,5480,5481,-1,5372,5481,5371,-1,5371,5481,5482,-1,5371,5482,5370,-1,5370,5482,5483,-1,5370,5483,5369,-1,5369,5483,5484,-1,5369,5484,5368,-1,5368,5484,5485,-1,5368,5485,5367,-1,5367,5485,5486,-1,5367,5486,5366,-1,5366,5486,5487,-1,5366,5487,5365,-1,5365,5487,5488,-1,5365,5488,5364,-1,5364,5488,5489,-1,5364,5489,5363,-1,5363,5489,5490,-1,5363,5490,5362,-1,5362,5490,5491,-1,5362,5491,5361,-1,5361,5491,5492,-1,5361,5492,5360,-1,5360,5492,5493,-1,5360,5493,5359,-1,5359,5493,5494,-1,5359,5494,5358,-1,5358,5494,5495,-1,5358,5495,5357,-1,5357,5495,5496,-1,5357,5496,5356,-1,5356,5496,5497,-1,5356,5497,5355,-1,5355,5497,5498,-1,5355,5498,5354,-1,5354,5498,5499,-1,5354,5499,5353,-1,5353,5499,5500,-1,5353,5500,5352,-1,5352,5500,5501,-1,5352,5501,5351,-1,5351,5501,5502,-1,5351,5502,5350,-1,5350,5502,5503,-1,5350,5503,5349,-1,5349,5503,5504,-1,5349,5504,5348,-1,5348,5504,5505,-1,5348,5505,5347,-1,5347,5505,5506,-1,5347,5506,5346,-1,5346,5506,5507,-1,5346,5507,5345,-1,5345,5507,84,-1,5345,84,5344,-1,5344,84,83,-1,5344,83,5343,-1,5508,82,5509,-1,5509,82,84,-1,5509,84,5510,-1,5510,84,5507,-1,5510,5507,5511,-1,5511,5507,5506,-1,5511,5506,5512,-1,5512,5506,5505,-1,5512,5505,5513,-1,5513,5505,5504,-1,5513,5504,5514,-1,5514,5504,5503,-1,5514,5503,5515,-1,5515,5503,5502,-1,5515,5502,5516,-1,5516,5502,5501,-1,5516,5501,5517,-1,5517,5501,5500,-1,5517,5500,5518,-1,5518,5500,5499,-1,5518,5499,5519,-1,5519,5499,5498,-1,5519,5498,5520,-1,5520,5498,5497,-1,5520,5497,5521,-1,5521,5497,5496,-1,5521,5496,5522,-1,5522,5496,5495,-1,5522,5495,5523,-1,5523,5495,5494,-1,5523,5494,5524,-1,5524,5494,5493,-1,5524,5493,5525,-1,5525,5493,5492,-1,5525,5492,5526,-1,5526,5492,5491,-1,5526,5491,5527,-1,5527,5491,5490,-1,5527,5490,5528,-1,5528,5490,5489,-1,5528,5489,5529,-1,5529,5489,5488,-1,5529,5488,5530,-1,5530,5488,5487,-1,5530,5487,5531,-1,5531,5487,5486,-1,5531,5486,5532,-1,5532,5486,5485,-1,5532,5485,5533,-1,5533,5485,5484,-1,5533,5484,5534,-1,5534,5484,5483,-1,5534,5483,5535,-1,5535,5483,5482,-1,5535,5482,5536,-1,5536,5482,5481,-1,5536,5481,5537,-1,5537,5481,5480,-1,5537,5480,5538,-1,5538,5480,5479,-1,5538,5479,5539,-1,5539,5479,5478,-1,5539,5478,5540,-1,5540,5478,5477,-1,5540,5477,5541,-1,5541,5477,5476,-1,5541,5476,5542,-1,5542,5476,5475,-1,5542,5475,5543,-1,5543,5475,5474,-1,5543,5474,5544,-1,5544,5474,5473,-1,5544,5473,5545,-1,5545,5473,5472,-1,5545,5472,5546,-1,5546,5472,5471,-1,5546,5471,5547,-1,5547,5471,5470,-1,5547,5470,5548,-1,5548,5470,5469,-1,5548,5469,5549,-1,5549,5469,5468,-1,5549,5468,5550,-1,5550,5468,5467,-1,5550,5467,5551,-1,5551,5467,5466,-1,5551,5466,5552,-1,5552,5466,5465,-1,5552,5465,5553,-1,5553,5465,5464,-1,5553,5464,5554,-1,5554,5464,5463,-1,5554,5463,5555,-1,5555,5463,5462,-1,5555,5462,5556,-1,5556,5462,5461,-1,5556,5461,5557,-1,5557,5461,5460,-1,5557,5460,5558,-1,5558,5460,5459,-1,5558,5459,5559,-1,5559,5459,5458,-1,5559,5458,5560,-1,5560,5458,5457,-1,5560,5457,5561,-1,5561,5457,5456,-1,5561,5456,5562,-1,5562,5456,5455,-1,5562,5455,5563,-1,5563,5455,5454,-1,5563,5454,5564,-1,5564,5454,5453,-1,5564,5453,5565,-1,5565,5453,5452,-1,5565,5452,5566,-1,5566,5452,5451,-1,5566,5451,5567,-1,5567,5451,5450,-1,5567,5450,5568,-1,5568,5450,5449,-1,5568,5449,5569,-1,5569,5449,5448,-1,5569,5448,5570,-1,5570,5448,5447,-1,5570,5447,5571,-1,5571,5447,5446,-1,5571,5446,5572,-1,5572,5446,5445,-1,5572,5445,5573,-1,5573,5445,5444,-1,5573,5444,5574,-1,5574,5444,5443,-1,5574,5443,5575,-1,5575,5443,5442,-1,5575,5442,5576,-1,5576,5442,5441,-1,5576,5441,5577,-1,5577,5441,5440,-1,5577,5440,5578,-1,5578,5440,5439,-1,5578,5439,5579,-1,5579,5439,5438,-1,5579,5438,5580,-1,5580,5438,5437,-1,5580,5437,5581,-1,5581,5437,5436,-1,5581,5436,5582,-1,5582,5436,5435,-1,5582,5435,5583,-1,5583,5435,5434,-1,5583,5434,5584,-1,5584,5434,5433,-1,5584,5433,5585,-1,5585,5433,5432,-1,5585,5432,5586,-1,5586,5432,5431,-1,5586,5431,5587,-1,5587,5431,5430,-1,5587,5430,5588,-1,5588,5430,5429,-1,5588,5429,5589,-1,5589,5429,5428,-1,5589,5428,5590,-1,5590,5428,5427,-1,5590,3432,5589,-1,5589,3432,3430,-1,5589,3430,5588,-1,5588,3430,3428,-1,5588,3428,5587,-1,5587,3428,3426,-1,5587,3426,5586,-1,5586,3426,3424,-1,5586,3424,5585,-1,5585,3424,3422,-1,5585,3422,5584,-1,5584,3422,3420,-1,5584,3420,5583,-1,5583,3420,3418,-1,5583,3418,5582,-1,5582,3418,3416,-1,5582,3416,5581,-1,5581,3416,3414,-1,5581,3414,5580,-1,5580,3414,3412,-1,5580,3412,5579,-1,5579,3412,3410,-1,5579,3410,5578,-1,5578,3410,3408,-1,5578,3408,5577,-1,5577,3408,3406,-1,5577,3406,5576,-1,5576,3406,3404,-1,5576,3404,5575,-1,5575,3404,3402,-1,5575,3402,5574,-1,5574,3402,3400,-1,5574,3400,5573,-1,5573,3400,3398,-1,5573,3398,5572,-1,5572,3398,3396,-1,5572,3396,5571,-1,5571,3396,3394,-1,5571,3394,5570,-1,5570,3394,3392,-1,5570,3392,5569,-1,5569,3392,3390,-1,5569,3390,5568,-1,5568,3390,3388,-1,5568,3388,5567,-1,5567,3388,3386,-1,5567,3386,5566,-1,5566,3386,3384,-1,5566,3384,5565,-1,5565,3384,3382,-1,5565,3382,5564,-1,5564,3382,3380,-1,5564,3380,5563,-1,5563,3380,3378,-1,5563,3378,5562,-1,5562,3378,3376,-1,5562,3376,5561,-1,5561,3376,3374,-1,5561,3374,5560,-1,5560,3374,3372,-1,5560,3372,5559,-1,5559,3372,3370,-1,5559,3370,5558,-1,5558,3370,3368,-1,5558,3368,5557,-1,5557,3368,3366,-1,5557,3366,5556,-1,5556,3366,3364,-1,5556,3364,5555,-1,5555,3364,3362,-1,5555,3362,5554,-1,5554,3362,3360,-1,5554,3360,5553,-1,5553,3360,3358,-1,5553,3358,5552,-1,5552,3358,3356,-1,5552,3356,5551,-1,5551,3356,3354,-1,5551,3354,5550,-1,5550,3354,3352,-1,5550,3352,5549,-1,5549,3352,3350,-1,5549,3350,5548,-1,5548,3350,3348,-1,5548,3348,5547,-1,5547,3348,3346,-1,5547,3346,5546,-1,5546,3346,3344,-1,5546,3344,5545,-1,5545,3344,3342,-1,5545,3342,5544,-1,5544,3342,3340,-1,5544,3340,5543,-1,5543,3340,3338,-1,5543,3338,5542,-1,5542,3338,3336,-1,5542,3336,5541,-1,5541,3336,3334,-1,5541,3334,5540,-1,5540,3334,3332,-1,5540,3332,5539,-1,5539,3332,3330,-1,5539,3330,5538,-1,5538,3330,3328,-1,5538,3328,5537,-1,5537,3328,3326,-1,5537,3326,5536,-1,5536,3326,3324,-1,5536,3324,5535,-1,5535,3324,3322,-1,5535,3322,5534,-1,5534,3322,3320,-1,5534,3320,5533,-1,5533,3320,3318,-1,5533,3318,5532,-1,5532,3318,3316,-1,5532,3316,5531,-1,5531,3316,3314,-1,5531,3314,5530,-1,5530,3314,3312,-1,5530,3312,5529,-1,5529,3312,3310,-1,5529,3310,5528,-1,5528,3310,3308,-1,5528,3308,5527,-1,5527,3308,3306,-1,5527,3306,5526,-1,5526,3306,3304,-1,5526,3304,5525,-1,5525,3304,3302,-1,5525,3302,5524,-1,5524,3302,3300,-1,5524,3300,5523,-1,5523,3300,3298,-1,5523,3298,5522,-1,5522,3298,3296,-1,5522,3296,5521,-1,5521,3296,3294,-1,5521,3294,5520,-1,5520,3294,3292,-1,5520,3292,5519,-1,5519,3292,3290,-1,5519,3290,5518,-1,5518,3290,3288,-1,5518,3288,5517,-1,5517,3288,3286,-1,5517,3286,5516,-1,5516,3286,3284,-1,5516,3284,5515,-1,5515,3284,3282,-1,5515,3282,5514,-1,5514,3282,3280,-1,5514,3280,5513,-1,5513,3280,3278,-1,5513,3278,5512,-1,5512,3278,3276,-1,5512,3276,5511,-1,5511,3276,3274,-1,5511,3274,5510,-1,5510,3274,85,-1,5510,85,5509,-1,5509,85,87,-1,5509,87,5508,-1,95,5591,93,-1,93,5591,209,-1,93,209,3172,-1,3172,209,208,-1,3172,208,3173,-1,3173,208,212,-1,3173,212,3174,-1,3174,212,213,-1,3174,213,3175,-1,3175,213,215,-1,3175,215,3176,-1,3176,215,217,-1,3176,217,3177,-1,3177,217,219,-1,3177,219,3178,-1,3178,219,221,-1,3178,221,3179,-1,3179,221,223,-1,3179,223,3180,-1,3180,223,225,-1,3180,225,3181,-1,3181,225,227,-1,3181,227,3182,-1,3182,227,229,-1,3182,229,3183,-1,3183,229,231,-1,3183,231,3184,-1,3184,231,233,-1,3184,233,3185,-1,3185,233,235,-1,3185,235,3186,-1,3186,235,237,-1,3186,237,3187,-1,3187,237,239,-1,3187,239,3188,-1,3188,239,241,-1,3188,241,3189,-1,3189,241,243,-1,3189,243,3190,-1,3190,243,245,-1,3190,245,3191,-1,3191,245,247,-1,3191,247,3192,-1,3192,247,249,-1,3192,249,3193,-1,3193,249,251,-1,3193,251,3194,-1,3194,251,253,-1,3194,253,3195,-1,3195,253,255,-1,3195,255,3196,-1,3196,255,257,-1,3196,257,3197,-1,3197,257,259,-1,3197,259,3198,-1,3198,259,261,-1,3198,261,3199,-1,3199,261,263,-1,3199,263,3200,-1,3200,263,265,-1,3200,265,3201,-1,3201,265,267,-1,3201,267,3202,-1,3202,267,269,-1,3202,269,3203,-1,3203,269,271,-1,3203,271,3204,-1,3204,271,273,-1,3204,273,3205,-1,3205,273,275,-1,3205,275,3206,-1,3206,275,277,-1,3206,277,3207,-1,3207,277,279,-1,3207,279,3208,-1,3208,279,281,-1,3208,281,3209,-1,3209,281,283,-1,3209,283,3210,-1,3210,283,285,-1,3210,285,3211,-1,3211,285,287,-1,3211,287,3212,-1,3212,287,289,-1,3212,289,3213,-1,3213,289,291,-1,3213,291,3214,-1,3214,291,293,-1,3214,293,3215,-1,3215,293,295,-1,3215,295,3216,-1,3216,295,297,-1,3216,297,3217,-1,3217,297,299,-1,3217,299,3218,-1,3218,299,301,-1,3218,301,3219,-1,3219,301,303,-1,3219,303,3220,-1,3220,303,305,-1,3220,305,3221,-1,3221,305,307,-1,3221,307,3222,-1,3222,307,309,-1,3222,309,3223,-1,3223,309,311,-1,3223,311,3224,-1,3224,311,313,-1,3224,313,3225,-1,3225,313,315,-1,3225,315,3226,-1,3226,315,317,-1,3226,317,3227,-1,3227,317,319,-1,3227,319,3228,-1,3228,319,321,-1,3228,321,3229,-1,3229,321,323,-1,3229,323,3230,-1,3230,323,325,-1,3230,325,3231,-1,3231,325,327,-1,3231,327,3232,-1,3232,327,329,-1,3232,329,3233,-1,3233,329,331,-1,3233,331,3234,-1,3234,331,333,-1,3234,333,3235,-1,3235,333,335,-1,3235,335,3236,-1,3236,335,337,-1,3236,337,3237,-1,3237,337,339,-1,3237,339,3238,-1,3238,339,341,-1,3238,341,3239,-1,3239,341,343,-1,3239,343,3240,-1,3240,343,345,-1,3240,345,3241,-1,3241,345,347,-1,3241,347,3242,-1,3242,347,349,-1,3242,349,3243,-1,3243,349,351,-1,3243,351,3244,-1,3244,351,353,-1,3244,353,3245,-1,3245,353,355,-1,3245,355,3246,-1,3246,355,357,-1,3246,357,3247,-1,3247,357,359,-1,3247,359,3248,-1,3248,359,361,-1,3248,361,3249,-1,3249,361,363,-1,3249,363,3250,-1,3250,363,365,-1,3250,365,3251,-1,3251,365,367,-1,3251,367,3252,-1,3252,367,369,-1,3252,369,3253,-1,3253,369,371,-1,3253,371,3254,-1,3254,371,373,-1,3254,373,3255,-1,3255,373,375,-1,3255,375,3256,-1,3256,375,377,-1,3256,377,3257,-1,3257,377,379,-1,3257,379,3258,-1,3258,379,381,-1,3258,381,3259,-1,3259,381,383,-1,3259,383,3260,-1,3260,383,385,-1,3260,385,3261,-1,3261,385,387,-1,3261,387,3262,-1,3262,387,389,-1,3262,389,3263,-1,3263,389,391,-1,3263,391,3264,-1,3264,391,393,-1,3264,393,3265,-1,3265,393,395,-1,3265,395,3266,-1,3266,395,397,-1,3266,397,3267,-1,3267,397,399,-1,3267,399,3268,-1,3268,399,401,-1,3268,401,3269,-1,3269,401,403,-1,3269,403,3270,-1,3270,403,405,-1,3270,405,3271,-1,3271,405,407,-1,3271,407,3272,-1,3272,407,409,-1,3272,409,3896,-1,3896,409,411,-1,3896,411,3997,-1,3997,411,413,-1,3997,413,4097,-1,4097,413,415,-1,4097,415,4196,-1,4196,415,417,-1,4196,417,4294,-1,4294,417,419,-1,4294,419,4391,-1,4391,419,421,-1,4391,421,4487,-1,4487,421,423,-1,4487,423,4577,-1,4577,423,425,-1,4577,425,4665,-1,4665,425,427,-1,4665,427,4752,-1,4752,427,429,-1,4752,429,4838,-1,4838,429,431,-1,4838,431,4923,-1,4923,431,433,-1,4923,433,5092,-1,5092,433,435,-1,5092,435,5093,-1,5093,435,437,-1,5093,437,5260,-1,5260,437,439,-1,5260,439,5261,-1,5261,439,441,-1,5261,441,5426,-1,5426,441,443,-1,5426,443,5427,-1,5427,443,445,-1,5427,445,5590,-1,5590,445,447,-1,5590,447,3432,-1,3432,447,449,-1,3432,449,3431,-1,3431,449,451,-1,3431,451,3433,-1,3433,451,453,-1,3433,453,3512,-1,3512,453,455,-1,3512,455,3591,-1,3591,455,457,-1,3591,457,3669,-1,3669,457,459,-1,3669,459,3746,-1,3746,459,461,-1,
        ]
    }
}
Shape{
    appearance Appearance {
        material  Material {
            diffuseColor 0.2980392156862745 0.2980392156862745 0.2980392156862745
            specularColor 0.09019607843137255 0.09019607843137255 0.09019607843137255
            ambientIntensity 0.298
            transparency 0.0
            shininess 0.5
        }
    }
    geometry IndexedFaceSet {
        ccw TRUE
        solid FALSE
        coord DEF co Coordinate {
            point [
                -5.0591 -5.1791 -0.2362, -5.0622 -5.1255 -0.2349, -5.0523 -5.1282 -0.2362, -5.0415 -5.0756 -0.2349, -5.0327 -5.0807 -0.2362, -5.0086 -5.0327 -0.2349, -5.0014 -5.0399 -0.2362, -4.9657 -4.9998 -0.2349, -4.9606 -5.0086 -0.2362, -4.9158 -4.9791 -0.2349, -4.9131 -4.989 -0.2362, -4.8622 -4.9721 -0.2349, -4.8622 -4.9823 -0.2362, -4.8086 -4.9791 -0.2349, -4.8113 -4.989 -0.2362, -4.7587 -4.9998 -0.2349, -4.7638 -5.0086 -0.2362, -4.7158 -5.0327 -0.2349, -4.723 -5.0399 -0.2362, -4.6829 -5.0756 -0.2349, -4.6917 -5.0807 -0.2362, -4.6622 -5.1255 -0.2349, -4.6721 -5.1282 -0.2362, -4.6552 -5.1791 -0.2349, -4.6653 -5.1791 -0.2362, -4.6622 -5.2327 -0.2349, -4.6721 -5.2301 -0.2362, -4.6829 -5.2826 -0.2349, -4.6917 -5.2775 -0.2362, -4.7158 -5.3255 -0.2349, -4.723 -5.3183 -0.2362, -4.7587 -5.3584 -0.2349, -4.7638 -5.3496 -0.2362, -4.8086 -5.3791 -0.2349, -4.8113 -5.3693 -0.2362, -4.8622 -5.3861 -0.2349, -4.8622 -5.376 -0.2362, -4.9158 -5.3791 -0.2349, -4.9131 -5.3693 -0.2362, -4.9657 -5.3584 -0.2349, -4.9606 -5.3496 -0.2362, -5.0086 -5.3255 -0.2349, -5.0014 -5.3183 -0.2362, -5.0415 -5.2826 -0.2349, -5.0327 -5.2775 -0.2362, -5.0622 -5.2327 -0.2349, -5.0523 -5.2301 -0.2362, -5.0692 -5.1791 -0.2349, -5.0714 -5.1231 -0.2309, -5.0497 -5.0708 -0.2309, -5.0153 -5.026 -0.2309, -4.9705 -4.9916 -0.2309, -4.9182 -4.97 -0.2309, -4.8622 -4.9626 -0.2309, -4.8062 -4.97 -0.2309, -4.7539 -4.9916 -0.2309, -4.7091 -5.026 -0.2309, -4.6747 -5.0708 -0.2309, -4.653 -5.1231 -0.2309, -4.6457 -5.1791 -0.2309, -4.653 -5.2352 -0.2309, -4.6747 -5.2874 -0.2309, -4.7091 -5.3322 -0.2309, -4.7539 -5.3666 -0.2309, -4.8062 -5.3883 -0.2309, -4.8622 -5.3956 -0.2309, -4.9182 -5.3883 -0.2309, -4.9705 -5.3666 -0.2309, -5.0153 -5.3322 -0.2309, -5.0497 -5.2874 -0.2309, -5.0714 -5.2352 -0.2309, -5.0787 -5.1791 -0.2309, -5.0792 -5.121 -0.2247, -5.0568 -5.0668 -0.2247, -5.0211 -5.0202 -0.2247, -4.9745 -4.9845 -0.2247, -4.9204 -4.9621 -0.2247, -4.8622 -4.9544 -0.2247, -4.804 -4.9621 -0.2247, -4.7499 -4.9845 -0.2247, -4.7033 -5.0202 -0.2247, -4.6676 -5.0668 -0.2247, -4.6452 -5.121 -0.2247, -4.6375 -5.1791 -0.2247, -4.6452 -5.2373 -0.2247, -4.6676 -5.2915 -0.2247, -4.7033 -5.338 -0.2247, -4.7499 -5.3737 -0.2247, -4.804 -5.3961 -0.2247, -4.8622 -5.4038 -0.2247, -4.9204 -5.3961 -0.2247, -4.9745 -5.3737 -0.2247, -5.0211 -5.338 -0.2247, -5.0568 -5.2915 -0.2247, -5.0792 -5.2373 -0.2247, -5.0869 -5.1791 -0.2247, -5.0853 -5.1193 -0.2165, -5.0622 -5.0636 -0.2165, -5.0255 -5.0158 -0.2165, -4.9777 -4.9791 -0.2165, -4.922 -4.956 -0.2165, -4.8622 -4.9482 -0.2165, -4.8024 -4.956 -0.2165, -4.7467 -4.9791 -0.2165, -4.6989 -5.0158 -0.2165, -4.6622 -5.0636 -0.2165, -4.6391 -5.1193 -0.2165, -4.6313 -5.1791 -0.2165, -4.6391 -5.2389 -0.2165, -4.6622 -5.2946 -0.2165, -4.6989 -5.3424 -0.2165, -4.7467 -5.3791 -0.2165, -4.8024 -5.4022 -0.2165, -4.8622 -5.4101 -0.2165, -4.922 -5.4022 -0.2165, -4.9777 -5.3791 -0.2165, -5.0255 -5.3424 -0.2165, -5.0622 -5.2946 -0.2165, -5.0853 -5.2389 -0.2165, -5.0931 -5.1791 -0.2165, -5.0891 -5.1183 -0.207, -5.0656 -5.0617 -0.207, -5.0283 -5.013 -0.207, -4.9796 -4.9757 -0.207, -4.923 -4.9522 -0.207, -4.8622 -4.9442 -0.207, -4.8014 -4.9522 -0.207, -4.7448 -4.9757 -0.207, -4.6961 -5.013 -0.207, -4.6588 -5.0617 -0.207, -4.6353 -5.1183 -0.207, -4.6273 -5.1791 -0.207, -4.6353 -5.2399 -0.207, -4.6588 -5.2965 -0.207, -4.6961 -5.3452 -0.207, -4.7448 -5.3825 -0.207, -4.8014 -5.406 -0.207, -4.8622 -5.414 -0.207, -4.923 -5.406 -0.207, -4.9796 -5.3825 -0.207, -5.0283 -5.3452 -0.207, -5.0656 -5.2965 -0.207, -5.0891 -5.2399 -0.207, -5.0971 -5.1791 -0.207, -5.0904 -5.118 -0.1969, -5.0668 -5.061 -0.1969, -5.0292 -5.0121 -0.1969, -4.9803 -4.9745 -0.1969, -4.9233 -4.9509 -0.1969, -4.8622 -4.9429 -0.1969, -4.8011 -4.9509 -0.1969, -4.7441 -4.9745 -0.1969, -4.6952 -5.0121 -0.1969, -4.6576 -5.061 -0.1969, -4.634 -5.118 -0.1969, -4.626 -5.1791 -0.1969, -4.634 -5.2402 -0.1969, -4.6576 -5.2972 -0.1969, -4.6952 -5.3461 -0.1969, -4.7441 -5.3837 -0.1969, -4.8011 -5.4073 -0.1969, -4.8622 -5.4153 -0.1969, -4.9233 -5.4073 -0.1969, -4.9803 -5.3837 -0.1969, -5.0292 -5.3461 -0.1969, -5.0668 -5.2972 -0.1969, -5.0904 -5.2402 -0.1969, -5.0984 -5.1791 -0.1969, 4.7684 -5.339 -0.2362, 4.7684 -5.0507 -0.2362, 4.7786 -5.0507 -0.2349, 4.7786 -5.339 -0.2349, 4.7881 -5.0507 -0.2309, 4.7881 -5.339 -0.2309, 4.7962 -5.0507 -0.2247, 4.7962 -5.339 -0.2247, 4.8025 -5.0507 -0.2165, 4.8025 -5.339 -0.2165, 4.8064 -5.0507 -0.207, 4.8064 -5.339 -0.207, 4.8078 -5.0507 -0.1969, 4.8078 -5.339 -0.1969, 4.7799 -5.355 -0.2309, 4.7743 -5.3473 -0.2349, 4.7761 -5.3456 -0.2349, 4.7982 -5.3647 -0.1969, 4.7913 -5.371 -0.1969, 4.7972 -5.3638 -0.207, 4.7905 -5.3699 -0.207, 4.7942 -5.3613 -0.2165, 4.7882 -5.3667 -0.2165, 4.7895 -5.3572 -0.2247, 4.7846 -5.3616 -0.2247, 4.7833 -5.3518 -0.2309, 4.8034 -5.357 -0.1969, 4.8022 -5.3564 -0.207, 4.7987 -5.3546 -0.2165, 4.7932 -5.3517 -0.2247, 4.7859 -5.348 -0.2309, 4.7775 -5.3436 -0.2349, 4.7783 -5.3414 -0.2349, 4.7875 -5.3436 -0.2309, 4.7955 -5.3455 -0.2247, 4.8015 -5.347 -0.2165, 4.8054 -5.3479 -0.207, 4.8067 -5.3482 -0.1969, 4.7783 -5.0483 -0.2349, 4.8067 -5.0415 -0.1969, 4.8054 -5.0418 -0.207, 4.8015 -5.0427 -0.2165, 4.7955 -5.0442 -0.2247, 4.7875 -5.0461 -0.2309, 4.8034 -5.0327 -0.1969, 4.8022 -5.0333 -0.207, 4.7987 -5.0351 -0.2165, 4.7932 -5.038 -0.2247, 4.7859 -5.0417 -0.2309, 4.7775 -5.0461 -0.2349, 4.7761 -5.0441 -0.2349, 4.7833 -5.0379 -0.2309, 4.7895 -5.0325 -0.2247, 4.7942 -5.0284 -0.2165, 4.7972 -5.0259 -0.207, 4.7982 -5.025 -0.1969, 4.7913 -5.0187 -0.1969, 4.7905 -5.0198 -0.207, 4.7882 -5.023 -0.2165, 4.7846 -5.0281 -0.2247, 4.7799 -5.0347 -0.2309, 4.7743 -5.0424 -0.2349, 4.5623 -5.339 -0.2362, 4.6009 -5.3599 -0.2362, 4.5564 -5.3473 -0.2349, 4.5972 -5.3694 -0.2349, 4.5509 -5.355 -0.2309, 4.5937 -5.3782 -0.2309, 4.5461 -5.3616 -0.2247, 4.5908 -5.3858 -0.2247, 4.5425 -5.3667 -0.2165, 4.5885 -5.3916 -0.2165, 4.5402 -5.3699 -0.207, 4.5871 -5.3953 -0.207, 4.5394 -5.371 -0.1969, 4.5866 -5.3965 -0.1969, 4.6434 -5.3707 -0.2362, 4.6422 -5.3808 -0.2349, 4.641 -5.3902 -0.2309, 4.64 -5.3983 -0.2247, 4.6392 -5.4045 -0.2165, 4.6387 -5.4084 -0.207, 4.6385 -5.4097 -0.1969, 4.6873 -5.3707 -0.2362, 4.6886 -5.3808 -0.2349, 4.6897 -5.3902 -0.2309, 4.6907 -5.3983 -0.2247, 4.6915 -5.4045 -0.2165, 4.692 -5.4084 -0.207, 4.6922 -5.4097 -0.1969, 4.7298 -5.3599 -0.2362, 4.7335 -5.3694 -0.2349, 4.737 -5.3782 -0.2309, 4.74 -5.3858 -0.2247, 4.7422 -5.3916 -0.2165, 4.7437 -5.3953 -0.207, 4.7442 -5.3965 -0.1969, 4.7298 -5.0298 -0.2362, 4.7335 -5.0203 -0.2349, 4.737 -5.0115 -0.2309, 4.74 -5.0039 -0.2247, 4.7422 -4.9981 -0.2165, 4.7437 -4.9944 -0.207, 4.7442 -4.9932 -0.1969, 4.6873 -5.0191 -0.2362, 4.6886 -5.0089 -0.2349, 4.6897 -4.9995 -0.2309, 4.6907 -4.9914 -0.2247, 4.6915 -4.9852 -0.2165, 4.692 -4.9813 -0.207, 4.6922 -4.98 -0.1969, 4.6434 -5.0191 -0.2362, 4.6422 -5.0089 -0.2349, 4.641 -4.9995 -0.2309, 4.64 -4.9914 -0.2247, 4.6392 -4.9852 -0.2165, 4.6387 -4.9813 -0.207, 4.6385 -4.98 -0.1969, 4.6009 -5.0298 -0.2362, 4.5972 -5.0203 -0.2349, 4.5937 -5.0115 -0.2309, 4.5908 -5.0039 -0.2247, 4.5885 -4.9981 -0.2165, 4.5871 -4.9944 -0.207, 4.5866 -4.9932 -0.1969, 4.5623 -5.0507 -0.2362, 4.5564 -5.0424 -0.2349, 4.5509 -5.0347 -0.2309, 4.5461 -5.0281 -0.2247, 4.5425 -5.023 -0.2165, 4.5402 -5.0198 -0.207, 4.5394 -5.0187 -0.1969, 4.5426 -5.339 -0.2309, 4.5521 -5.339 -0.2349, 4.5524 -5.3414 -0.2349, 4.5241 -5.3482 -0.1969, 4.5229 -5.339 -0.1969, 4.5254 -5.3479 -0.207, 4.5243 -5.339 -0.207, 4.5292 -5.347 -0.2165, 4.5282 -5.339 -0.2165, 4.5353 -5.3455 -0.2247, 4.5345 -5.339 -0.2247, 4.5432 -5.3436 -0.2309, 4.5273 -5.357 -0.1969, 4.5285 -5.3564 -0.207, 4.532 -5.3546 -0.2165, 4.5376 -5.3517 -0.2247, 4.5448 -5.348 -0.2309, 4.5533 -5.3436 -0.2349, 4.5546 -5.3456 -0.2349, 4.5474 -5.3518 -0.2309, 4.5413 -5.3572 -0.2247, 4.5365 -5.3613 -0.2165, 4.5335 -5.3638 -0.207, 4.5325 -5.3647 -0.1969, 4.5546 -5.0441 -0.2349, 4.5325 -5.025 -0.1969, 4.5335 -5.0259 -0.207, 4.5365 -5.0284 -0.2165, 4.5413 -5.0325 -0.2247, 4.5474 -5.0379 -0.2309, 4.5273 -5.0327 -0.1969, 4.5285 -5.0333 -0.207, 4.532 -5.0351 -0.2165, 4.5376 -5.038 -0.2247, 4.5448 -5.0417 -0.2309, 4.5533 -5.0461 -0.2349, 4.5524 -5.0483 -0.2349, 4.5432 -5.0461 -0.2309, 4.5353 -5.0442 -0.2247, 4.5292 -5.0427 -0.2165, 4.5254 -5.0418 -0.207, 4.5241 -5.0415 -0.1969, 4.5229 -5.0507 -0.1969, 4.5243 -5.0507 -0.207, 4.5282 -5.0507 -0.2165, 4.5345 -5.0507 -0.2247, 4.5426 -5.0507 -0.2309, 4.5521 -5.0507 -0.2349, 5.7087 -3.4154 0.0394, 5.2421 -3.4154 0.0394, 5.7087 -3.4154 -0.0, 5.2421 -3.4154 -0.0, 5.2421 -4.4475 0.0394, 5.2421 -4.4475 -0.0, 5.7087 -4.4475 0.0394, 5.7087 -4.4475 -0.0, -5.4331 -4.8562 -0.0, -5.4331 -4.8562 0.0394, -5.2657 -4.8562 -0.0, -4.895 -4.8562 0.0394, -4.895 -4.8562 -0.0, -4.895 -3.8139 -0.0, -4.895 -3.8139 0.0394, -5.2657 -3.8139 -0.0, -5.4331 -3.8139 0.0394, -5.4331 -3.8139 -0.0, -4.895 -4.6604 -0.0
            ]
        }
        coordIndex [
            0,1,2,-1,2,1,3,-1,2,3,4,-1,4,3,5,-1,4,5,6,-1,6,5,7,-1,6,7,8,-1,8,7,9,-1,8,9,10,-1,10,9,11,-1,10,11,12,-1,12,11,13,-1,12,13,14,-1,14,13,15,-1,14,15,16,-1,16,15,17,-1,16,17,18,-1,18,17,19,-1,18,19,20,-1,20,19,21,-1,20,21,22,-1,22,21,23,-1,22,23,24,-1,24,23,25,-1,24,25,26,-1,26,25,27,-1,26,27,28,-1,28,27,29,-1,28,29,30,-1,30,29,31,-1,30,31,32,-1,32,31,33,-1,32,33,34,-1,34,33,35,-1,34,35,36,-1,36,35,37,-1,36,37,38,-1,38,37,39,-1,38,39,40,-1,40,39,41,-1,40,41,42,-1,42,41,43,-1,42,43,44,-1,44,43,45,-1,44,45,46,-1,46,45,47,-1,46,47,0,-1,0,47,1,-1,47,48,1,-1,1,48,49,-1,1,49,3,-1,3,49,50,-1,3,50,5,-1,5,50,51,-1,5,51,7,-1,7,51,52,-1,7,52,9,-1,9,52,53,-1,9,53,11,-1,11,53,54,-1,11,54,13,-1,13,54,55,-1,13,55,15,-1,15,55,56,-1,15,56,17,-1,17,56,57,-1,17,57,19,-1,19,57,58,-1,19,58,21,-1,21,58,59,-1,21,59,23,-1,23,59,60,-1,23,60,25,-1,25,60,61,-1,25,61,27,-1,27,61,62,-1,27,62,29,-1,29,62,63,-1,29,63,31,-1,31,63,64,-1,31,64,33,-1,33,64,65,-1,33,65,35,-1,35,65,66,-1,35,66,37,-1,37,66,67,-1,37,67,39,-1,39,67,68,-1,39,68,41,-1,41,68,69,-1,41,69,43,-1,43,69,70,-1,43,70,45,-1,45,70,71,-1,45,71,47,-1,47,71,48,-1,71,72,48,-1,48,72,73,-1,48,73,49,-1,49,73,74,-1,49,74,50,-1,50,74,75,-1,50,75,51,-1,51,75,76,-1,51,76,52,-1,52,76,77,-1,52,77,53,-1,53,77,78,-1,53,78,54,-1,54,78,79,-1,54,79,55,-1,55,79,80,-1,55,80,56,-1,56,80,81,-1,56,81,57,-1,57,81,82,-1,57,82,58,-1,58,82,83,-1,58,83,59,-1,59,83,84,-1,59,84,60,-1,60,84,85,-1,60,85,61,-1,61,85,86,-1,61,86,62,-1,62,86,87,-1,62,87,63,-1,63,87,88,-1,63,88,64,-1,64,88,89,-1,64,89,65,-1,65,89,90,-1,65,90,66,-1,66,90,91,-1,66,91,67,-1,67,91,92,-1,67,92,68,-1,68,92,93,-1,68,93,69,-1,69,93,94,-1,69,94,70,-1,70,94,95,-1,70,95,71,-1,71,95,72,-1,95,96,72,-1,72,96,97,-1,72,97,73,-1,73,97,98,-1,73,98,74,-1,74,98,99,-1,74,99,75,-1,75,99,100,-1,75,100,76,-1,76,100,101,-1,76,101,77,-1,77,101,102,-1,77,102,78,-1,78,102,103,-1,78,103,79,-1,79,103,104,-1,79,104,80,-1,80,104,105,-1,80,105,81,-1,81,105,106,-1,81,106,82,-1,82,106,107,-1,82,107,83,-1,83,107,108,-1,83,108,84,-1,84,108,109,-1,84,109,85,-1,85,109,110,-1,85,110,86,-1,86,110,111,-1,86,111,87,-1,87,111,112,-1,87,112,88,-1,88,112,113,-1,88,113,89,-1,89,113,114,-1,89,114,90,-1,90,114,115,-1,90,115,91,-1,91,115,116,-1,91,116,92,-1,92,116,117,-1,92,117,93,-1,93,117,118,-1,93,118,94,-1,94,118,119,-1,94,119,95,-1,95,119,96,-1,119,120,96,-1,96,120,121,-1,96,121,97,-1,97,121,122,-1,97,122,98,-1,98,122,123,-1,98,123,99,-1,99,123,124,-1,99,124,100,-1,100,124,125,-1,100,125,101,-1,101,125,126,-1,101,126,102,-1,102,126,127,-1,102,127,103,-1,103,127,128,-1,103,128,104,-1,104,128,129,-1,104,129,105,-1,105,129,130,-1,105,130,106,-1,106,130,131,-1,106,131,107,-1,107,131,132,-1,107,132,108,-1,108,132,133,-1,108,133,109,-1,109,133,134,-1,109,134,110,-1,110,134,135,-1,110,135,111,-1,111,135,136,-1,111,136,112,-1,112,136,137,-1,112,137,113,-1,113,137,138,-1,113,138,114,-1,114,138,139,-1,114,139,115,-1,115,139,140,-1,115,140,116,-1,116,140,141,-1,116,141,117,-1,117,141,142,-1,117,142,118,-1,118,142,143,-1,118,143,119,-1,119,143,120,-1,143,144,120,-1,120,144,145,-1,120,145,121,-1,121,145,146,-1,121,146,122,-1,122,146,147,-1,122,147,123,-1,123,147,148,-1,123,148,124,-1,124,148,149,-1,124,149,125,-1,125,149,150,-1,125,150,126,-1,126,150,151,-1,126,151,127,-1,127,151,152,-1,127,152,128,-1,128,152,153,-1,128,153,129,-1,129,153,154,-1,129,154,130,-1,130,154,155,-1,130,155,131,-1,131,155,156,-1,131,156,132,-1,132,156,157,-1,132,157,133,-1,133,157,158,-1,133,158,134,-1,134,158,159,-1,134,159,135,-1,135,159,160,-1,135,160,136,-1,136,160,161,-1,136,161,137,-1,137,161,162,-1,137,162,138,-1,138,162,163,-1,138,163,139,-1,139,163,164,-1,139,164,140,-1,140,164,165,-1,140,165,141,-1,141,165,166,-1,141,166,142,-1,142,166,167,-1,142,167,143,-1,143,167,144,-1,168,169,170,-1,168,170,171,-1,171,170,172,-1,171,172,173,-1,173,172,174,-1,173,174,175,-1,175,174,176,-1,175,176,177,-1,177,176,178,-1,177,178,179,-1,179,178,180,-1,179,180,181,-1,182,183,184,-1,184,183,168,-1,185,186,187,-1,187,186,188,-1,187,188,189,-1,189,188,190,-1,189,190,191,-1,191,190,192,-1,191,192,193,-1,194,185,195,-1,195,185,187,-1,195,187,196,-1,196,187,189,-1,196,189,197,-1,197,189,191,-1,197,191,198,-1,198,191,193,-1,198,193,199,-1,199,200,198,-1,198,200,201,-1,198,201,197,-1,197,201,202,-1,197,202,196,-1,196,202,203,-1,196,203,195,-1,195,203,204,-1,195,204,194,-1,194,204,205,-1,181,205,179,-1,179,205,204,-1,179,204,177,-1,177,204,203,-1,177,203,175,-1,175,203,202,-1,175,202,173,-1,173,202,201,-1,173,201,171,-1,171,201,200,-1,171,200,168,-1,199,168,200,-1,192,182,193,-1,193,182,184,-1,193,184,199,-1,199,184,168,-1,172,170,206,-1,206,170,169,-1,207,180,208,-1,208,180,178,-1,208,178,209,-1,209,178,176,-1,209,176,210,-1,210,176,174,-1,210,174,211,-1,212,207,213,-1,213,207,208,-1,213,208,214,-1,214,208,209,-1,214,209,215,-1,215,209,210,-1,215,210,216,-1,216,210,211,-1,216,211,217,-1,217,218,216,-1,216,218,219,-1,216,219,215,-1,215,219,220,-1,215,220,214,-1,214,220,221,-1,214,221,213,-1,213,221,222,-1,213,222,212,-1,212,222,223,-1,224,223,225,-1,225,223,222,-1,225,222,226,-1,226,222,221,-1,226,221,227,-1,227,221,220,-1,227,220,228,-1,228,220,219,-1,228,219,229,-1,229,219,218,-1,229,218,169,-1,217,169,218,-1,174,172,211,-1,211,172,206,-1,211,206,217,-1,217,206,169,-1,230,231,232,-1,232,231,233,-1,232,233,234,-1,234,233,235,-1,234,235,236,-1,236,235,237,-1,236,237,238,-1,238,237,239,-1,238,239,240,-1,240,239,241,-1,240,241,242,-1,242,241,243,-1,231,244,233,-1,233,244,245,-1,233,245,235,-1,235,245,246,-1,235,246,237,-1,237,246,247,-1,237,247,239,-1,239,247,248,-1,239,248,241,-1,241,248,249,-1,241,249,243,-1,243,249,250,-1,244,251,245,-1,245,251,252,-1,245,252,246,-1,246,252,253,-1,246,253,247,-1,247,253,254,-1,247,254,248,-1,248,254,255,-1,248,255,249,-1,249,255,256,-1,249,256,250,-1,250,256,257,-1,251,258,252,-1,252,258,259,-1,252,259,253,-1,253,259,260,-1,253,260,254,-1,254,260,261,-1,254,261,255,-1,255,261,262,-1,255,262,256,-1,256,262,263,-1,256,263,257,-1,257,263,264,-1,258,168,259,-1,259,168,183,-1,259,183,260,-1,260,183,182,-1,260,182,261,-1,261,182,192,-1,261,192,262,-1,262,192,190,-1,262,190,263,-1,263,190,188,-1,263,188,264,-1,264,188,186,-1,169,265,229,-1,229,265,266,-1,229,266,228,-1,228,266,267,-1,228,267,227,-1,227,267,268,-1,227,268,226,-1,226,268,269,-1,226,269,225,-1,225,269,270,-1,225,270,224,-1,224,270,271,-1,265,272,266,-1,266,272,273,-1,266,273,267,-1,267,273,274,-1,267,274,268,-1,268,274,275,-1,268,275,269,-1,269,275,276,-1,269,276,270,-1,270,276,277,-1,270,277,271,-1,271,277,278,-1,272,279,273,-1,273,279,280,-1,273,280,274,-1,274,280,281,-1,274,281,275,-1,275,281,282,-1,275,282,276,-1,276,282,283,-1,276,283,277,-1,277,283,284,-1,277,284,278,-1,278,284,285,-1,279,286,280,-1,280,286,287,-1,280,287,281,-1,281,287,288,-1,281,288,282,-1,282,288,289,-1,282,289,283,-1,283,289,290,-1,283,290,284,-1,284,290,291,-1,284,291,285,-1,285,291,292,-1,286,293,287,-1,287,293,294,-1,287,294,288,-1,288,294,295,-1,288,295,289,-1,289,295,296,-1,289,296,290,-1,290,296,297,-1,290,297,291,-1,291,297,298,-1,291,298,292,-1,292,298,299,-1,300,301,302,-1,302,301,230,-1,303,304,305,-1,305,304,306,-1,305,306,307,-1,307,306,308,-1,307,308,309,-1,309,308,310,-1,309,310,311,-1,312,303,313,-1,313,303,305,-1,313,305,314,-1,314,305,307,-1,314,307,315,-1,315,307,309,-1,315,309,316,-1,316,309,311,-1,316,311,317,-1,317,318,316,-1,316,318,319,-1,316,319,315,-1,315,319,320,-1,315,320,314,-1,314,320,321,-1,314,321,313,-1,313,321,322,-1,313,322,312,-1,312,322,323,-1,242,323,240,-1,240,323,322,-1,240,322,238,-1,238,322,321,-1,238,321,236,-1,236,321,320,-1,236,320,234,-1,234,320,319,-1,234,319,232,-1,232,319,318,-1,232,318,230,-1,317,230,318,-1,310,300,311,-1,311,300,302,-1,311,302,317,-1,317,302,230,-1,295,294,324,-1,324,294,293,-1,325,299,326,-1,326,299,298,-1,326,298,327,-1,327,298,297,-1,327,297,328,-1,328,297,296,-1,328,296,329,-1,330,325,331,-1,331,325,326,-1,331,326,332,-1,332,326,327,-1,332,327,333,-1,333,327,328,-1,333,328,334,-1,334,328,329,-1,334,329,335,-1,335,336,334,-1,334,336,337,-1,334,337,333,-1,333,337,338,-1,333,338,332,-1,332,338,339,-1,332,339,331,-1,331,339,340,-1,331,340,330,-1,330,340,341,-1,342,341,343,-1,343,341,340,-1,343,340,344,-1,344,340,339,-1,344,339,345,-1,345,339,338,-1,345,338,346,-1,346,338,337,-1,346,337,347,-1,347,337,336,-1,347,336,293,-1,335,293,336,-1,296,295,329,-1,329,295,324,-1,329,324,335,-1,335,324,293,-1,293,230,301,-1,293,301,347,-1,347,301,300,-1,347,300,346,-1,346,300,310,-1,346,310,345,-1,345,310,308,-1,345,308,344,-1,344,308,306,-1,344,306,343,-1,343,306,304,-1,343,304,342,-1,348,349,350,-1,350,349,351,-1,349,352,351,-1,351,352,353,-1,352,354,353,-1,353,354,355,-1,352,349,354,-1,354,349,348,-1,356,357,358,-1,358,357,359,-1,358,359,360,-1,361,362,363,-1,363,362,364,-1,363,364,365,-1,362,359,364,-1,364,359,357,-1,360,359,366,-1,366,359,362,-1,366,362,361,-1,
        ]
    }
}
Shape{
    appearance Appearance {
        material  Material {
            diffuseColor 1.0 1.0 1.0
            specularColor 0.5019607843137255 0.5019607843137255 0.5019607843137255
            ambientIntensity 1.0
            transparency 0.0
            shininess 0.5
        }
    }
    geometry IndexedFaceSet {
        ccw TRUE
        solid FALSE
        coord DEF co Coordinate {
            point [
                -0.276 0.0366 0.0004, -0.3528 -0.1603 0.0004, -0.276 0.0366 -0.0, -0.3528 -0.1603 -0.0, -0.324 -0.1603 0.0004, -0.324 -0.1603 -0.0, -0.3041 -0.105 0.0004, -0.3041 -0.105 -0.0, -0.2228 -0.105 0.0004, -0.2228 -0.105 -0.0, -0.204 -0.1603 0.0004, -0.204 -0.1603 -0.0, -0.1752 -0.1603 0.0004, -0.1752 -0.1603 -0.0, -0.2496 0.0366 0.0004, -0.2496 0.0366 -0.0, -0.2294 -0.0834 0.0004, -0.2952 -0.0834 0.0004, -0.2588 -0.0012 0.0004, -0.2607 0.0056 0.0004, -0.2619 0.0126 0.0004, -0.2626 0.0126 0.0004, -0.2638 0.0056 0.0004, -0.2656 -0.0012 0.0004, -0.2294 -0.0834 -0.0, -0.2952 -0.0834 -0.0, -0.2588 -0.0012 -0.0, -0.2607 0.0056 -0.0, -0.2619 0.0126 -0.0, -0.2626 0.0126 -0.0, -0.2638 0.0056 -0.0, -0.2656 -0.0012 -0.0, -0.0558 -0.1603 0.0004, -0.0023 -0.1603 0.0004, -0.0558 -0.1603 -0.0, -0.0023 -0.1603 -0.0, -0.0023 0.0366 0.0004, -0.0023 0.0366 -0.0, -0.0579 0.0366 0.0004, -0.0579 0.0366 -0.0, -0.1608 -0.0594 0.0004, -0.1608 -0.0594 -0.0, -0.1593 -0.0408 -0.0, -0.1593 -0.0408 0.0004, -0.154 -0.0214 -0.0, -0.154 -0.0214 0.0004, -0.1449 -0.0045 -0.0, -0.1449 -0.0045 0.0004, -0.131 0.0109 -0.0, -0.131 0.0109 0.0004, -0.1308 0.0111 -0.0, -0.1308 0.0111 0.0004, -0.1093 0.0255 -0.0, -0.1093 0.0255 0.0004, -0.0863 0.0336 -0.0, -0.0863 0.0336 0.0004, -0.0802 -0.1581 -0.0, -0.0802 -0.1581 0.0004, -0.1029 -0.1514 -0.0, -0.1029 -0.1514 0.0004, -0.1234 -0.1394 -0.0, -0.1234 -0.1394 0.0004, -0.1396 -0.1239 -0.0, -0.1396 -0.1239 0.0004, -0.1509 -0.1063 -0.0, -0.1509 -0.1063 0.0004, -0.158 -0.0857 -0.0, -0.158 -0.0857 0.0004, -0.1212 -0.0126 0.0004, -0.1117 -0.0025 0.0004, -0.0973 0.0068 0.0004, -0.0811 0.0125 0.0004, -0.0578 0.015 0.0004, -0.0287 0.015 0.0004, -0.0287 -0.1387 0.0004, -0.0567 -0.1387 0.0004, -0.0774 -0.1367 0.0004, -0.094 -0.1315 0.0004, -0.1074 -0.1236 0.0004, -0.1185 -0.1127 0.0004, -0.1268 -0.0991 0.0004, -0.1325 -0.0806 0.0004, -0.1344 -0.0599 0.0004, -0.1327 -0.0403 0.0004, -0.1281 -0.0248 0.0004, -0.0578 0.015 -0.0, -0.0287 0.015 -0.0, -0.0811 0.0125 -0.0, -0.0973 0.0068 -0.0, -0.1117 -0.0025 -0.0, -0.1212 -0.0126 -0.0, -0.1281 -0.0248 -0.0, -0.1327 -0.0403 -0.0, -0.1344 -0.0599 -0.0, -0.1325 -0.0806 -0.0, -0.1268 -0.0991 -0.0, -0.1185 -0.1127 -0.0, -0.1074 -0.1236 -0.0, -0.094 -0.1315 -0.0, -0.0774 -0.1367 -0.0, -0.0567 -0.1387 -0.0, -0.0287 -0.1387 -0.0, 0.0361 -0.1387 0.0004, 0.0361 -0.1603 0.0004, 0.0361 -0.1387 -0.0, 0.0361 -0.1603 -0.0, 0.1417 -0.1603 0.0004, 0.1417 -0.1603 -0.0, 0.1417 0.0366 0.0004, 0.1417 0.0366 -0.0, 0.0409 0.0366 0.0004, 0.0409 0.0366 -0.0, 0.0409 0.015 0.0004, 0.0409 0.015 -0.0, 0.1153 0.015 0.0004, 0.1153 0.015 -0.0, 0.1153 -0.0498 0.0004, 0.1153 -0.0498 -0.0, 0.0457 -0.0498 0.0004, 0.0457 -0.0498 -0.0, 0.0457 -0.0714 0.0004, 0.0457 -0.0714 -0.0, 0.1153 -0.0714 0.0004, 0.1153 -0.0714 -0.0, 0.1153 -0.1387 0.0004, 0.1153 -0.1387 -0.0, 0.1801 -0.1284 0.0004, 0.1801 -0.1501 0.0004, 0.1801 -0.1284 -0.0, 0.1801 -0.1501 -0.0, 0.2343 -0.1627 0.0004, 0.2343 -0.1627 -0.0, 0.2289 -0.1626 -0.0, 0.1836 -0.1515 -0.0, 0.2011 -0.1587 0.0004, 0.2289 -0.1626 0.0004, 0.221 -0.1615 -0.0, 0.2011 -0.1587 -0.0, 0.2459 -0.1615 -0.0, 0.2586 -0.1601 0.0004, 0.2586 -0.1601 -0.0, 0.2776 -0.1536 0.0004, 0.2776 -0.1536 -0.0, 0.2935 -0.1435 0.0004, 0.2935 -0.1435 -0.0, 0.3083 -0.1279 0.0004, 0.3083 -0.1279 -0.0, 0.3187 -0.1092 0.0004, 0.3187 -0.1092 -0.0, 0.3247 -0.0883 0.0004, 0.3247 -0.0883 -0.0, 0.3266 -0.0655 0.0004, 0.3266 -0.0655 -0.0, 0.2265 0.039 0.0004, 0.2265 0.039 -0.0, 0.2462 0.0374 -0.0, 0.2462 0.0374 0.0004, 0.2682 0.031 -0.0, 0.2682 0.031 0.0004, 0.2869 0.0202 -0.0, 0.2869 0.0202 0.0004, 0.3046 0.0031 -0.0, 0.3046 0.0031 0.0004, 0.3162 -0.0153 -0.0, 0.3162 -0.0153 0.0004, 0.3237 -0.0376 -0.0, 0.3237 -0.0376 0.0004, 0.2029 0.0374 0.0004, 0.1801 0.0312 0.0004, 0.1801 0.0312 -0.0, 0.1836 0.0321 -0.0, 0.2029 0.0374 -0.0, 0.1801 0.0048 0.0004, 0.1801 0.0048 -0.0, 0.1836 0.0063 -0.0, 0.2023 0.0143 0.0004, 0.2023 0.0143 -0.0, 0.2262 0.0174 0.0004, 0.2262 0.0174 -0.0, 0.3002 -0.0639 0.0004, 0.3002 -0.0639 -0.0, 0.2992 -0.0486 -0.0, 0.2992 -0.0486 0.0004, 0.294 -0.0275 -0.0, 0.294 -0.0275 0.0004, 0.2859 -0.0123 -0.0, 0.2859 -0.0123 0.0004, 0.274 0.0008 -0.0, 0.274 0.0008 0.0004, 0.2603 0.0099 -0.0, 0.2603 0.0099 0.0004, 0.2456 0.0152 -0.0, 0.2456 0.0152 0.0004, 0.2307 -0.1411 0.0004, 0.2307 -0.1411 -0.0, 0.249 -0.139 -0.0, 0.249 -0.139 0.0004, 0.2634 -0.1337 -0.0, 0.2634 -0.1337 0.0004, 0.2754 -0.1256 -0.0, 0.2754 -0.1256 0.0004, 0.2847 -0.1158 -0.0, 0.2847 -0.1158 0.0004, 0.2928 -0.1022 -0.0, 0.2928 -0.1022 0.0004, 0.2982 -0.0852 -0.0, 0.2982 -0.0852 0.0004, 0.1836 -0.1304 -0.0, 0.1837 -0.1304 0.0004, 0.1837 -0.1304 -0.0, 0.2045 -0.1382 -0.0, 0.2045 -0.1382 0.0004, 0.3434 -0.1387 0.0004, 0.3434 -0.1603 0.0004, 0.3434 -0.1387 -0.0, 0.3434 -0.1603 -0.0, 0.4442 -0.1603 0.0004, 0.4442 -0.1603 -0.0, 0.4442 0.0366 0.0004, 0.4442 0.0366 -0.0, 0.4178 0.0366 0.0004, 0.4178 0.0366 -0.0, 0.4178 -0.1387 0.0004, 0.4178 -0.1387 -0.0
            ]
        }
        coordIndex [
            0,1,2,-1,2,1,3,-1,1,4,3,-1,3,4,5,-1,4,6,5,-1,5,6,7,-1,6,8,7,-1,7,8,9,-1,8,10,9,-1,9,10,11,-1,10,12,11,-1,11,12,13,-1,12,14,13,-1,13,14,15,-1,14,0,15,-1,15,0,2,-1,16,8,17,-1,17,8,6,-1,18,14,16,-1,16,14,12,-1,16,12,8,-1,8,12,10,-1,18,19,14,-1,14,19,20,-1,14,20,0,-1,0,20,21,-1,0,21,22,-1,22,23,0,-1,0,23,17,-1,0,17,1,-1,1,17,6,-1,1,6,4,-1,16,17,24,-1,24,17,25,-1,18,16,26,-1,26,16,24,-1,18,26,27,-1,18,27,19,-1,19,27,28,-1,19,28,20,-1,21,20,29,-1,29,20,28,-1,21,29,30,-1,21,30,22,-1,22,30,31,-1,22,31,23,-1,17,23,25,-1,25,23,31,-1,32,33,34,-1,34,33,35,-1,33,36,35,-1,35,36,37,-1,36,38,37,-1,37,38,39,-1,40,41,42,-1,40,42,43,-1,43,42,44,-1,43,44,45,-1,45,44,46,-1,45,46,47,-1,47,46,48,-1,47,48,49,-1,49,48,50,-1,49,50,51,-1,51,50,52,-1,51,52,53,-1,53,52,54,-1,53,54,55,-1,55,54,39,-1,55,39,38,-1,32,34,56,-1,32,56,57,-1,57,56,58,-1,57,58,59,-1,59,58,60,-1,59,60,61,-1,61,60,62,-1,61,62,63,-1,63,62,64,-1,63,64,65,-1,65,64,66,-1,65,66,67,-1,67,66,41,-1,67,41,40,-1,45,47,68,-1,68,47,49,-1,68,49,69,-1,69,49,51,-1,69,51,70,-1,70,51,53,-1,70,53,71,-1,71,53,55,-1,71,55,72,-1,72,55,38,-1,72,38,73,-1,73,38,36,-1,73,36,74,-1,74,36,33,-1,74,33,75,-1,75,33,32,-1,75,32,76,-1,76,32,57,-1,76,57,77,-1,77,57,59,-1,77,59,78,-1,78,59,61,-1,78,61,79,-1,79,61,63,-1,79,63,80,-1,80,63,65,-1,80,65,81,-1,81,65,67,-1,81,67,82,-1,82,67,40,-1,82,40,83,-1,83,40,43,-1,83,43,84,-1,84,43,45,-1,84,45,68,-1,72,73,85,-1,85,73,86,-1,72,85,87,-1,72,87,71,-1,71,87,88,-1,71,88,70,-1,70,88,89,-1,70,89,69,-1,69,89,90,-1,69,90,68,-1,68,90,91,-1,68,91,84,-1,84,91,92,-1,84,92,83,-1,83,92,93,-1,83,93,82,-1,82,93,94,-1,82,94,81,-1,81,94,95,-1,81,95,80,-1,80,95,96,-1,80,96,79,-1,79,96,97,-1,79,97,78,-1,78,97,98,-1,78,98,77,-1,77,98,99,-1,77,99,76,-1,76,99,100,-1,76,100,75,-1,74,75,101,-1,101,75,100,-1,73,74,86,-1,86,74,101,-1,102,103,104,-1,104,103,105,-1,103,106,105,-1,105,106,107,-1,106,108,107,-1,107,108,109,-1,108,110,109,-1,109,110,111,-1,110,112,111,-1,111,112,113,-1,112,114,113,-1,113,114,115,-1,114,116,115,-1,115,116,117,-1,116,118,117,-1,117,118,119,-1,118,120,119,-1,119,120,121,-1,120,122,121,-1,121,122,123,-1,122,124,123,-1,123,124,125,-1,124,102,125,-1,125,102,104,-1,106,103,102,-1,102,124,106,-1,106,124,122,-1,106,122,108,-1,112,110,114,-1,114,110,108,-1,114,108,116,-1,116,108,122,-1,116,122,118,-1,118,122,120,-1,126,127,128,-1,128,127,129,-1,130,131,132,-1,129,127,133,-1,133,127,134,-1,130,132,135,-1,135,132,136,-1,135,136,134,-1,134,136,137,-1,134,137,133,-1,131,130,138,-1,138,130,139,-1,138,139,140,-1,140,139,141,-1,140,141,142,-1,142,141,143,-1,142,143,144,-1,144,143,145,-1,144,145,146,-1,146,145,147,-1,146,147,148,-1,148,147,149,-1,148,149,150,-1,150,149,151,-1,150,151,152,-1,153,154,155,-1,153,155,156,-1,156,155,157,-1,156,157,158,-1,158,157,159,-1,158,159,160,-1,160,159,161,-1,160,161,162,-1,162,161,163,-1,162,163,164,-1,164,163,165,-1,164,165,166,-1,166,165,152,-1,166,152,151,-1,154,153,167,-1,168,169,170,-1,168,170,167,-1,167,170,171,-1,167,171,154,-1,168,172,169,-1,169,172,173,-1,173,172,174,-1,174,172,175,-1,174,175,176,-1,176,175,177,-1,176,177,178,-1,179,180,181,-1,179,181,182,-1,182,181,183,-1,182,183,184,-1,184,183,185,-1,184,185,186,-1,186,185,187,-1,186,187,188,-1,188,187,189,-1,188,189,190,-1,190,189,191,-1,190,191,192,-1,192,191,178,-1,192,178,177,-1,193,194,195,-1,193,195,196,-1,196,195,197,-1,196,197,198,-1,198,197,199,-1,198,199,200,-1,200,199,201,-1,200,201,202,-1,202,201,203,-1,202,203,204,-1,204,203,205,-1,204,205,206,-1,206,205,180,-1,206,180,179,-1,128,207,126,-1,126,207,208,-1,207,209,208,-1,208,209,210,-1,208,210,211,-1,211,210,194,-1,211,194,193,-1,196,130,193,-1,193,130,135,-1,193,135,211,-1,211,135,134,-1,211,134,208,-1,208,134,127,-1,208,127,126,-1,172,168,175,-1,175,168,167,-1,175,167,177,-1,177,167,153,-1,177,153,192,-1,192,153,156,-1,192,156,190,-1,190,156,158,-1,190,158,188,-1,188,158,160,-1,188,160,186,-1,186,160,162,-1,186,162,184,-1,184,162,164,-1,184,164,182,-1,182,164,166,-1,182,166,179,-1,179,166,151,-1,179,151,206,-1,206,151,149,-1,206,149,204,-1,204,149,147,-1,204,147,202,-1,202,147,145,-1,202,145,200,-1,200,145,143,-1,200,143,198,-1,198,143,141,-1,198,141,196,-1,196,141,139,-1,196,139,130,-1,212,213,214,-1,214,213,215,-1,213,216,215,-1,215,216,217,-1,216,218,217,-1,217,218,219,-1,218,220,219,-1,219,220,221,-1,220,222,221,-1,221,222,223,-1,222,212,223,-1,223,212,214,-1,220,218,222,-1,222,218,216,-1,222,216,212,-1,212,216,213,-1,
        ]
    }
}
Shape{
    appearance Appearance {
        material  Material {
            diffuseColor 0.2980392156862745 0.2980392156862745 0.2980392156862745
            specularColor 0.09019607843137255 0.09019607843137255 0.09019607843137255
            ambientIntensity 0.298
            transparency 0.0
            shininess 0.5
        }
    }
    geometry IndexedFaceSet {
        ccw TRUE
        solid FALSE
        coord DEF co Coordinate {
            point [
                -0.2294 -0.0834 -0.0, -0.2952 -0.0834 -0.0, -0.2588 -0.0012 -0.0, -0.2656 -0.0012 -0.0, -0.2607 0.0056 -0.0, -0.2638 0.0056 -0.0, -0.2619 0.0126 -0.0, -0.2626 0.0126 -0.0, -0.0287 0.015 -0.0, -0.0287 -0.1387 -0.0, -0.0578 0.015 -0.0, -0.0567 -0.1387 -0.0, -0.0774 -0.1367 -0.0, -0.1344 -0.0599 -0.0, -0.1327 -0.0403 -0.0, -0.1281 -0.0248 -0.0, -0.0811 0.0125 -0.0, -0.094 -0.1315 -0.0, -0.1074 -0.1236 -0.0, -0.1185 -0.1127 -0.0, -0.1268 -0.0991 -0.0, -0.1325 -0.0806 -0.0, -0.1212 -0.0126 -0.0, -0.1117 -0.0025 -0.0, -0.0973 0.0068 -0.0, -4.8425 -7.0256 1.1024, -5.1575 -7.3405 1.1024, -4.8425 -7.0256 0.1969, -5.1575 -7.3405 0.1969, -4.5669 -7.3405 0.1969, -4.5669 -7.3405 -0.0, -4.252 -7.0256 0.1969, -4.3533 -7.1269 -0.0, -4.252 -7.0256 -0.0, 4.8425 -7.3405 1.1024, 4.5276 -7.0256 1.1024, 4.8425 -7.3405 0.1969, 4.5276 -7.0256 0.1969, 4.1732 -7.0256 0.1969, 4.1732 -7.0256 -0.0, 4.1836 -7.0359 -0.0, 4.3434 -7.1957 0.1969, 4.4882 -7.3405 -0.0, 4.4882 -7.3405 0.1969, 4.8467 -1.1671 -0.0, 4.8467 -1.1671 0.1181, 4.8428 -1.138 -0.0, 4.8428 -1.138 0.1181, 4.8316 -1.1109 -0.0, 4.8316 -1.1109 0.1181, 4.8137 -1.0876 -0.0, 4.8137 -1.0876 0.1181, 4.7904 -1.0697 -0.0, 4.7904 -1.0697 0.1181, 4.7633 -1.0585 -0.0, 4.7633 -1.0585 0.1181, 4.7342 -1.0546 -0.0, 4.7342 -1.0546 0.1181, 4.7051 -1.0585 -0.0, 4.7051 -1.0585 0.1181, 4.6779 -1.0697 -0.0, 4.6779 -1.0697 0.1181, 4.6547 -1.0876 -0.0, 4.6547 -1.0876 0.1181, 4.6368 -1.1109 -0.0, 4.6368 -1.1109 0.1181, 4.6255 -1.138 -0.0, 4.6255 -1.138 0.1181, 4.6227 -1.1592 -0.0, 4.6217 -1.1671 0.1181, 4.6217 -1.1671 -0.0, 4.6217 -4.2654 0.1181, 4.6217 -4.2654 -0.0, 4.8467 -4.2654 0.1181, 4.8467 -4.2654 -0.0, 4.8428 -4.2946 0.1181, 4.8428 -4.2946 -0.0, 4.8316 -4.3217 0.1181, 4.8316 -4.3217 -0.0, 4.8137 -4.345 0.1181, 4.8137 -4.345 -0.0, 4.7904 -4.3629 0.1181, 4.7904 -4.3629 -0.0, 4.7633 -4.3741 0.1181, 4.7633 -4.3741 -0.0, 4.7342 -4.3779 0.1181, 4.7342 -4.3779 -0.0, 4.7051 -4.3741 0.1181, 4.7051 -4.3741 -0.0, 4.6779 -4.3629 0.1181, 4.6779 -4.3629 -0.0, 4.6547 -4.345 0.1181, 4.6547 -4.345 -0.0, 4.6368 -4.3217 0.1181, 4.6368 -4.3217 -0.0, 4.6255 -4.2946 0.1181, 4.6227 -4.2733 -0.0, 4.6255 -4.2946 -0.0
            ]
        }
        coordIndex [
            0,1,2,-1,2,1,3,-1,2,3,4,-1,4,3,5,-1,4,5,6,-1,6,5,7,-1,8,9,10,-1,10,9,11,-1,10,11,12,-1,13,14,10,-1,10,14,15,-1,10,15,16,-1,12,17,10,-1,10,17,18,-1,10,18,19,-1,19,20,10,-1,10,20,21,-1,10,21,13,-1,22,23,15,-1,15,23,24,-1,15,24,16,-1,25,26,27,-1,27,26,28,-1,29,30,31,-1,31,30,32,-1,31,32,33,-1,34,35,36,-1,36,35,37,-1,38,39,40,-1,38,40,41,-1,41,40,42,-1,41,42,43,-1,44,45,46,-1,46,45,47,-1,46,47,48,-1,48,47,49,-1,48,49,50,-1,50,49,51,-1,50,51,52,-1,52,51,53,-1,52,53,54,-1,54,53,55,-1,54,55,56,-1,56,55,57,-1,56,57,58,-1,58,57,59,-1,58,59,60,-1,60,59,61,-1,60,61,62,-1,62,61,63,-1,62,63,64,-1,64,63,65,-1,64,65,66,-1,66,65,67,-1,66,67,68,-1,68,67,69,-1,68,69,70,-1,69,71,70,-1,70,71,72,-1,73,74,75,-1,75,74,76,-1,75,76,77,-1,77,76,78,-1,77,78,79,-1,79,78,80,-1,79,80,81,-1,81,80,82,-1,81,82,83,-1,83,82,84,-1,83,84,85,-1,85,84,86,-1,85,86,87,-1,87,86,88,-1,87,88,89,-1,89,88,90,-1,89,90,91,-1,91,90,92,-1,91,92,93,-1,93,92,94,-1,93,94,95,-1,72,71,96,-1,96,71,95,-1,96,95,97,-1,97,95,94,-1,73,45,74,-1,74,45,44,-1,93,73,91,-1,91,73,75,-1,75,77,91,-1,91,77,79,-1,91,79,89,-1,89,79,87,-1,67,53,69,-1,69,53,51,-1,69,51,49,-1,93,95,73,-1,73,95,71,-1,73,71,45,-1,45,71,69,-1,45,69,47,-1,47,69,49,-1,87,79,85,-1,85,79,81,-1,85,81,83,-1,57,63,59,-1,59,63,61,-1,67,65,53,-1,53,65,63,-1,53,63,55,-1,55,63,57,-1,
        ]
    }
}